{"batch_index": 0, "budget_used": 8, "completed_records": 8, "event": "evaluation_batch_committed", "name": "E038_stage_a_F_greedy", "total_records": 256}
{"batch_index": 1, "budget_used": 16, "completed_records": 16, "event": "evaluation_batch_committed", "name": "E038_stage_a_F_greedy", "total_records": 256}
{"batch_index": 2, "budget_used": 24, "completed_records": 24, "event": "evaluation_batch_committed", "name": "E038_stage_a_F_greedy", "total_records": 256}
{"batch_index": 3, "budget_used": 32, "completed_records": 32, "event": "evaluation_batch_committed", "name": "E038_stage_a_F_greedy", "total_records": 256}
{"batch_index": 4, "budget_used": 40, "completed_records": 40, "event": "evaluation_batch_committed", "name": "E038_stage_a_F_greedy", "total_records": 256}
{"batch_index": 5, "budget_used": 48, "completed_records": 48, "event": "evaluation_batch_committed", "name": "E038_stage_a_F_greedy", "total_records": 256}
{"batch_index": 6, "budget_used": 56, "completed_records": 56, "event": "evaluation_batch_committed", "name": "E038_stage_a_F_greedy", "total_records": 256}
{"batch_index": 7, "budget_used": 64, "completed_records": 64, "event": "evaluation_batch_committed", "name": "E038_stage_a_F_greedy", "total_records": 256}
{"batch_index": 8, "budget_used": 72, "completed_records": 72, "event": "evaluation_batch_committed", "name": "E038_stage_a_F_greedy", "total_records": 256}
{"batch_index": 9, "budget_used": 80, "completed_records": 80, "event": "evaluation_batch_committed", "name": "E038_stage_a_F_greedy", "total_records": 256}
{"batch_index": 10, "budget_used": 88, "completed_records": 88, "event": "evaluation_batch_committed", "name": "E038_stage_a_F_greedy", "total_records": 256}
{"batch_index": 11, "budget_used": 96, "completed_records": 96, "event": "evaluation_batch_committed", "name": "E038_stage_a_F_greedy", "total_records": 256}
{"batch_index": 12, "budget_used": 104, "completed_records": 104, "event": "evaluation_batch_committed", "name": "E038_stage_a_F_greedy", "total_records": 256}
{"batch_index": 13, "budget_used": 112, "completed_records": 112, "event": "evaluation_batch_committed", "name": "E038_stage_a_F_greedy", "total_records": 256}
{"batch_index": 14, "budget_used": 120, "completed_records": 120, "event": "evaluation_batch_committed", "name": "E038_stage_a_F_greedy", "total_records": 256}
{"batch_index": 15, "budget_used": 128, "completed_records": 128, "event": "evaluation_batch_committed", "name": "E038_stage_a_F_greedy", "total_records": 256}
{"batch_index": 16, "budget_used": 136, "completed_records": 136, "event": "evaluation_batch_committed", "name": "E038_stage_a_F_greedy", "total_records": 256}
{"batch_index": 17, "budget_used": 144, "completed_records": 144, "event": "evaluation_batch_committed", "name": "E038_stage_a_F_greedy", "total_records": 256}
{"batch_index": 18, "budget_used": 152, "completed_records": 152, "event": "evaluation_batch_committed", "name": "E038_stage_a_F_greedy", "total_records": 256}
{"batch_index": 19, "budget_used": 160, "completed_records": 160, "event": "evaluation_batch_committed", "name": "E038_stage_a_F_greedy", "total_records": 256}
{"batch_index": 20, "budget_used": 168, "completed_records": 168, "event": "evaluation_batch_committed", "name": "E038_stage_a_F_greedy", "total_records": 256}
{"batch_index": 21, "budget_used": 176, "completed_records": 176, "event": "evaluation_batch_committed", "name": "E038_stage_a_F_greedy", "total_records": 256}
{"batch_index": 22, "budget_used": 184, "completed_records": 184, "event": "evaluation_batch_committed", "name": "E038_stage_a_F_greedy", "total_records": 256}
{"batch_index": 23, "budget_used": 192, "completed_records": 192, "event": "evaluation_batch_committed", "name": "E038_stage_a_F_greedy", "total_records": 256}
{"batch_index": 24, "budget_used": 200, "completed_records": 200, "event": "evaluation_batch_committed", "name": "E038_stage_a_F_greedy", "total_records": 256}
{"batch_index": 25, "budget_used": 208, "completed_records": 208, "event": "evaluation_batch_committed", "name": "E038_stage_a_F_greedy", "total_records": 256}
{"batch_index": 26, "budget_used": 216, "completed_records": 216, "event": "evaluation_batch_committed", "name": "E038_stage_a_F_greedy", "total_records": 256}
{"batch_index": 27, "budget_used": 224, "completed_records": 224, "event": "evaluation_batch_committed", "name": "E038_stage_a_F_greedy", "total_records": 256}
{"batch_index": 28, "budget_used": 232, "completed_records": 232, "event": "evaluation_batch_committed", "name": "E038_stage_a_F_greedy", "total_records": 256}
{"batch_index": 29, "budget_used": 240, "completed_records": 240, "event": "evaluation_batch_committed", "name": "E038_stage_a_F_greedy", "total_records": 256}
{"batch_index": 30, "budget_used": 248, "completed_records": 248, "event": "evaluation_batch_committed", "name": "E038_stage_a_F_greedy", "total_records": 256}
{"batch_index": 31, "budget_used": 256, "completed_records": 256, "event": "evaluation_batch_committed", "name": "E038_stage_a_F_greedy", "total_records": 256}
{"batch_index": 0, "budget_used": 264, "completed_records": 8, "event": "evaluation_batch_committed", "name": "E038_stage_a_H_greedy", "total_records": 64}
{"batch_index": 1, "budget_used": 272, "completed_records": 16, "event": "evaluation_batch_committed", "name": "E038_stage_a_H_greedy", "total_records": 64}
{"batch_index": 2, "budget_used": 280, "completed_records": 24, "event": "evaluation_batch_committed", "name": "E038_stage_a_H_greedy", "total_records": 64}
{"batch_index": 3, "budget_used": 288, "completed_records": 32, "event": "evaluation_batch_committed", "name": "E038_stage_a_H_greedy", "total_records": 64}
{"batch_index": 4, "budget_used": 296, "completed_records": 40, "event": "evaluation_batch_committed", "name": "E038_stage_a_H_greedy", "total_records": 64}
{"batch_index": 5, "budget_used": 304, "completed_records": 48, "event": "evaluation_batch_committed", "name": "E038_stage_a_H_greedy", "total_records": 64}
{"batch_index": 6, "budget_used": 312, "completed_records": 56, "event": "evaluation_batch_committed", "name": "E038_stage_a_H_greedy", "total_records": 64}
{"batch_index": 7, "budget_used": 320, "completed_records": 64, "event": "evaluation_batch_committed", "name": "E038_stage_a_H_greedy", "total_records": 64}
{"batch_index": 0, "budget_used": 328, "completed_records": 8, "event": "evaluation_batch_committed", "name": "E039_stage_a_F_greedy", "total_records": 256}
{"batch_index": 1, "budget_used": 336, "completed_records": 16, "event": "evaluation_batch_committed", "name": "E039_stage_a_F_greedy", "total_records": 256}
{"batch_index": 2, "budget_used": 344, "completed_records": 24, "event": "evaluation_batch_committed", "name": "E039_stage_a_F_greedy", "total_records": 256}
{"batch_index": 3, "budget_used": 352, "completed_records": 32, "event": "evaluation_batch_committed", "name": "E039_stage_a_F_greedy", "total_records": 256}
{"batch_index": 4, "budget_used": 360, "completed_records": 40, "event": "evaluation_batch_committed", "name": "E039_stage_a_F_greedy", "total_records": 256}
{"batch_index": 5, "budget_used": 368, "completed_records": 48, "event": "evaluation_batch_committed", "name": "E039_stage_a_F_greedy", "total_records": 256}
{"batch_index": 6, "budget_used": 376, "completed_records": 56, "event": "evaluation_batch_committed", "name": "E039_stage_a_F_greedy", "total_records": 256}
{"batch_index": 7, "budget_used": 384, "completed_records": 64, "event": "evaluation_batch_committed", "name": "E039_stage_a_F_greedy", "total_records": 256}
{"batch_index": 8, "budget_used": 392, "completed_records": 72, "event": "evaluation_batch_committed", "name": "E039_stage_a_F_greedy", "total_records": 256}
{"batch_index": 9, "budget_used": 400, "completed_records": 80, "event": "evaluation_batch_committed", "name": "E039_stage_a_F_greedy", "total_records": 256}
{"batch_index": 10, "budget_used": 408, "completed_records": 88, "event": "evaluation_batch_committed", "name": "E039_stage_a_F_greedy", "total_records": 256}
{"batch_index": 11, "budget_used": 416, "completed_records": 96, "event": "evaluation_batch_committed", "name": "E039_stage_a_F_greedy", "total_records": 256}
{"batch_index": 12, "budget_used": 424, "completed_records": 104, "event": "evaluation_batch_committed", "name": "E039_stage_a_F_greedy", "total_records": 256}
{"batch_index": 13, "budget_used": 432, "completed_records": 112, "event": "evaluation_batch_committed", "name": "E039_stage_a_F_greedy", "total_records": 256}
{"batch_index": 14, "budget_used": 440, "completed_records": 120, "event": "evaluation_batch_committed", "name": "E039_stage_a_F_greedy", "total_records": 256}
{"batch_index": 15, "budget_used": 448, "completed_records": 128, "event": "evaluation_batch_committed", "name": "E039_stage_a_F_greedy", "total_records": 256}
{"batch_index": 16, "budget_used": 456, "completed_records": 136, "event": "evaluation_batch_committed", "name": "E039_stage_a_F_greedy", "total_records": 256}
{"batch_index": 17, "budget_used": 464, "completed_records": 144, "event": "evaluation_batch_committed", "name": "E039_stage_a_F_greedy", "total_records": 256}
{"batch_index": 18, "budget_used": 472, "completed_records": 152, "event": "evaluation_batch_committed", "name": "E039_stage_a_F_greedy", "total_records": 256}
{"batch_index": 19, "budget_used": 480, "completed_records": 160, "event": "evaluation_batch_committed", "name": "E039_stage_a_F_greedy", "total_records": 256}
{"batch_index": 20, "budget_used": 488, "completed_records": 168, "event": "evaluation_batch_committed", "name": "E039_stage_a_F_greedy", "total_records": 256}
{"batch_index": 21, "budget_used": 496, "completed_records": 176, "event": "evaluation_batch_committed", "name": "E039_stage_a_F_greedy", "total_records": 256}
{"batch_index": 22, "budget_used": 504, "completed_records": 184, "event": "evaluation_batch_committed", "name": "E039_stage_a_F_greedy", "total_records": 256}
{"batch_index": 23, "budget_used": 512, "completed_records": 192, "event": "evaluation_batch_committed", "name": "E039_stage_a_F_greedy", "total_records": 256}
{"batch_index": 24, "budget_used": 520, "completed_records": 200, "event": "evaluation_batch_committed", "name": "E039_stage_a_F_greedy", "total_records": 256}
{"batch_index": 25, "budget_used": 528, "completed_records": 208, "event": "evaluation_batch_committed", "name": "E039_stage_a_F_greedy", "total_records": 256}
{"batch_index": 26, "budget_used": 536, "completed_records": 216, "event": "evaluation_batch_committed", "name": "E039_stage_a_F_greedy", "total_records": 256}
{"batch_index": 27, "budget_used": 544, "completed_records": 224, "event": "evaluation_batch_committed", "name": "E039_stage_a_F_greedy", "total_records": 256}
{"batch_index": 28, "budget_used": 552, "completed_records": 232, "event": "evaluation_batch_committed", "name": "E039_stage_a_F_greedy", "total_records": 256}
{"batch_index": 29, "budget_used": 560, "completed_records": 240, "event": "evaluation_batch_committed", "name": "E039_stage_a_F_greedy", "total_records": 256}
{"batch_index": 30, "budget_used": 568, "completed_records": 248, "event": "evaluation_batch_committed", "name": "E039_stage_a_F_greedy", "total_records": 256}
{"batch_index": 31, "budget_used": 576, "completed_records": 256, "event": "evaluation_batch_committed", "name": "E039_stage_a_F_greedy", "total_records": 256}
{"batch_index": 0, "budget_used": 584, "completed_records": 8, "event": "evaluation_batch_committed", "name": "E039_stage_a_H_greedy", "total_records": 64}
{"batch_index": 1, "budget_used": 592, "completed_records": 16, "event": "evaluation_batch_committed", "name": "E039_stage_a_H_greedy", "total_records": 64}
{"batch_index": 2, "budget_used": 600, "completed_records": 24, "event": "evaluation_batch_committed", "name": "E039_stage_a_H_greedy", "total_records": 64}
{"batch_index": 3, "budget_used": 608, "completed_records": 32, "event": "evaluation_batch_committed", "name": "E039_stage_a_H_greedy", "total_records": 64}
{"batch_index": 4, "budget_used": 616, "completed_records": 40, "event": "evaluation_batch_committed", "name": "E039_stage_a_H_greedy", "total_records": 64}
{"batch_index": 5, "budget_used": 624, "completed_records": 48, "event": "evaluation_batch_committed", "name": "E039_stage_a_H_greedy", "total_records": 64}
{"batch_index": 6, "budget_used": 632, "completed_records": 56, "event": "evaluation_batch_committed", "name": "E039_stage_a_H_greedy", "total_records": 64}
{"batch_index": 7, "budget_used": 640, "completed_records": 64, "event": "evaluation_batch_committed", "name": "E039_stage_a_H_greedy", "total_records": 64}
{"step": 1, "row_indices": [367, 717, 185, 938, 28, 529, 49, 542, 23, 788, 125, 769, 453, 758, 92, 572], "learning_rate": 6.25e-06, "response_nll": 0.04815981624415144, "objective_loss": 0.04815981624415144, "unweighted_response_nll": 0.04815981624415144, "objective": "U", "raw_supervised_denominator": 1024, "weight_mass": 1024.0, "gradient_norm": 0.357830673456192, "supervised_tokens": 1024, "processed_tokens": 2201, "seconds": 2.188437607139349, "peak_memory_bytes": 10215196160, "segment_file": "segment_582c2f92fbad4c72a03102e0a20748cd.jsonl", "segment_line": 0}
{"step": 16, "row_indices": [299, 827, 80, 791, 130, 734, 404, 652, 145, 884, 255, 710, 121, 701, 270, 766], "learning_rate": 4.9562952014676115e-05, "response_nll": 0.04941354533338728, "objective_loss": 0.04941354533338728, "unweighted_response_nll": 0.04941354533338728, "objective": "U", "raw_supervised_denominator": 1052, "weight_mass": 1052.0, "gradient_norm": 0.2805901765823364, "supervised_tokens": 1052, "processed_tokens": 2223, "seconds": 2.060486350208521, "peak_memory_bytes": 10366561280, "segment_file": "segment_582c2f92fbad4c72a03102e0a20748cd.jsonl", "segment_line": 15}
{"step": 32, "row_indices": [138, 830, 189, 850, 293, 554, 484, 805, 511, 773, 478, 1017, 203, 518, 204, 975], "learning_rate": 4.618033988749895e-05, "response_nll": 0.06485661248385498, "objective_loss": 0.06485661248385498, "unweighted_response_nll": 0.06485661248385498, "objective": "U", "raw_supervised_denominator": 1021, "weight_mass": 1021.0, "gradient_norm": 0.49725961685180664, "supervised_tokens": 1021, "processed_tokens": 2186, "seconds": 2.102069489657879, "peak_memory_bytes": 10366561280, "segment_file": "segment_3a2d46d4d7e54111aee09604b272f839.jsonl", "segment_line": 15}
{"step": 48, "row_indices": [288, 1021, 317, 673, 10, 753, 248, 674, 460, 848, 38, 630, 132, 959, 457, 625], "learning_rate": 4e-05, "response_nll": 0.04527914473470652, "objective_loss": 0.04527914473470652, "unweighted_response_nll": 0.04527914473470652, "objective": "U", "raw_supervised_denominator": 1060, "weight_mass": 1060.0, "gradient_norm": 0.32048729062080383, "supervised_tokens": 1060, "processed_tokens": 2229, "seconds": 2.110089961439371, "peak_memory_bytes": 10366561280, "segment_file": "segment_33a22ca8b8954359a5d092001c8b0069.jsonl", "segment_line": 15}
{"step": 64, "row_indices": [392, 702, 89, 534, 148, 567, 187, 768, 491, 904, 155, 620, 413, 999, 424, 1005], "learning_rate": 3.209056926535307e-05, "response_nll": 0.050253039072371594, "objective_loss": 0.050253039072371594, "unweighted_response_nll": 0.050253039072371594, "objective": "U", "raw_supervised_denominator": 1031, "weight_mass": 1031.0, "gradient_norm": 0.4136171042919159, "supervised_tokens": 1031, "processed_tokens": 2195, "seconds": 2.202020328491926, "peak_memory_bytes": 10366561280, "segment_file": "segment_bc6cf1fe4d8749ba952a1297b4388349.jsonl", "segment_line": 15}
{"batch_index": 0, "budget_used": 648, "completed_records": 8, "event": "evaluation_batch_committed", "name": "S-U_midpoint_F_greedy", "total_records": 16}
{"batch_index": 1, "budget_used": 656, "completed_records": 16, "event": "evaluation_batch_committed", "name": "S-U_midpoint_F_greedy", "total_records": 16}
{"batch_index": 0, "budget_used": 664, "completed_records": 8, "event": "evaluation_batch_committed", "name": "S-U_midpoint_H_greedy", "total_records": 16}
{"batch_index": 1, "budget_used": 672, "completed_records": 16, "event": "evaluation_batch_committed", "name": "S-U_midpoint_H_greedy", "total_records": 16}
{"step": 80, "row_indices": [48, 691, 120, 645, 106, 1004, 228, 961, 342, 769, 332, 978, 1, 538, 151, 753], "learning_rate": 2.3819660112501055e-05, "response_nll": 0.03731397040499659, "objective_loss": 0.03731397040499659, "unweighted_response_nll": 0.03731397040499659, "objective": "U", "raw_supervised_denominator": 1029, "weight_mass": 1029.0, "gradient_norm": 0.37597137689590454, "supervised_tokens": 1029, "processed_tokens": 2203, "seconds": 2.3708053901791573, "peak_memory_bytes": 10366561280, "segment_file": "segment_328819ee81b545cdadf2cb4d609f909a.jsonl", "segment_line": 15}
{"step": 96, "row_indices": [420, 876, 364, 744, 134, 565, 23, 680, 185, 759, 53, 953, 470, 590, 235, 843], "learning_rate": 1.6617387872822843e-05, "response_nll": 0.04331190135490381, "objective_loss": 0.04331190135490381, "unweighted_response_nll": 0.04331190135490381, "objective": "U", "raw_supervised_denominator": 1045, "weight_mass": 1045.0, "gradient_norm": 0.6865921020507812, "supervised_tokens": 1045, "processed_tokens": 2219, "seconds": 2.1091900542378426, "peak_memory_bytes": 10366561280, "segment_file": "segment_5c113eb008f04daa9617e773658462a8.jsonl", "segment_line": 15}
{"step": 112, "row_indices": [251, 704, 222, 707, 13, 722, 398, 610, 142, 601, 181, 1008, 188, 1011, 308, 597], "learning_rate": 1.1729090847147981e-05, "response_nll": 0.04132230326705918, "objective_loss": 0.04132230326705918, "unweighted_response_nll": 0.04132230326705918, "objective": "U", "raw_supervised_denominator": 1036, "weight_mass": 1036.0, "gradient_norm": 0.4288322627544403, "supervised_tokens": 1036, "processed_tokens": 2201, "seconds": 2.1255322694778442, "peak_memory_bytes": 10366561280, "segment_file": "segment_243b5b4be7a94eb7932c6982cb08fc9e.jsonl", "segment_line": 15}
{"step": 128, "row_indices": [281, 642, 322, 714, 153, 624, 461, 968, 247, 995, 321, 854, 44, 741, 87, 790], "learning_rate": 1e-05, "response_nll": 0.03482649979683069, "objective_loss": 0.03482649979683069, "unweighted_response_nll": 0.03482649979683069, "objective": "U", "raw_supervised_denominator": 1040, "weight_mass": 1040.0, "gradient_norm": 0.5182657241821289, "supervised_tokens": 1040, "processed_tokens": 2212, "seconds": 2.1687971837818623, "peak_memory_bytes": 10366561280, "segment_file": "segment_ac1f20d9619e472e8a676246426b8011.jsonl", "segment_line": 15}
{"step": 1, "row_indices": [367, 717, 185, 938, 28, 529, 49, 542, 23, 788, 125, 769, 453, 758, 92, 572], "learning_rate": 6.25e-06, "response_nll": 0.053694967180490494, "objective_loss": 0.053694967180490494, "unweighted_response_nll": 0.04815981624415144, "objective": "D", "raw_supervised_denominator": 1024, "weight_mass": 1024.0, "gradient_norm": 0.505044162273407, "supervised_tokens": 1024, "processed_tokens": 2201, "seconds": 2.1977640949189663, "peak_memory_bytes": 10366561280, "segment_file": "segment_45f83188b89a4de3826c67f20fab7c9c.jsonl", "segment_line": 0}
{"step": 16, "row_indices": [299, 827, 80, 791, 130, 734, 404, 652, 145, 884, 255, 710, 121, 701, 270, 766], "learning_rate": 4.9562952014676115e-05, "response_nll": 0.07389844631060902, "objective_loss": 0.07389844631060902, "unweighted_response_nll": 0.0495414145205864, "objective": "D", "raw_supervised_denominator": 1052, "weight_mass": 1052.0, "gradient_norm": 0.7472581267356873, "supervised_tokens": 1052, "processed_tokens": 2223, "seconds": 2.0707990005612373, "peak_memory_bytes": 10411536896, "segment_file": "segment_45f83188b89a4de3826c67f20fab7c9c.jsonl", "segment_line": 15}
{"step": 32, "row_indices": [138, 830, 189, 850, 293, 554, 484, 805, 511, 773, 478, 1017, 203, 518, 204, 975], "learning_rate": 4.618033988749895e-05, "response_nll": 0.08340964833389417, "objective_loss": 0.08340964833389417, "unweighted_response_nll": 0.06044217830306753, "objective": "D", "raw_supervised_denominator": 1021, "weight_mass": 1021.0, "gradient_norm": 0.6535059213638306, "supervised_tokens": 1021, "processed_tokens": 2186, "seconds": 2.1198431849479675, "peak_memory_bytes": 10411536896, "segment_file": "segment_a4e10310fafb44c4a75aab7cbc3eba5f.jsonl", "segment_line": 15}
{"step": 48, "row_indices": [288, 1021, 317, 673, 10, 753, 248, 674, 460, 848, 38, 630, 132, 959, 457, 625], "learning_rate": 4e-05, "response_nll": 0.05259897174700251, "objective_loss": 0.05259897174700251, "unweighted_response_nll": 0.04642272006790593, "objective": "D", "raw_supervised_denominator": 1060, "weight_mass": 1060.0, "gradient_norm": 0.39132773876190186, "supervised_tokens": 1060, "processed_tokens": 2229, "seconds": 2.14846009016037, "peak_memory_bytes": 10411536896, "segment_file": "segment_6bb7ac6d96334d6eaab38e0fdb436d11.jsonl", "segment_line": 15}
{"step": 64, "row_indices": [392, 702, 89, 534, 148, 567, 187, 768, 491, 904, 155, 620, 413, 999, 424, 1005], "learning_rate": 3.209056926535307e-05, "response_nll": 0.0629862024296151, "objective_loss": 0.0629862024296151, "unweighted_response_nll": 0.04884262014429738, "objective": "D", "raw_supervised_denominator": 1031, "weight_mass": 1031.0, "gradient_norm": 0.4728575348854065, "supervised_tokens": 1031, "processed_tokens": 2195, "seconds": 2.1774688363075256, "peak_memory_bytes": 10411536896, "segment_file": "segment_dc586e4ca10749ddb153b4ac02cf6902.jsonl", "segment_line": 15}
{"batch_index": 0, "budget_used": 680, "completed_records": 8, "event": "evaluation_batch_committed", "name": "S-D_midpoint_F_greedy", "total_records": 16}
{"batch_index": 1, "budget_used": 688, "completed_records": 16, "event": "evaluation_batch_committed", "name": "S-D_midpoint_F_greedy", "total_records": 16}
{"batch_index": 0, "budget_used": 696, "completed_records": 8, "event": "evaluation_batch_committed", "name": "S-D_midpoint_H_greedy", "total_records": 16}
{"batch_index": 1, "budget_used": 704, "completed_records": 16, "event": "evaluation_batch_committed", "name": "S-D_midpoint_H_greedy", "total_records": 16}
{"step": 80, "row_indices": [48, 691, 120, 645, 106, 1004, 228, 961, 342, 769, 332, 978, 1, 538, 151, 753], "learning_rate": 2.3819660112501055e-05, "response_nll": 0.04465724601689998, "objective_loss": 0.04465724601689998, "unweighted_response_nll": 0.03842038171052701, "objective": "D", "raw_supervised_denominator": 1029, "weight_mass": 1029.0, "gradient_norm": 0.5848246812820435, "supervised_tokens": 1029, "processed_tokens": 2203, "seconds": 2.137905102223158, "peak_memory_bytes": 10411536896, "segment_file": "segment_0531334a3d6f43fcae84033d21f366b6.jsonl", "segment_line": 15}
{"step": 96, "row_indices": [420, 876, 364, 744, 134, 565, 23, 680, 185, 759, 53, 953, 470, 590, 235, 843], "learning_rate": 1.6617387872822843e-05, "response_nll": 0.06218722551062917, "objective_loss": 0.06218722551062917, "unweighted_response_nll": 0.04585873139531989, "objective": "D", "raw_supervised_denominator": 1045, "weight_mass": 1045.0, "gradient_norm": 1.3843778371810913, "supervised_tokens": 1045, "processed_tokens": 2219, "seconds": 2.322087984532118, "peak_memory_bytes": 10411536896, "segment_file": "segment_fb9c5a46a8214d569390678c87dfbe55.jsonl", "segment_line": 15}
{"step": 112, "row_indices": [251, 704, 222, 707, 13, 722, 398, 610, 142, 601, 181, 1008, 188, 1011, 308, 597], "learning_rate": 1.1729090847147981e-05, "response_nll": 0.04711604129853856, "objective_loss": 0.04711604129853856, "unweighted_response_nll": 0.04419573301514143, "objective": "D", "raw_supervised_denominator": 1036, "weight_mass": 1036.0, "gradient_norm": 0.5312463045120239, "supervised_tokens": 1036, "processed_tokens": 2201, "seconds": 2.097647737711668, "peak_memory_bytes": 10411536896, "segment_file": "segment_c10d59c1a1b242e88e3c74587be272b4.jsonl", "segment_line": 15}
{"step": 128, "row_indices": [281, 642, 322, 714, 153, 624, 461, 968, 247, 995, 321, 854, 44, 741, 87, 790], "learning_rate": 1e-05, "response_nll": 0.042043423566680685, "objective_loss": 0.042043423566680685, "unweighted_response_nll": 0.03806327968262709, "objective": "D", "raw_supervised_denominator": 1040, "weight_mass": 1040.0, "gradient_norm": 0.7491061687469482, "supervised_tokens": 1040, "processed_tokens": 2212, "seconds": 2.157013665884733, "peak_memory_bytes": 10411536896, "segment_file": "segment_1ee004fb7c67469b8d04e409816b250f.jsonl", "segment_line": 15}
{"step": 1, "row_indices": [367, 717, 185, 938, 28, 529, 49, 542, 23, 788, 125, 769, 453, 758, 92, 572], "learning_rate": 6.25e-06, "response_nll": 0.049282833369063216, "objective_loss": 0.049282833369063216, "unweighted_response_nll": 0.049282833369063216, "objective": "U", "raw_supervised_denominator": 1029, "weight_mass": 1029.0, "gradient_norm": 0.35909080505371094, "supervised_tokens": 1029, "processed_tokens": 2206, "seconds": 2.2063344344496727, "peak_memory_bytes": 10411536896, "segment_file": "segment_f3e14cf47c644186979ea60c128415c5.jsonl", "segment_line": 0}
{"step": 16, "row_indices": [299, 827, 80, 791, 130, 734, 404, 652, 145, 884, 255, 710, 121, 701, 270, 766], "learning_rate": 4.9562952014676115e-05, "response_nll": 0.05615111256280326, "objective_loss": 0.05615111256280326, "unweighted_response_nll": 0.05615111256280326, "objective": "U", "raw_supervised_denominator": 1052, "weight_mass": 1052.0, "gradient_norm": 0.3057316541671753, "supervised_tokens": 1052, "processed_tokens": 2223, "seconds": 2.1923276744782925, "peak_memory_bytes": 10411536896, "segment_file": "segment_f3e14cf47c644186979ea60c128415c5.jsonl", "segment_line": 15}
{"step": 32, "row_indices": [138, 830, 189, 850, 293, 554, 484, 805, 511, 773, 478, 1017, 203, 518, 204, 975], "learning_rate": 4.618033988749895e-05, "response_nll": 0.05901516925809899, "objective_loss": 0.05901516925809899, "unweighted_response_nll": 0.05901516925809899, "objective": "U", "raw_supervised_denominator": 1021, "weight_mass": 1021.0, "gradient_norm": 0.3361436426639557, "supervised_tokens": 1021, "processed_tokens": 2186, "seconds": 2.2168190591037273, "peak_memory_bytes": 10411536896, "segment_file": "segment_d63d7cae9b4e4360a52c674be694dd5b.jsonl", "segment_line": 15}
{"step": 48, "row_indices": [288, 1021, 317, 673, 10, 753, 248, 674, 460, 848, 38, 630, 132, 959, 457, 625], "learning_rate": 4e-05, "response_nll": 0.049995631317560525, "objective_loss": 0.049995631317560525, "unweighted_response_nll": 0.049995631317560525, "objective": "U", "raw_supervised_denominator": 1058, "weight_mass": 1058.0, "gradient_norm": 0.3016106188297272, "supervised_tokens": 1058, "processed_tokens": 2227, "seconds": 2.197342999279499, "peak_memory_bytes": 10411536896, "segment_file": "segment_ba12764e74fe4651b69a023fe93bbff7.jsonl", "segment_line": 15}
{"step": 64, "row_indices": [392, 702, 89, 534, 148, 567, 187, 768, 491, 904, 155, 620, 413, 999, 424, 1005], "learning_rate": 3.209056926535307e-05, "response_nll": 0.05120083055412804, "objective_loss": 0.05120083055412804, "unweighted_response_nll": 0.05120083055412804, "objective": "U", "raw_supervised_denominator": 1029, "weight_mass": 1029.0, "gradient_norm": 0.33691272139549255, "supervised_tokens": 1029, "processed_tokens": 2193, "seconds": 2.239918891340494, "peak_memory_bytes": 10411536896, "segment_file": "segment_209783bfec6142d691966711aa5e2ba2.jsonl", "segment_line": 15}
{"batch_index": 0, "budget_used": 712, "completed_records": 8, "event": "evaluation_batch_committed", "name": "P-U_midpoint_F_greedy", "total_records": 16}
{"batch_index": 1, "budget_used": 720, "completed_records": 16, "event": "evaluation_batch_committed", "name": "P-U_midpoint_F_greedy", "total_records": 16}
{"batch_index": 0, "budget_used": 728, "completed_records": 8, "event": "evaluation_batch_committed", "name": "P-U_midpoint_H_greedy", "total_records": 16}
{"batch_index": 1, "budget_used": 736, "completed_records": 16, "event": "evaluation_batch_committed", "name": "P-U_midpoint_H_greedy", "total_records": 16}
{"step": 80, "row_indices": [48, 691, 120, 645, 106, 1004, 228, 961, 342, 769, 332, 978, 1, 538, 151, 753], "learning_rate": 2.3819660112501055e-05, "response_nll": 0.041944171825042634, "objective_loss": 0.041944171825042634, "unweighted_response_nll": 0.041944171825042634, "objective": "U", "raw_supervised_denominator": 1031, "weight_mass": 1031.0, "gradient_norm": 0.43701329827308655, "supervised_tokens": 1031, "processed_tokens": 2205, "seconds": 2.1677081026136875, "peak_memory_bytes": 10411536896, "segment_file": "segment_a72ae76ba487449a92d92f3c2af6fe8c.jsonl", "segment_line": 15}
{"step": 96, "row_indices": [420, 876, 364, 744, 134, 565, 23, 680, 185, 759, 53, 953, 470, 590, 235, 843], "learning_rate": 1.6617387872822843e-05, "response_nll": 0.046624974341424395, "objective_loss": 0.046624974341424395, "unweighted_response_nll": 0.046624974341424395, "objective": "U", "raw_supervised_denominator": 1047, "weight_mass": 1047.0, "gradient_norm": 0.5806152820587158, "supervised_tokens": 1047, "processed_tokens": 2221, "seconds": 2.1860428750514984, "peak_memory_bytes": 10411536896, "segment_file": "segment_58019b3ca5af4108b9e32d6257268f43.jsonl", "segment_line": 15}
{"step": 112, "row_indices": [251, 704, 222, 707, 13, 722, 398, 610, 142, 601, 181, 1008, 188, 1011, 308, 597], "learning_rate": 1.1729090847147981e-05, "response_nll": 0.047078743116735954, "objective_loss": 0.047078743116735954, "unweighted_response_nll": 0.047078743116735954, "objective": "U", "raw_supervised_denominator": 1036, "weight_mass": 1036.0, "gradient_norm": 0.4444863200187683, "supervised_tokens": 1036, "processed_tokens": 2201, "seconds": 2.1666101440787315, "peak_memory_bytes": 10411536896, "segment_file": "segment_6f3c0a9d15e14024a2393fa326ab1071.jsonl", "segment_line": 15}
{"step": 128, "row_indices": [281, 642, 322, 714, 153, 624, 461, 968, 247, 995, 321, 854, 44, 741, 87, 790], "learning_rate": 1e-05, "response_nll": 0.0415864921855284, "objective_loss": 0.0415864921855284, "unweighted_response_nll": 0.0415864921855284, "objective": "U", "raw_supervised_denominator": 1039, "weight_mass": 1039.0, "gradient_norm": 0.4776623845100403, "supervised_tokens": 1039, "processed_tokens": 2211, "seconds": 2.092723026871681, "peak_memory_bytes": 10411536896, "segment_file": "segment_91419cc3e4154f8db7d4c38efa3bf5f8.jsonl", "segment_line": 15}
{"step": 1, "row_indices": [367, 717, 185, 938, 28, 529, 49, 542, 23, 788, 125, 769, 453, 758, 92, 572], "learning_rate": 6.25e-06, "response_nll": 0.05992893105693183, "objective_loss": 0.05992893105693183, "unweighted_response_nll": 0.049282833369063216, "objective": "D", "raw_supervised_denominator": 1029, "weight_mass": 1029.0, "gradient_norm": 0.581741452217102, "supervised_tokens": 1029, "processed_tokens": 2206, "seconds": 2.1868471913039684, "peak_memory_bytes": 10411536896, "segment_file": "segment_d4745f65bc534a4595dbc64824c40bdd.jsonl", "segment_line": 0}
{"step": 16, "row_indices": [299, 827, 80, 791, 130, 734, 404, 652, 145, 884, 255, 710, 121, 701, 270, 766], "learning_rate": 4.9562952014676115e-05, "response_nll": 0.09263922982342797, "objective_loss": 0.09263922982342797, "unweighted_response_nll": 0.057024075957758796, "objective": "D", "raw_supervised_denominator": 1052, "weight_mass": 1052.0, "gradient_norm": 0.5904996395111084, "supervised_tokens": 1052, "processed_tokens": 2223, "seconds": 2.308808796107769, "peak_memory_bytes": 10411536896, "segment_file": "segment_d4745f65bc534a4595dbc64824c40bdd.jsonl", "segment_line": 15}
{"step": 32, "row_indices": [138, 830, 189, 850, 293, 554, 484, 805, 511, 773, 478, 1017, 203, 518, 204, 975], "learning_rate": 4.618033988749895e-05, "response_nll": 0.07774379904893657, "objective_loss": 0.07774379904893657, "unweighted_response_nll": 0.0596761357305566, "objective": "D", "raw_supervised_denominator": 1021, "weight_mass": 1021.0, "gradient_norm": 0.6363082528114319, "supervised_tokens": 1021, "processed_tokens": 2186, "seconds": 2.1681133210659027, "peak_memory_bytes": 10411536896, "segment_file": "segment_ed9573e211dd46d0b7dcd12e1ec826f4.jsonl", "segment_line": 15}
{"step": 48, "row_indices": [288, 1021, 317, 673, 10, 753, 248, 674, 460, 848, 38, 630, 132, 959, 457, 625], "learning_rate": 4e-05, "response_nll": 0.06776271706943476, "objective_loss": 0.06776271706943476, "unweighted_response_nll": 0.05176611647488715, "objective": "D", "raw_supervised_denominator": 1058, "weight_mass": 1058.0, "gradient_norm": 0.39304909110069275, "supervised_tokens": 1058, "processed_tokens": 2227, "seconds": 2.177027363330126, "peak_memory_bytes": 10411536896, "segment_file": "segment_df5a4b7761104bf6a5763028724b9d1a.jsonl", "segment_line": 15}
{"step": 64, "row_indices": [392, 702, 89, 534, 148, 567, 187, 768, 491, 904, 155, 620, 413, 999, 424, 1005], "learning_rate": 3.209056926535307e-05, "response_nll": 0.07611159217137521, "objective_loss": 0.07611159217137521, "unweighted_response_nll": 0.052173534333995526, "objective": "D", "raw_supervised_denominator": 1029, "weight_mass": 1029.0, "gradient_norm": 0.6003991365432739, "supervised_tokens": 1029, "processed_tokens": 2193, "seconds": 2.1848037652671337, "peak_memory_bytes": 10411536896, "segment_file": "segment_d7a5ae3ca84c4757a7159b30b4c06b8e.jsonl", "segment_line": 15}
{"batch_index": 0, "budget_used": 744, "completed_records": 8, "event": "evaluation_batch_committed", "name": "P-D_midpoint_F_greedy", "total_records": 16}
{"batch_index": 1, "budget_used": 752, "completed_records": 16, "event": "evaluation_batch_committed", "name": "P-D_midpoint_F_greedy", "total_records": 16}
{"batch_index": 0, "budget_used": 760, "completed_records": 8, "event": "evaluation_batch_committed", "name": "P-D_midpoint_H_greedy", "total_records": 16}
{"batch_index": 1, "budget_used": 768, "completed_records": 16, "event": "evaluation_batch_committed", "name": "P-D_midpoint_H_greedy", "total_records": 16}
{"step": 80, "row_indices": [48, 691, 120, 645, 106, 1004, 228, 961, 342, 769, 332, 978, 1, 538, 151, 753], "learning_rate": 2.3819660112501055e-05, "response_nll": 0.06610562498423801, "objective_loss": 0.06610562498423801, "unweighted_response_nll": 0.04595740435773256, "objective": "D", "raw_supervised_denominator": 1031, "weight_mass": 1031.0, "gradient_norm": 0.6626639366149902, "supervised_tokens": 1031, "processed_tokens": 2205, "seconds": 2.17966702952981, "peak_memory_bytes": 10411536896, "segment_file": "segment_a76601b975804847a926116ceccd0495.jsonl", "segment_line": 15}
{"step": 96, "row_indices": [420, 876, 364, 744, 134, 565, 23, 680, 185, 759, 53, 953, 470, 590, 235, 843], "learning_rate": 1.6617387872822843e-05, "response_nll": 0.072251584491165, "objective_loss": 0.072251584491165, "unweighted_response_nll": 0.05237795698608573, "objective": "D", "raw_supervised_denominator": 1047, "weight_mass": 1047.0, "gradient_norm": 0.7221540212631226, "supervised_tokens": 1047, "processed_tokens": 2221, "seconds": 2.1367388740181923, "peak_memory_bytes": 10411536896, "segment_file": "segment_3c89e6c9ed8b48f7965b37e96cf4c2aa.jsonl", "segment_line": 15}
{"step": 112, "row_indices": [251, 704, 222, 707, 13, 722, 398, 610, 142, 601, 181, 1008, 188, 1011, 308, 597], "learning_rate": 1.1729090847147981e-05, "response_nll": 0.0693698712412455, "objective_loss": 0.0693698712412455, "unweighted_response_nll": 0.05129475765016549, "objective": "D", "raw_supervised_denominator": 1036, "weight_mass": 1036.0, "gradient_norm": 0.6380077004432678, "supervised_tokens": 1036, "processed_tokens": 2201, "seconds": 2.248849105089903, "peak_memory_bytes": 10411536896, "segment_file": "segment_b1b748024b23420782caa03b0f26f25c.jsonl", "segment_line": 15}
{"step": 128, "row_indices": [281, 642, 322, 714, 153, 624, 461, 968, 247, 995, 321, 854, 44, 741, 87, 790], "learning_rate": 1e-05, "response_nll": 0.07460919369632402, "objective_loss": 0.07460919369632402, "unweighted_response_nll": 0.046719339171548205, "objective": "D", "raw_supervised_denominator": 1039, "weight_mass": 1039.0, "gradient_norm": 0.8997194766998291, "supervised_tokens": 1039, "processed_tokens": 2211, "seconds": 2.195254873484373, "peak_memory_bytes": 10411536896, "segment_file": "segment_a10ef1436ad34339b9d3cff03f779668.jsonl", "segment_line": 15}
{"batch_index": 0, "budget_used": 776, "completed_records": 8, "event": "evaluation_batch_committed", "name": "S-U_endpoint_F_greedy", "total_records": 64}
{"batch_index": 1, "budget_used": 784, "completed_records": 16, "event": "evaluation_batch_committed", "name": "S-U_endpoint_F_greedy", "total_records": 64}
{"batch_index": 2, "budget_used": 792, "completed_records": 24, "event": "evaluation_batch_committed", "name": "S-U_endpoint_F_greedy", "total_records": 64}
{"batch_index": 3, "budget_used": 800, "completed_records": 32, "event": "evaluation_batch_committed", "name": "S-U_endpoint_F_greedy", "total_records": 64}
{"batch_index": 4, "budget_used": 808, "completed_records": 40, "event": "evaluation_batch_committed", "name": "S-U_endpoint_F_greedy", "total_records": 64}
{"batch_index": 5, "budget_used": 816, "completed_records": 48, "event": "evaluation_batch_committed", "name": "S-U_endpoint_F_greedy", "total_records": 64}
{"batch_index": 6, "budget_used": 824, "completed_records": 56, "event": "evaluation_batch_committed", "name": "S-U_endpoint_F_greedy", "total_records": 64}
{"batch_index": 7, "budget_used": 832, "completed_records": 64, "event": "evaluation_batch_committed", "name": "S-U_endpoint_F_greedy", "total_records": 64}
{"batch_index": 0, "budget_used": 840, "completed_records": 8, "event": "evaluation_batch_committed", "name": "S-U_endpoint_H_greedy", "total_records": 64}
{"batch_index": 1, "budget_used": 848, "completed_records": 16, "event": "evaluation_batch_committed", "name": "S-U_endpoint_H_greedy", "total_records": 64}
{"batch_index": 2, "budget_used": 856, "completed_records": 24, "event": "evaluation_batch_committed", "name": "S-U_endpoint_H_greedy", "total_records": 64}
{"batch_index": 3, "budget_used": 864, "completed_records": 32, "event": "evaluation_batch_committed", "name": "S-U_endpoint_H_greedy", "total_records": 64}
{"batch_index": 4, "budget_used": 872, "completed_records": 40, "event": "evaluation_batch_committed", "name": "S-U_endpoint_H_greedy", "total_records": 64}
{"batch_index": 5, "budget_used": 880, "completed_records": 48, "event": "evaluation_batch_committed", "name": "S-U_endpoint_H_greedy", "total_records": 64}
{"batch_index": 6, "budget_used": 888, "completed_records": 56, "event": "evaluation_batch_committed", "name": "S-U_endpoint_H_greedy", "total_records": 64}
{"batch_index": 7, "budget_used": 896, "completed_records": 64, "event": "evaluation_batch_committed", "name": "S-U_endpoint_H_greedy", "total_records": 64}
{"batch_index": 0, "budget_used": 904, "completed_records": 8, "event": "evaluation_batch_committed", "name": "S-D_endpoint_F_greedy", "total_records": 64}
{"batch_index": 1, "budget_used": 912, "completed_records": 16, "event": "evaluation_batch_committed", "name": "S-D_endpoint_F_greedy", "total_records": 64}
{"batch_index": 2, "budget_used": 920, "completed_records": 24, "event": "evaluation_batch_committed", "name": "S-D_endpoint_F_greedy", "total_records": 64}
{"batch_index": 3, "budget_used": 928, "completed_records": 32, "event": "evaluation_batch_committed", "name": "S-D_endpoint_F_greedy", "total_records": 64}
{"batch_index": 4, "budget_used": 936, "completed_records": 40, "event": "evaluation_batch_committed", "name": "S-D_endpoint_F_greedy", "total_records": 64}
{"batch_index": 5, "budget_used": 944, "completed_records": 48, "event": "evaluation_batch_committed", "name": "S-D_endpoint_F_greedy", "total_records": 64}
{"batch_index": 6, "budget_used": 952, "completed_records": 56, "event": "evaluation_batch_committed", "name": "S-D_endpoint_F_greedy", "total_records": 64}
{"batch_index": 7, "budget_used": 960, "completed_records": 64, "event": "evaluation_batch_committed", "name": "S-D_endpoint_F_greedy", "total_records": 64}
{"batch_index": 0, "budget_used": 968, "completed_records": 8, "event": "evaluation_batch_committed", "name": "S-D_endpoint_H_greedy", "total_records": 64}
{"batch_index": 1, "budget_used": 976, "completed_records": 16, "event": "evaluation_batch_committed", "name": "S-D_endpoint_H_greedy", "total_records": 64}
{"batch_index": 2, "budget_used": 984, "completed_records": 24, "event": "evaluation_batch_committed", "name": "S-D_endpoint_H_greedy", "total_records": 64}
{"batch_index": 3, "budget_used": 992, "completed_records": 32, "event": "evaluation_batch_committed", "name": "S-D_endpoint_H_greedy", "total_records": 64}
{"batch_index": 4, "budget_used": 1000, "completed_records": 40, "event": "evaluation_batch_committed", "name": "S-D_endpoint_H_greedy", "total_records": 64}
{"batch_index": 5, "budget_used": 1008, "completed_records": 48, "event": "evaluation_batch_committed", "name": "S-D_endpoint_H_greedy", "total_records": 64}
{"batch_index": 6, "budget_used": 1016, "completed_records": 56, "event": "evaluation_batch_committed", "name": "S-D_endpoint_H_greedy", "total_records": 64}
{"batch_index": 7, "budget_used": 1024, "completed_records": 64, "event": "evaluation_batch_committed", "name": "S-D_endpoint_H_greedy", "total_records": 64}
{"batch_index": 0, "budget_used": 1032, "completed_records": 8, "event": "evaluation_batch_committed", "name": "P-U_endpoint_F_greedy", "total_records": 64}
{"batch_index": 1, "budget_used": 1040, "completed_records": 16, "event": "evaluation_batch_committed", "name": "P-U_endpoint_F_greedy", "total_records": 64}
{"batch_index": 2, "budget_used": 1048, "completed_records": 24, "event": "evaluation_batch_committed", "name": "P-U_endpoint_F_greedy", "total_records": 64}
{"batch_index": 3, "budget_used": 1056, "completed_records": 32, "event": "evaluation_batch_committed", "name": "P-U_endpoint_F_greedy", "total_records": 64}
{"batch_index": 4, "budget_used": 1064, "completed_records": 40, "event": "evaluation_batch_committed", "name": "P-U_endpoint_F_greedy", "total_records": 64}
{"batch_index": 5, "budget_used": 1072, "completed_records": 48, "event": "evaluation_batch_committed", "name": "P-U_endpoint_F_greedy", "total_records": 64}
{"batch_index": 6, "budget_used": 1080, "completed_records": 56, "event": "evaluation_batch_committed", "name": "P-U_endpoint_F_greedy", "total_records": 64}
{"batch_index": 7, "budget_used": 1088, "completed_records": 64, "event": "evaluation_batch_committed", "name": "P-U_endpoint_F_greedy", "total_records": 64}
{"batch_index": 0, "budget_used": 1096, "completed_records": 8, "event": "evaluation_batch_committed", "name": "P-U_endpoint_H_greedy", "total_records": 64}
{"batch_index": 1, "budget_used": 1104, "completed_records": 16, "event": "evaluation_batch_committed", "name": "P-U_endpoint_H_greedy", "total_records": 64}
{"batch_index": 2, "budget_used": 1112, "completed_records": 24, "event": "evaluation_batch_committed", "name": "P-U_endpoint_H_greedy", "total_records": 64}
{"batch_index": 3, "budget_used": 1120, "completed_records": 32, "event": "evaluation_batch_committed", "name": "P-U_endpoint_H_greedy", "total_records": 64}
{"batch_index": 4, "budget_used": 1128, "completed_records": 40, "event": "evaluation_batch_committed", "name": "P-U_endpoint_H_greedy", "total_records": 64}
{"batch_index": 5, "budget_used": 1136, "completed_records": 48, "event": "evaluation_batch_committed", "name": "P-U_endpoint_H_greedy", "total_records": 64}
{"batch_index": 6, "budget_used": 1144, "completed_records": 56, "event": "evaluation_batch_committed", "name": "P-U_endpoint_H_greedy", "total_records": 64}
{"batch_index": 7, "budget_used": 1152, "completed_records": 64, "event": "evaluation_batch_committed", "name": "P-U_endpoint_H_greedy", "total_records": 64}
{"batch_index": 0, "budget_used": 1160, "completed_records": 8, "event": "evaluation_batch_committed", "name": "P-D_endpoint_F_greedy", "total_records": 64}
{"batch_index": 1, "budget_used": 1168, "completed_records": 16, "event": "evaluation_batch_committed", "name": "P-D_endpoint_F_greedy", "total_records": 64}
{"batch_index": 2, "budget_used": 1176, "completed_records": 24, "event": "evaluation_batch_committed", "name": "P-D_endpoint_F_greedy", "total_records": 64}
{"batch_index": 3, "budget_used": 1184, "completed_records": 32, "event": "evaluation_batch_committed", "name": "P-D_endpoint_F_greedy", "total_records": 64}
{"batch_index": 4, "budget_used": 1192, "completed_records": 40, "event": "evaluation_batch_committed", "name": "P-D_endpoint_F_greedy", "total_records": 64}
{"batch_index": 5, "budget_used": 1200, "completed_records": 48, "event": "evaluation_batch_committed", "name": "P-D_endpoint_F_greedy", "total_records": 64}
{"batch_index": 6, "budget_used": 1208, "completed_records": 56, "event": "evaluation_batch_committed", "name": "P-D_endpoint_F_greedy", "total_records": 64}
{"batch_index": 7, "budget_used": 1216, "completed_records": 64, "event": "evaluation_batch_committed", "name": "P-D_endpoint_F_greedy", "total_records": 64}
{"batch_index": 0, "budget_used": 1224, "completed_records": 8, "event": "evaluation_batch_committed", "name": "P-D_endpoint_H_greedy", "total_records": 64}
{"batch_index": 1, "budget_used": 1232, "completed_records": 16, "event": "evaluation_batch_committed", "name": "P-D_endpoint_H_greedy", "total_records": 64}
{"batch_index": 2, "budget_used": 1240, "completed_records": 24, "event": "evaluation_batch_committed", "name": "P-D_endpoint_H_greedy", "total_records": 64}
{"batch_index": 3, "budget_used": 1248, "completed_records": 32, "event": "evaluation_batch_committed", "name": "P-D_endpoint_H_greedy", "total_records": 64}
{"batch_index": 4, "budget_used": 1256, "completed_records": 40, "event": "evaluation_batch_committed", "name": "P-D_endpoint_H_greedy", "total_records": 64}
{"batch_index": 5, "budget_used": 1264, "completed_records": 48, "event": "evaluation_batch_committed", "name": "P-D_endpoint_H_greedy", "total_records": 64}
{"batch_index": 6, "budget_used": 1272, "completed_records": 56, "event": "evaluation_batch_committed", "name": "P-D_endpoint_H_greedy", "total_records": 64}
{"batch_index": 7, "budget_used": 1280, "completed_records": 64, "event": "evaluation_batch_committed", "name": "P-D_endpoint_H_greedy", "total_records": 64}
{"batch_index": 0, "budget_used": 1288, "completed_records": 8, "event": "evaluation_batch_committed", "name": "E038_eval_H_greedy", "total_records": 96}
{"batch_index": 1, "budget_used": 1296, "completed_records": 16, "event": "evaluation_batch_committed", "name": "E038_eval_H_greedy", "total_records": 96}
{"batch_index": 2, "budget_used": 1304, "completed_records": 24, "event": "evaluation_batch_committed", "name": "E038_eval_H_greedy", "total_records": 96}
{"batch_index": 3, "budget_used": 1312, "completed_records": 32, "event": "evaluation_batch_committed", "name": "E038_eval_H_greedy", "total_records": 96}
{"batch_index": 4, "budget_used": 1320, "completed_records": 40, "event": "evaluation_batch_committed", "name": "E038_eval_H_greedy", "total_records": 96}
{"batch_index": 5, "budget_used": 1328, "completed_records": 48, "event": "evaluation_batch_committed", "name": "E038_eval_H_greedy", "total_records": 96}
{"batch_index": 6, "budget_used": 1336, "completed_records": 56, "event": "evaluation_batch_committed", "name": "E038_eval_H_greedy", "total_records": 96}
{"batch_index": 7, "budget_used": 1344, "completed_records": 64, "event": "evaluation_batch_committed", "name": "E038_eval_H_greedy", "total_records": 96}
{"batch_index": 8, "budget_used": 1352, "completed_records": 72, "event": "evaluation_batch_committed", "name": "E038_eval_H_greedy", "total_records": 96}
{"batch_index": 9, "budget_used": 1360, "completed_records": 80, "event": "evaluation_batch_committed", "name": "E038_eval_H_greedy", "total_records": 96}
{"batch_index": 10, "budget_used": 1368, "completed_records": 88, "event": "evaluation_batch_committed", "name": "E038_eval_H_greedy", "total_records": 96}
{"batch_index": 11, "budget_used": 1376, "completed_records": 96, "event": "evaluation_batch_committed", "name": "E038_eval_H_greedy", "total_records": 96}
{"batch_index": 0, "budget_used": 1384, "completed_records": 8, "event": "evaluation_batch_committed", "name": "E038_eval_F_greedy", "total_records": 96}
{"batch_index": 1, "budget_used": 1392, "completed_records": 16, "event": "evaluation_batch_committed", "name": "E038_eval_F_greedy", "total_records": 96}
{"batch_index": 2, "budget_used": 1400, "completed_records": 24, "event": "evaluation_batch_committed", "name": "E038_eval_F_greedy", "total_records": 96}
{"batch_index": 3, "budget_used": 1408, "completed_records": 32, "event": "evaluation_batch_committed", "name": "E038_eval_F_greedy", "total_records": 96}
{"batch_index": 4, "budget_used": 1416, "completed_records": 40, "event": "evaluation_batch_committed", "name": "E038_eval_F_greedy", "total_records": 96}
{"batch_index": 5, "budget_used": 1424, "completed_records": 48, "event": "evaluation_batch_committed", "name": "E038_eval_F_greedy", "total_records": 96}
{"batch_index": 6, "budget_used": 1432, "completed_records": 56, "event": "evaluation_batch_committed", "name": "E038_eval_F_greedy", "total_records": 96}
{"batch_index": 7, "budget_used": 1440, "completed_records": 64, "event": "evaluation_batch_committed", "name": "E038_eval_F_greedy", "total_records": 96}
{"batch_index": 8, "budget_used": 1448, "completed_records": 72, "event": "evaluation_batch_committed", "name": "E038_eval_F_greedy", "total_records": 96}
{"batch_index": 9, "budget_used": 1456, "completed_records": 80, "event": "evaluation_batch_committed", "name": "E038_eval_F_greedy", "total_records": 96}
{"batch_index": 10, "budget_used": 1464, "completed_records": 88, "event": "evaluation_batch_committed", "name": "E038_eval_F_greedy", "total_records": 96}
{"batch_index": 11, "budget_used": 1472, "completed_records": 96, "event": "evaluation_batch_committed", "name": "E038_eval_F_greedy", "total_records": 96}
{"batch_index": 0, "budget_used": 1480, "completed_records": 8, "event": "evaluation_batch_committed", "name": "E039_eval_H_greedy", "total_records": 96}
{"batch_index": 1, "budget_used": 1488, "completed_records": 16, "event": "evaluation_batch_committed", "name": "E039_eval_H_greedy", "total_records": 96}
{"batch_index": 2, "budget_used": 1496, "completed_records": 24, "event": "evaluation_batch_committed", "name": "E039_eval_H_greedy", "total_records": 96}
{"batch_index": 3, "budget_used": 1504, "completed_records": 32, "event": "evaluation_batch_committed", "name": "E039_eval_H_greedy", "total_records": 96}
{"batch_index": 4, "budget_used": 1512, "completed_records": 40, "event": "evaluation_batch_committed", "name": "E039_eval_H_greedy", "total_records": 96}
{"batch_index": 5, "budget_used": 1520, "completed_records": 48, "event": "evaluation_batch_committed", "name": "E039_eval_H_greedy", "total_records": 96}
{"batch_index": 6, "budget_used": 1528, "completed_records": 56, "event": "evaluation_batch_committed", "name": "E039_eval_H_greedy", "total_records": 96}
{"batch_index": 7, "budget_used": 1536, "completed_records": 64, "event": "evaluation_batch_committed", "name": "E039_eval_H_greedy", "total_records": 96}
{"batch_index": 8, "budget_used": 1544, "completed_records": 72, "event": "evaluation_batch_committed", "name": "E039_eval_H_greedy", "total_records": 96}
{"batch_index": 9, "budget_used": 1552, "completed_records": 80, "event": "evaluation_batch_committed", "name": "E039_eval_H_greedy", "total_records": 96}
{"batch_index": 10, "budget_used": 1560, "completed_records": 88, "event": "evaluation_batch_committed", "name": "E039_eval_H_greedy", "total_records": 96}
{"batch_index": 11, "budget_used": 1568, "completed_records": 96, "event": "evaluation_batch_committed", "name": "E039_eval_H_greedy", "total_records": 96}
{"batch_index": 0, "budget_used": 1576, "completed_records": 8, "event": "evaluation_batch_committed", "name": "E039_eval_F_greedy", "total_records": 96}
{"batch_index": 1, "budget_used": 1584, "completed_records": 16, "event": "evaluation_batch_committed", "name": "E039_eval_F_greedy", "total_records": 96}
{"batch_index": 2, "budget_used": 1592, "completed_records": 24, "event": "evaluation_batch_committed", "name": "E039_eval_F_greedy", "total_records": 96}
{"batch_index": 3, "budget_used": 1600, "completed_records": 32, "event": "evaluation_batch_committed", "name": "E039_eval_F_greedy", "total_records": 96}
{"batch_index": 4, "budget_used": 1608, "completed_records": 40, "event": "evaluation_batch_committed", "name": "E039_eval_F_greedy", "total_records": 96}
{"batch_index": 5, "budget_used": 1616, "completed_records": 48, "event": "evaluation_batch_committed", "name": "E039_eval_F_greedy", "total_records": 96}
{"batch_index": 6, "budget_used": 1624, "completed_records": 56, "event": "evaluation_batch_committed", "name": "E039_eval_F_greedy", "total_records": 96}
{"batch_index": 7, "budget_used": 1632, "completed_records": 64, "event": "evaluation_batch_committed", "name": "E039_eval_F_greedy", "total_records": 96}
{"batch_index": 8, "budget_used": 1640, "completed_records": 72, "event": "evaluation_batch_committed", "name": "E039_eval_F_greedy", "total_records": 96}
{"batch_index": 9, "budget_used": 1648, "completed_records": 80, "event": "evaluation_batch_committed", "name": "E039_eval_F_greedy", "total_records": 96}
{"batch_index": 10, "budget_used": 1656, "completed_records": 88, "event": "evaluation_batch_committed", "name": "E039_eval_F_greedy", "total_records": 96}
{"batch_index": 11, "budget_used": 1664, "completed_records": 96, "event": "evaluation_batch_committed", "name": "E039_eval_F_greedy", "total_records": 96}
{"batch_index": 0, "budget_used": 1672, "completed_records": 8, "event": "evaluation_batch_committed", "name": "S-U_eval_H_greedy", "total_records": 96}
{"batch_index": 1, "budget_used": 1680, "completed_records": 16, "event": "evaluation_batch_committed", "name": "S-U_eval_H_greedy", "total_records": 96}
{"batch_index": 2, "budget_used": 1688, "completed_records": 24, "event": "evaluation_batch_committed", "name": "S-U_eval_H_greedy", "total_records": 96}
{"batch_index": 3, "budget_used": 1696, "completed_records": 32, "event": "evaluation_batch_committed", "name": "S-U_eval_H_greedy", "total_records": 96}
{"batch_index": 4, "budget_used": 1704, "completed_records": 40, "event": "evaluation_batch_committed", "name": "S-U_eval_H_greedy", "total_records": 96}
{"batch_index": 5, "budget_used": 1712, "completed_records": 48, "event": "evaluation_batch_committed", "name": "S-U_eval_H_greedy", "total_records": 96}
{"batch_index": 6, "budget_used": 1720, "completed_records": 56, "event": "evaluation_batch_committed", "name": "S-U_eval_H_greedy", "total_records": 96}
{"batch_index": 7, "budget_used": 1728, "completed_records": 64, "event": "evaluation_batch_committed", "name": "S-U_eval_H_greedy", "total_records": 96}
{"batch_index": 8, "budget_used": 1736, "completed_records": 72, "event": "evaluation_batch_committed", "name": "S-U_eval_H_greedy", "total_records": 96}
{"batch_index": 9, "budget_used": 1744, "completed_records": 80, "event": "evaluation_batch_committed", "name": "S-U_eval_H_greedy", "total_records": 96}
{"batch_index": 10, "budget_used": 1752, "completed_records": 88, "event": "evaluation_batch_committed", "name": "S-U_eval_H_greedy", "total_records": 96}
{"batch_index": 11, "budget_used": 1760, "completed_records": 96, "event": "evaluation_batch_committed", "name": "S-U_eval_H_greedy", "total_records": 96}
{"batch_index": 0, "budget_used": 1768, "completed_records": 8, "event": "evaluation_batch_committed", "name": "S-U_eval_F_greedy", "total_records": 96}
{"batch_index": 1, "budget_used": 1776, "completed_records": 16, "event": "evaluation_batch_committed", "name": "S-U_eval_F_greedy", "total_records": 96}
{"batch_index": 2, "budget_used": 1784, "completed_records": 24, "event": "evaluation_batch_committed", "name": "S-U_eval_F_greedy", "total_records": 96}
{"batch_index": 3, "budget_used": 1792, "completed_records": 32, "event": "evaluation_batch_committed", "name": "S-U_eval_F_greedy", "total_records": 96}
{"batch_index": 4, "budget_used": 1800, "completed_records": 40, "event": "evaluation_batch_committed", "name": "S-U_eval_F_greedy", "total_records": 96}
{"batch_index": 5, "budget_used": 1808, "completed_records": 48, "event": "evaluation_batch_committed", "name": "S-U_eval_F_greedy", "total_records": 96}
{"batch_index": 6, "budget_used": 1816, "completed_records": 56, "event": "evaluation_batch_committed", "name": "S-U_eval_F_greedy", "total_records": 96}
{"batch_index": 7, "budget_used": 1824, "completed_records": 64, "event": "evaluation_batch_committed", "name": "S-U_eval_F_greedy", "total_records": 96}
{"batch_index": 8, "budget_used": 1832, "completed_records": 72, "event": "evaluation_batch_committed", "name": "S-U_eval_F_greedy", "total_records": 96}
{"batch_index": 9, "budget_used": 1840, "completed_records": 80, "event": "evaluation_batch_committed", "name": "S-U_eval_F_greedy", "total_records": 96}
{"batch_index": 10, "budget_used": 1848, "completed_records": 88, "event": "evaluation_batch_committed", "name": "S-U_eval_F_greedy", "total_records": 96}
{"batch_index": 11, "budget_used": 1856, "completed_records": 96, "event": "evaluation_batch_committed", "name": "S-U_eval_F_greedy", "total_records": 96}
{"batch_index": 0, "budget_used": 1864, "completed_records": 8, "event": "evaluation_batch_committed", "name": "S-D_eval_H_greedy", "total_records": 96}
{"batch_index": 1, "budget_used": 1872, "completed_records": 16, "event": "evaluation_batch_committed", "name": "S-D_eval_H_greedy", "total_records": 96}
{"batch_index": 2, "budget_used": 1880, "completed_records": 24, "event": "evaluation_batch_committed", "name": "S-D_eval_H_greedy", "total_records": 96}
{"batch_index": 3, "budget_used": 1888, "completed_records": 32, "event": "evaluation_batch_committed", "name": "S-D_eval_H_greedy", "total_records": 96}
{"batch_index": 4, "budget_used": 1896, "completed_records": 40, "event": "evaluation_batch_committed", "name": "S-D_eval_H_greedy", "total_records": 96}
{"batch_index": 5, "budget_used": 1904, "completed_records": 48, "event": "evaluation_batch_committed", "name": "S-D_eval_H_greedy", "total_records": 96}
{"batch_index": 6, "budget_used": 1912, "completed_records": 56, "event": "evaluation_batch_committed", "name": "S-D_eval_H_greedy", "total_records": 96}
{"batch_index": 7, "budget_used": 1920, "completed_records": 64, "event": "evaluation_batch_committed", "name": "S-D_eval_H_greedy", "total_records": 96}
{"batch_index": 8, "budget_used": 1928, "completed_records": 72, "event": "evaluation_batch_committed", "name": "S-D_eval_H_greedy", "total_records": 96}
{"batch_index": 9, "budget_used": 1936, "completed_records": 80, "event": "evaluation_batch_committed", "name": "S-D_eval_H_greedy", "total_records": 96}
{"batch_index": 10, "budget_used": 1944, "completed_records": 88, "event": "evaluation_batch_committed", "name": "S-D_eval_H_greedy", "total_records": 96}
{"batch_index": 11, "budget_used": 1952, "completed_records": 96, "event": "evaluation_batch_committed", "name": "S-D_eval_H_greedy", "total_records": 96}
{"batch_index": 0, "budget_used": 1960, "completed_records": 8, "event": "evaluation_batch_committed", "name": "S-D_eval_F_greedy", "total_records": 96}
{"batch_index": 1, "budget_used": 1968, "completed_records": 16, "event": "evaluation_batch_committed", "name": "S-D_eval_F_greedy", "total_records": 96}
{"batch_index": 2, "budget_used": 1976, "completed_records": 24, "event": "evaluation_batch_committed", "name": "S-D_eval_F_greedy", "total_records": 96}
{"batch_index": 3, "budget_used": 1984, "completed_records": 32, "event": "evaluation_batch_committed", "name": "S-D_eval_F_greedy", "total_records": 96}
{"batch_index": 4, "budget_used": 1992, "completed_records": 40, "event": "evaluation_batch_committed", "name": "S-D_eval_F_greedy", "total_records": 96}
{"batch_index": 5, "budget_used": 2000, "completed_records": 48, "event": "evaluation_batch_committed", "name": "S-D_eval_F_greedy", "total_records": 96}
{"batch_index": 6, "budget_used": 2008, "completed_records": 56, "event": "evaluation_batch_committed", "name": "S-D_eval_F_greedy", "total_records": 96}
{"batch_index": 7, "budget_used": 2016, "completed_records": 64, "event": "evaluation_batch_committed", "name": "S-D_eval_F_greedy", "total_records": 96}
{"batch_index": 8, "budget_used": 2024, "completed_records": 72, "event": "evaluation_batch_committed", "name": "S-D_eval_F_greedy", "total_records": 96}
{"batch_index": 9, "budget_used": 2032, "completed_records": 80, "event": "evaluation_batch_committed", "name": "S-D_eval_F_greedy", "total_records": 96}
{"batch_index": 10, "budget_used": 2040, "completed_records": 88, "event": "evaluation_batch_committed", "name": "S-D_eval_F_greedy", "total_records": 96}
{"batch_index": 11, "budget_used": 2048, "completed_records": 96, "event": "evaluation_batch_committed", "name": "S-D_eval_F_greedy", "total_records": 96}
{"batch_index": 0, "budget_used": 2056, "completed_records": 8, "event": "evaluation_batch_committed", "name": "P-U_eval_H_greedy", "total_records": 96}
{"batch_index": 1, "budget_used": 2064, "completed_records": 16, "event": "evaluation_batch_committed", "name": "P-U_eval_H_greedy", "total_records": 96}
{"batch_index": 2, "budget_used": 2072, "completed_records": 24, "event": "evaluation_batch_committed", "name": "P-U_eval_H_greedy", "total_records": 96}
{"batch_index": 3, "budget_used": 2080, "completed_records": 32, "event": "evaluation_batch_committed", "name": "P-U_eval_H_greedy", "total_records": 96}
{"batch_index": 4, "budget_used": 2088, "completed_records": 40, "event": "evaluation_batch_committed", "name": "P-U_eval_H_greedy", "total_records": 96}
{"batch_index": 5, "budget_used": 2096, "completed_records": 48, "event": "evaluation_batch_committed", "name": "P-U_eval_H_greedy", "total_records": 96}
{"batch_index": 6, "budget_used": 2104, "completed_records": 56, "event": "evaluation_batch_committed", "name": "P-U_eval_H_greedy", "total_records": 96}
{"batch_index": 7, "budget_used": 2112, "completed_records": 64, "event": "evaluation_batch_committed", "name": "P-U_eval_H_greedy", "total_records": 96}
{"batch_index": 8, "budget_used": 2120, "completed_records": 72, "event": "evaluation_batch_committed", "name": "P-U_eval_H_greedy", "total_records": 96}
{"batch_index": 9, "budget_used": 2128, "completed_records": 80, "event": "evaluation_batch_committed", "name": "P-U_eval_H_greedy", "total_records": 96}
{"batch_index": 10, "budget_used": 2136, "completed_records": 88, "event": "evaluation_batch_committed", "name": "P-U_eval_H_greedy", "total_records": 96}
{"batch_index": 11, "budget_used": 2144, "completed_records": 96, "event": "evaluation_batch_committed", "name": "P-U_eval_H_greedy", "total_records": 96}
{"batch_index": 0, "budget_used": 2152, "completed_records": 8, "event": "evaluation_batch_committed", "name": "P-U_eval_F_greedy", "total_records": 96}
{"batch_index": 1, "budget_used": 2160, "completed_records": 16, "event": "evaluation_batch_committed", "name": "P-U_eval_F_greedy", "total_records": 96}
{"batch_index": 2, "budget_used": 2168, "completed_records": 24, "event": "evaluation_batch_committed", "name": "P-U_eval_F_greedy", "total_records": 96}
{"batch_index": 3, "budget_used": 2176, "completed_records": 32, "event": "evaluation_batch_committed", "name": "P-U_eval_F_greedy", "total_records": 96}
{"batch_index": 4, "budget_used": 2184, "completed_records": 40, "event": "evaluation_batch_committed", "name": "P-U_eval_F_greedy", "total_records": 96}
{"batch_index": 5, "budget_used": 2192, "completed_records": 48, "event": "evaluation_batch_committed", "name": "P-U_eval_F_greedy", "total_records": 96}
{"batch_index": 6, "budget_used": 2200, "completed_records": 56, "event": "evaluation_batch_committed", "name": "P-U_eval_F_greedy", "total_records": 96}
{"batch_index": 7, "budget_used": 2208, "completed_records": 64, "event": "evaluation_batch_committed", "name": "P-U_eval_F_greedy", "total_records": 96}
{"batch_index": 8, "budget_used": 2216, "completed_records": 72, "event": "evaluation_batch_committed", "name": "P-U_eval_F_greedy", "total_records": 96}
{"batch_index": 9, "budget_used": 2224, "completed_records": 80, "event": "evaluation_batch_committed", "name": "P-U_eval_F_greedy", "total_records": 96}
{"batch_index": 10, "budget_used": 2232, "completed_records": 88, "event": "evaluation_batch_committed", "name": "P-U_eval_F_greedy", "total_records": 96}
{"batch_index": 11, "budget_used": 2240, "completed_records": 96, "event": "evaluation_batch_committed", "name": "P-U_eval_F_greedy", "total_records": 96}
{"batch_index": 0, "budget_used": 2248, "completed_records": 8, "event": "evaluation_batch_committed", "name": "P-D_eval_H_greedy", "total_records": 96}
{"batch_index": 1, "budget_used": 2256, "completed_records": 16, "event": "evaluation_batch_committed", "name": "P-D_eval_H_greedy", "total_records": 96}
{"batch_index": 2, "budget_used": 2264, "completed_records": 24, "event": "evaluation_batch_committed", "name": "P-D_eval_H_greedy", "total_records": 96}
{"batch_index": 3, "budget_used": 2272, "completed_records": 32, "event": "evaluation_batch_committed", "name": "P-D_eval_H_greedy", "total_records": 96}
{"batch_index": 4, "budget_used": 2280, "completed_records": 40, "event": "evaluation_batch_committed", "name": "P-D_eval_H_greedy", "total_records": 96}
{"batch_index": 5, "budget_used": 2288, "completed_records": 48, "event": "evaluation_batch_committed", "name": "P-D_eval_H_greedy", "total_records": 96}
{"batch_index": 6, "budget_used": 2296, "completed_records": 56, "event": "evaluation_batch_committed", "name": "P-D_eval_H_greedy", "total_records": 96}
{"batch_index": 7, "budget_used": 2304, "completed_records": 64, "event": "evaluation_batch_committed", "name": "P-D_eval_H_greedy", "total_records": 96}
{"batch_index": 8, "budget_used": 2312, "completed_records": 72, "event": "evaluation_batch_committed", "name": "P-D_eval_H_greedy", "total_records": 96}
{"batch_index": 9, "budget_used": 2320, "completed_records": 80, "event": "evaluation_batch_committed", "name": "P-D_eval_H_greedy", "total_records": 96}
{"batch_index": 10, "budget_used": 2328, "completed_records": 88, "event": "evaluation_batch_committed", "name": "P-D_eval_H_greedy", "total_records": 96}
{"batch_index": 11, "budget_used": 2336, "completed_records": 96, "event": "evaluation_batch_committed", "name": "P-D_eval_H_greedy", "total_records": 96}
{"batch_index": 0, "budget_used": 2344, "completed_records": 8, "event": "evaluation_batch_committed", "name": "P-D_eval_F_greedy", "total_records": 96}
{"batch_index": 1, "budget_used": 2352, "completed_records": 16, "event": "evaluation_batch_committed", "name": "P-D_eval_F_greedy", "total_records": 96}
{"batch_index": 2, "budget_used": 2360, "completed_records": 24, "event": "evaluation_batch_committed", "name": "P-D_eval_F_greedy", "total_records": 96}
{"batch_index": 3, "budget_used": 2368, "completed_records": 32, "event": "evaluation_batch_committed", "name": "P-D_eval_F_greedy", "total_records": 96}
{"batch_index": 4, "budget_used": 2376, "completed_records": 40, "event": "evaluation_batch_committed", "name": "P-D_eval_F_greedy", "total_records": 96}
{"batch_index": 5, "budget_used": 2384, "completed_records": 48, "event": "evaluation_batch_committed", "name": "P-D_eval_F_greedy", "total_records": 96}
{"batch_index": 6, "budget_used": 2392, "completed_records": 56, "event": "evaluation_batch_committed", "name": "P-D_eval_F_greedy", "total_records": 96}
{"batch_index": 7, "budget_used": 2400, "completed_records": 64, "event": "evaluation_batch_committed", "name": "P-D_eval_F_greedy", "total_records": 96}
{"batch_index": 8, "budget_used": 2408, "completed_records": 72, "event": "evaluation_batch_committed", "name": "P-D_eval_F_greedy", "total_records": 96}
{"batch_index": 9, "budget_used": 2416, "completed_records": 80, "event": "evaluation_batch_committed", "name": "P-D_eval_F_greedy", "total_records": 96}
{"batch_index": 10, "budget_used": 2424, "completed_records": 88, "event": "evaluation_batch_committed", "name": "P-D_eval_F_greedy", "total_records": 96}
{"batch_index": 11, "budget_used": 2432, "completed_records": 96, "event": "evaluation_batch_committed", "name": "P-D_eval_F_greedy", "total_records": 96}
{"batch_index": 0, "budget_used": 2440, "completed_records": 8, "event": "evaluation_batch_committed", "name": "E038_eval_F_sampled_t0", "total_records": 192}
{"batch_index": 1, "budget_used": 2448, "completed_records": 16, "event": "evaluation_batch_committed", "name": "E038_eval_F_sampled_t0", "total_records": 192}
{"batch_index": 2, "budget_used": 2456, "completed_records": 24, "event": "evaluation_batch_committed", "name": "E038_eval_F_sampled_t0", "total_records": 192}
{"batch_index": 3, "budget_used": 2464, "completed_records": 32, "event": "evaluation_batch_committed", "name": "E038_eval_F_sampled_t0", "total_records": 192}
{"batch_index": 4, "budget_used": 2472, "completed_records": 40, "event": "evaluation_batch_committed", "name": "E038_eval_F_sampled_t0", "total_records": 192}
{"batch_index": 5, "budget_used": 2480, "completed_records": 48, "event": "evaluation_batch_committed", "name": "E038_eval_F_sampled_t0", "total_records": 192}
{"batch_index": 6, "budget_used": 2488, "completed_records": 56, "event": "evaluation_batch_committed", "name": "E038_eval_F_sampled_t0", "total_records": 192}
{"batch_index": 7, "budget_used": 2496, "completed_records": 64, "event": "evaluation_batch_committed", "name": "E038_eval_F_sampled_t0", "total_records": 192}
{"batch_index": 8, "budget_used": 2504, "completed_records": 72, "event": "evaluation_batch_committed", "name": "E038_eval_F_sampled_t0", "total_records": 192}
{"batch_index": 9, "budget_used": 2512, "completed_records": 80, "event": "evaluation_batch_committed", "name": "E038_eval_F_sampled_t0", "total_records": 192}
{"batch_index": 10, "budget_used": 2520, "completed_records": 88, "event": "evaluation_batch_committed", "name": "E038_eval_F_sampled_t0", "total_records": 192}
{"batch_index": 11, "budget_used": 2528, "completed_records": 96, "event": "evaluation_batch_committed", "name": "E038_eval_F_sampled_t0", "total_records": 192}
{"batch_index": 12, "budget_used": 2536, "completed_records": 104, "event": "evaluation_batch_committed", "name": "E038_eval_F_sampled_t0", "total_records": 192}
{"batch_index": 13, "budget_used": 2544, "completed_records": 112, "event": "evaluation_batch_committed", "name": "E038_eval_F_sampled_t0", "total_records": 192}
{"batch_index": 14, "budget_used": 2552, "completed_records": 120, "event": "evaluation_batch_committed", "name": "E038_eval_F_sampled_t0", "total_records": 192}
{"batch_index": 15, "budget_used": 2560, "completed_records": 128, "event": "evaluation_batch_committed", "name": "E038_eval_F_sampled_t0", "total_records": 192}
{"batch_index": 16, "budget_used": 2568, "completed_records": 136, "event": "evaluation_batch_committed", "name": "E038_eval_F_sampled_t0", "total_records": 192}
{"batch_index": 17, "budget_used": 2576, "completed_records": 144, "event": "evaluation_batch_committed", "name": "E038_eval_F_sampled_t0", "total_records": 192}
{"batch_index": 18, "budget_used": 2584, "completed_records": 152, "event": "evaluation_batch_committed", "name": "E038_eval_F_sampled_t0", "total_records": 192}
{"batch_index": 19, "budget_used": 2592, "completed_records": 160, "event": "evaluation_batch_committed", "name": "E038_eval_F_sampled_t0", "total_records": 192}
{"batch_index": 20, "budget_used": 2600, "completed_records": 168, "event": "evaluation_batch_committed", "name": "E038_eval_F_sampled_t0", "total_records": 192}
{"batch_index": 21, "budget_used": 2608, "completed_records": 176, "event": "evaluation_batch_committed", "name": "E038_eval_F_sampled_t0", "total_records": 192}
{"batch_index": 22, "budget_used": 2616, "completed_records": 184, "event": "evaluation_batch_committed", "name": "E038_eval_F_sampled_t0", "total_records": 192}
{"batch_index": 23, "budget_used": 2624, "completed_records": 192, "event": "evaluation_batch_committed", "name": "E038_eval_F_sampled_t0", "total_records": 192}
{"batch_index": 0, "budget_used": 2632, "completed_records": 8, "event": "evaluation_batch_committed", "name": "E038_eval_F_sampled_t1", "total_records": 192}
{"batch_index": 1, "budget_used": 2640, "completed_records": 16, "event": "evaluation_batch_committed", "name": "E038_eval_F_sampled_t1", "total_records": 192}
{"batch_index": 2, "budget_used": 2648, "completed_records": 24, "event": "evaluation_batch_committed", "name": "E038_eval_F_sampled_t1", "total_records": 192}
{"batch_index": 3, "budget_used": 2656, "completed_records": 32, "event": "evaluation_batch_committed", "name": "E038_eval_F_sampled_t1", "total_records": 192}
{"batch_index": 4, "budget_used": 2664, "completed_records": 40, "event": "evaluation_batch_committed", "name": "E038_eval_F_sampled_t1", "total_records": 192}
{"batch_index": 5, "budget_used": 2672, "completed_records": 48, "event": "evaluation_batch_committed", "name": "E038_eval_F_sampled_t1", "total_records": 192}
{"batch_index": 6, "budget_used": 2680, "completed_records": 56, "event": "evaluation_batch_committed", "name": "E038_eval_F_sampled_t1", "total_records": 192}
{"batch_index": 7, "budget_used": 2688, "completed_records": 64, "event": "evaluation_batch_committed", "name": "E038_eval_F_sampled_t1", "total_records": 192}
{"batch_index": 8, "budget_used": 2696, "completed_records": 72, "event": "evaluation_batch_committed", "name": "E038_eval_F_sampled_t1", "total_records": 192}
{"batch_index": 9, "budget_used": 2704, "completed_records": 80, "event": "evaluation_batch_committed", "name": "E038_eval_F_sampled_t1", "total_records": 192}
{"batch_index": 10, "budget_used": 2712, "completed_records": 88, "event": "evaluation_batch_committed", "name": "E038_eval_F_sampled_t1", "total_records": 192}
{"batch_index": 11, "budget_used": 2720, "completed_records": 96, "event": "evaluation_batch_committed", "name": "E038_eval_F_sampled_t1", "total_records": 192}
{"batch_index": 12, "budget_used": 2728, "completed_records": 104, "event": "evaluation_batch_committed", "name": "E038_eval_F_sampled_t1", "total_records": 192}
{"batch_index": 13, "budget_used": 2736, "completed_records": 112, "event": "evaluation_batch_committed", "name": "E038_eval_F_sampled_t1", "total_records": 192}
{"batch_index": 14, "budget_used": 2744, "completed_records": 120, "event": "evaluation_batch_committed", "name": "E038_eval_F_sampled_t1", "total_records": 192}
{"batch_index": 15, "budget_used": 2752, "completed_records": 128, "event": "evaluation_batch_committed", "name": "E038_eval_F_sampled_t1", "total_records": 192}
{"batch_index": 16, "budget_used": 2760, "completed_records": 136, "event": "evaluation_batch_committed", "name": "E038_eval_F_sampled_t1", "total_records": 192}
{"batch_index": 17, "budget_used": 2768, "completed_records": 144, "event": "evaluation_batch_committed", "name": "E038_eval_F_sampled_t1", "total_records": 192}
{"batch_index": 18, "budget_used": 2776, "completed_records": 152, "event": "evaluation_batch_committed", "name": "E038_eval_F_sampled_t1", "total_records": 192}
{"batch_index": 19, "budget_used": 2784, "completed_records": 160, "event": "evaluation_batch_committed", "name": "E038_eval_F_sampled_t1", "total_records": 192}
{"batch_index": 20, "budget_used": 2792, "completed_records": 168, "event": "evaluation_batch_committed", "name": "E038_eval_F_sampled_t1", "total_records": 192}
{"batch_index": 21, "budget_used": 2800, "completed_records": 176, "event": "evaluation_batch_committed", "name": "E038_eval_F_sampled_t1", "total_records": 192}
{"batch_index": 22, "budget_used": 2808, "completed_records": 184, "event": "evaluation_batch_committed", "name": "E038_eval_F_sampled_t1", "total_records": 192}
{"batch_index": 23, "budget_used": 2816, "completed_records": 192, "event": "evaluation_batch_committed", "name": "E038_eval_F_sampled_t1", "total_records": 192}
{"batch_index": 0, "budget_used": 2824, "completed_records": 8, "event": "evaluation_batch_committed", "name": "E039_eval_F_sampled_t0", "total_records": 192}
{"batch_index": 1, "budget_used": 2832, "completed_records": 16, "event": "evaluation_batch_committed", "name": "E039_eval_F_sampled_t0", "total_records": 192}
{"batch_index": 2, "budget_used": 2840, "completed_records": 24, "event": "evaluation_batch_committed", "name": "E039_eval_F_sampled_t0", "total_records": 192}
{"batch_index": 3, "budget_used": 2848, "completed_records": 32, "event": "evaluation_batch_committed", "name": "E039_eval_F_sampled_t0", "total_records": 192}
{"batch_index": 4, "budget_used": 2856, "completed_records": 40, "event": "evaluation_batch_committed", "name": "E039_eval_F_sampled_t0", "total_records": 192}
{"batch_index": 5, "budget_used": 2864, "completed_records": 48, "event": "evaluation_batch_committed", "name": "E039_eval_F_sampled_t0", "total_records": 192}
{"batch_index": 6, "budget_used": 2872, "completed_records": 56, "event": "evaluation_batch_committed", "name": "E039_eval_F_sampled_t0", "total_records": 192}
{"batch_index": 7, "budget_used": 2880, "completed_records": 64, "event": "evaluation_batch_committed", "name": "E039_eval_F_sampled_t0", "total_records": 192}
{"batch_index": 8, "budget_used": 2888, "completed_records": 72, "event": "evaluation_batch_committed", "name": "E039_eval_F_sampled_t0", "total_records": 192}
{"batch_index": 9, "budget_used": 2896, "completed_records": 80, "event": "evaluation_batch_committed", "name": "E039_eval_F_sampled_t0", "total_records": 192}
{"batch_index": 10, "budget_used": 2904, "completed_records": 88, "event": "evaluation_batch_committed", "name": "E039_eval_F_sampled_t0", "total_records": 192}
{"batch_index": 11, "budget_used": 2912, "completed_records": 96, "event": "evaluation_batch_committed", "name": "E039_eval_F_sampled_t0", "total_records": 192}
{"batch_index": 12, "budget_used": 2920, "completed_records": 104, "event": "evaluation_batch_committed", "name": "E039_eval_F_sampled_t0", "total_records": 192}
{"batch_index": 13, "budget_used": 2928, "completed_records": 112, "event": "evaluation_batch_committed", "name": "E039_eval_F_sampled_t0", "total_records": 192}
{"batch_index": 14, "budget_used": 2936, "completed_records": 120, "event": "evaluation_batch_committed", "name": "E039_eval_F_sampled_t0", "total_records": 192}
{"batch_index": 15, "budget_used": 2944, "completed_records": 128, "event": "evaluation_batch_committed", "name": "E039_eval_F_sampled_t0", "total_records": 192}
{"batch_index": 16, "budget_used": 2952, "completed_records": 136, "event": "evaluation_batch_committed", "name": "E039_eval_F_sampled_t0", "total_records": 192}
{"batch_index": 17, "budget_used": 2960, "completed_records": 144, "event": "evaluation_batch_committed", "name": "E039_eval_F_sampled_t0", "total_records": 192}
{"batch_index": 18, "budget_used": 2968, "completed_records": 152, "event": "evaluation_batch_committed", "name": "E039_eval_F_sampled_t0", "total_records": 192}
{"batch_index": 19, "budget_used": 2976, "completed_records": 160, "event": "evaluation_batch_committed", "name": "E039_eval_F_sampled_t0", "total_records": 192}
{"batch_index": 20, "budget_used": 2984, "completed_records": 168, "event": "evaluation_batch_committed", "name": "E039_eval_F_sampled_t0", "total_records": 192}
{"batch_index": 21, "budget_used": 2992, "completed_records": 176, "event": "evaluation_batch_committed", "name": "E039_eval_F_sampled_t0", "total_records": 192}
{"batch_index": 22, "budget_used": 3000, "completed_records": 184, "event": "evaluation_batch_committed", "name": "E039_eval_F_sampled_t0", "total_records": 192}
{"batch_index": 23, "budget_used": 3008, "completed_records": 192, "event": "evaluation_batch_committed", "name": "E039_eval_F_sampled_t0", "total_records": 192}
{"batch_index": 0, "budget_used": 3016, "completed_records": 8, "event": "evaluation_batch_committed", "name": "E039_eval_F_sampled_t1", "total_records": 192}
{"batch_index": 1, "budget_used": 3024, "completed_records": 16, "event": "evaluation_batch_committed", "name": "E039_eval_F_sampled_t1", "total_records": 192}
{"batch_index": 2, "budget_used": 3032, "completed_records": 24, "event": "evaluation_batch_committed", "name": "E039_eval_F_sampled_t1", "total_records": 192}
{"batch_index": 3, "budget_used": 3040, "completed_records": 32, "event": "evaluation_batch_committed", "name": "E039_eval_F_sampled_t1", "total_records": 192}
{"batch_index": 4, "budget_used": 3048, "completed_records": 40, "event": "evaluation_batch_committed", "name": "E039_eval_F_sampled_t1", "total_records": 192}
{"batch_index": 5, "budget_used": 3056, "completed_records": 48, "event": "evaluation_batch_committed", "name": "E039_eval_F_sampled_t1", "total_records": 192}
{"batch_index": 6, "budget_used": 3064, "completed_records": 56, "event": "evaluation_batch_committed", "name": "E039_eval_F_sampled_t1", "total_records": 192}
{"batch_index": 7, "budget_used": 3072, "completed_records": 64, "event": "evaluation_batch_committed", "name": "E039_eval_F_sampled_t1", "total_records": 192}
{"batch_index": 8, "budget_used": 3080, "completed_records": 72, "event": "evaluation_batch_committed", "name": "E039_eval_F_sampled_t1", "total_records": 192}
{"batch_index": 9, "budget_used": 3088, "completed_records": 80, "event": "evaluation_batch_committed", "name": "E039_eval_F_sampled_t1", "total_records": 192}
{"batch_index": 10, "budget_used": 3096, "completed_records": 88, "event": "evaluation_batch_committed", "name": "E039_eval_F_sampled_t1", "total_records": 192}
{"batch_index": 11, "budget_used": 3104, "completed_records": 96, "event": "evaluation_batch_committed", "name": "E039_eval_F_sampled_t1", "total_records": 192}
{"batch_index": 12, "budget_used": 3112, "completed_records": 104, "event": "evaluation_batch_committed", "name": "E039_eval_F_sampled_t1", "total_records": 192}
{"batch_index": 13, "budget_used": 3120, "completed_records": 112, "event": "evaluation_batch_committed", "name": "E039_eval_F_sampled_t1", "total_records": 192}
{"batch_index": 14, "budget_used": 3128, "completed_records": 120, "event": "evaluation_batch_committed", "name": "E039_eval_F_sampled_t1", "total_records": 192}
{"batch_index": 15, "budget_used": 3136, "completed_records": 128, "event": "evaluation_batch_committed", "name": "E039_eval_F_sampled_t1", "total_records": 192}
{"batch_index": 16, "budget_used": 3144, "completed_records": 136, "event": "evaluation_batch_committed", "name": "E039_eval_F_sampled_t1", "total_records": 192}
{"batch_index": 17, "budget_used": 3152, "completed_records": 144, "event": "evaluation_batch_committed", "name": "E039_eval_F_sampled_t1", "total_records": 192}
{"batch_index": 18, "budget_used": 3160, "completed_records": 152, "event": "evaluation_batch_committed", "name": "E039_eval_F_sampled_t1", "total_records": 192}
{"batch_index": 19, "budget_used": 3168, "completed_records": 160, "event": "evaluation_batch_committed", "name": "E039_eval_F_sampled_t1", "total_records": 192}
{"batch_index": 20, "budget_used": 3176, "completed_records": 168, "event": "evaluation_batch_committed", "name": "E039_eval_F_sampled_t1", "total_records": 192}
{"batch_index": 21, "budget_used": 3184, "completed_records": 176, "event": "evaluation_batch_committed", "name": "E039_eval_F_sampled_t1", "total_records": 192}
{"batch_index": 22, "budget_used": 3192, "completed_records": 184, "event": "evaluation_batch_committed", "name": "E039_eval_F_sampled_t1", "total_records": 192}
{"batch_index": 23, "budget_used": 3200, "completed_records": 192, "event": "evaluation_batch_committed", "name": "E039_eval_F_sampled_t1", "total_records": 192}
{"batch_index": 0, "budget_used": 3208, "completed_records": 8, "event": "evaluation_batch_committed", "name": "S-U_eval_F_sampled_t0", "total_records": 192}
{"batch_index": 1, "budget_used": 3216, "completed_records": 16, "event": "evaluation_batch_committed", "name": "S-U_eval_F_sampled_t0", "total_records": 192}
{"batch_index": 2, "budget_used": 3224, "completed_records": 24, "event": "evaluation_batch_committed", "name": "S-U_eval_F_sampled_t0", "total_records": 192}
{"batch_index": 3, "budget_used": 3232, "completed_records": 32, "event": "evaluation_batch_committed", "name": "S-U_eval_F_sampled_t0", "total_records": 192}
{"batch_index": 4, "budget_used": 3240, "completed_records": 40, "event": "evaluation_batch_committed", "name": "S-U_eval_F_sampled_t0", "total_records": 192}
{"batch_index": 5, "budget_used": 3248, "completed_records": 48, "event": "evaluation_batch_committed", "name": "S-U_eval_F_sampled_t0", "total_records": 192}
{"batch_index": 6, "budget_used": 3256, "completed_records": 56, "event": "evaluation_batch_committed", "name": "S-U_eval_F_sampled_t0", "total_records": 192}
{"batch_index": 7, "budget_used": 3264, "completed_records": 64, "event": "evaluation_batch_committed", "name": "S-U_eval_F_sampled_t0", "total_records": 192}
{"batch_index": 8, "budget_used": 3272, "completed_records": 72, "event": "evaluation_batch_committed", "name": "S-U_eval_F_sampled_t0", "total_records": 192}
{"batch_index": 9, "budget_used": 3280, "completed_records": 80, "event": "evaluation_batch_committed", "name": "S-U_eval_F_sampled_t0", "total_records": 192}
{"batch_index": 10, "budget_used": 3288, "completed_records": 88, "event": "evaluation_batch_committed", "name": "S-U_eval_F_sampled_t0", "total_records": 192}
{"batch_index": 11, "budget_used": 3296, "completed_records": 96, "event": "evaluation_batch_committed", "name": "S-U_eval_F_sampled_t0", "total_records": 192}
{"batch_index": 12, "budget_used": 3304, "completed_records": 104, "event": "evaluation_batch_committed", "name": "S-U_eval_F_sampled_t0", "total_records": 192}
{"batch_index": 13, "budget_used": 3312, "completed_records": 112, "event": "evaluation_batch_committed", "name": "S-U_eval_F_sampled_t0", "total_records": 192}
{"batch_index": 14, "budget_used": 3320, "completed_records": 120, "event": "evaluation_batch_committed", "name": "S-U_eval_F_sampled_t0", "total_records": 192}
{"batch_index": 15, "budget_used": 3328, "completed_records": 128, "event": "evaluation_batch_committed", "name": "S-U_eval_F_sampled_t0", "total_records": 192}
{"batch_index": 16, "budget_used": 3336, "completed_records": 136, "event": "evaluation_batch_committed", "name": "S-U_eval_F_sampled_t0", "total_records": 192}
{"batch_index": 17, "budget_used": 3344, "completed_records": 144, "event": "evaluation_batch_committed", "name": "S-U_eval_F_sampled_t0", "total_records": 192}
{"batch_index": 18, "budget_used": 3352, "completed_records": 152, "event": "evaluation_batch_committed", "name": "S-U_eval_F_sampled_t0", "total_records": 192}
{"batch_index": 19, "budget_used": 3360, "completed_records": 160, "event": "evaluation_batch_committed", "name": "S-U_eval_F_sampled_t0", "total_records": 192}
{"batch_index": 20, "budget_used": 3368, "completed_records": 168, "event": "evaluation_batch_committed", "name": "S-U_eval_F_sampled_t0", "total_records": 192}
{"batch_index": 21, "budget_used": 3376, "completed_records": 176, "event": "evaluation_batch_committed", "name": "S-U_eval_F_sampled_t0", "total_records": 192}
{"batch_index": 22, "budget_used": 3384, "completed_records": 184, "event": "evaluation_batch_committed", "name": "S-U_eval_F_sampled_t0", "total_records": 192}
{"batch_index": 23, "budget_used": 3392, "completed_records": 192, "event": "evaluation_batch_committed", "name": "S-U_eval_F_sampled_t0", "total_records": 192}
{"batch_index": 0, "budget_used": 3400, "completed_records": 8, "event": "evaluation_batch_committed", "name": "S-U_eval_F_sampled_t1", "total_records": 192}
{"batch_index": 1, "budget_used": 3408, "completed_records": 16, "event": "evaluation_batch_committed", "name": "S-U_eval_F_sampled_t1", "total_records": 192}
{"batch_index": 2, "budget_used": 3416, "completed_records": 24, "event": "evaluation_batch_committed", "name": "S-U_eval_F_sampled_t1", "total_records": 192}
{"batch_index": 3, "budget_used": 3424, "completed_records": 32, "event": "evaluation_batch_committed", "name": "S-U_eval_F_sampled_t1", "total_records": 192}
{"batch_index": 4, "budget_used": 3432, "completed_records": 40, "event": "evaluation_batch_committed", "name": "S-U_eval_F_sampled_t1", "total_records": 192}
{"batch_index": 5, "budget_used": 3440, "completed_records": 48, "event": "evaluation_batch_committed", "name": "S-U_eval_F_sampled_t1", "total_records": 192}
{"batch_index": 6, "budget_used": 3448, "completed_records": 56, "event": "evaluation_batch_committed", "name": "S-U_eval_F_sampled_t1", "total_records": 192}
{"batch_index": 7, "budget_used": 3456, "completed_records": 64, "event": "evaluation_batch_committed", "name": "S-U_eval_F_sampled_t1", "total_records": 192}
{"batch_index": 8, "budget_used": 3464, "completed_records": 72, "event": "evaluation_batch_committed", "name": "S-U_eval_F_sampled_t1", "total_records": 192}
{"batch_index": 9, "budget_used": 3472, "completed_records": 80, "event": "evaluation_batch_committed", "name": "S-U_eval_F_sampled_t1", "total_records": 192}
{"batch_index": 10, "budget_used": 3480, "completed_records": 88, "event": "evaluation_batch_committed", "name": "S-U_eval_F_sampled_t1", "total_records": 192}
{"batch_index": 11, "budget_used": 3488, "completed_records": 96, "event": "evaluation_batch_committed", "name": "S-U_eval_F_sampled_t1", "total_records": 192}
{"batch_index": 12, "budget_used": 3496, "completed_records": 104, "event": "evaluation_batch_committed", "name": "S-U_eval_F_sampled_t1", "total_records": 192}
{"batch_index": 13, "budget_used": 3504, "completed_records": 112, "event": "evaluation_batch_committed", "name": "S-U_eval_F_sampled_t1", "total_records": 192}
{"batch_index": 14, "budget_used": 3512, "completed_records": 120, "event": "evaluation_batch_committed", "name": "S-U_eval_F_sampled_t1", "total_records": 192}
{"batch_index": 15, "budget_used": 3520, "completed_records": 128, "event": "evaluation_batch_committed", "name": "S-U_eval_F_sampled_t1", "total_records": 192}
{"batch_index": 16, "budget_used": 3528, "completed_records": 136, "event": "evaluation_batch_committed", "name": "S-U_eval_F_sampled_t1", "total_records": 192}
{"batch_index": 17, "budget_used": 3536, "completed_records": 144, "event": "evaluation_batch_committed", "name": "S-U_eval_F_sampled_t1", "total_records": 192}
{"batch_index": 18, "budget_used": 3544, "completed_records": 152, "event": "evaluation_batch_committed", "name": "S-U_eval_F_sampled_t1", "total_records": 192}
{"batch_index": 19, "budget_used": 3552, "completed_records": 160, "event": "evaluation_batch_committed", "name": "S-U_eval_F_sampled_t1", "total_records": 192}
{"batch_index": 20, "budget_used": 3560, "completed_records": 168, "event": "evaluation_batch_committed", "name": "S-U_eval_F_sampled_t1", "total_records": 192}
{"batch_index": 21, "budget_used": 3568, "completed_records": 176, "event": "evaluation_batch_committed", "name": "S-U_eval_F_sampled_t1", "total_records": 192}
{"batch_index": 22, "budget_used": 3576, "completed_records": 184, "event": "evaluation_batch_committed", "name": "S-U_eval_F_sampled_t1", "total_records": 192}
{"batch_index": 23, "budget_used": 3584, "completed_records": 192, "event": "evaluation_batch_committed", "name": "S-U_eval_F_sampled_t1", "total_records": 192}
{"batch_index": 0, "budget_used": 3592, "completed_records": 8, "event": "evaluation_batch_committed", "name": "S-D_eval_F_sampled_t0", "total_records": 192}
{"batch_index": 1, "budget_used": 3600, "completed_records": 16, "event": "evaluation_batch_committed", "name": "S-D_eval_F_sampled_t0", "total_records": 192}
{"batch_index": 2, "budget_used": 3608, "completed_records": 24, "event": "evaluation_batch_committed", "name": "S-D_eval_F_sampled_t0", "total_records": 192}
{"batch_index": 3, "budget_used": 3616, "completed_records": 32, "event": "evaluation_batch_committed", "name": "S-D_eval_F_sampled_t0", "total_records": 192}
{"batch_index": 4, "budget_used": 3624, "completed_records": 40, "event": "evaluation_batch_committed", "name": "S-D_eval_F_sampled_t0", "total_records": 192}
{"batch_index": 5, "budget_used": 3632, "completed_records": 48, "event": "evaluation_batch_committed", "name": "S-D_eval_F_sampled_t0", "total_records": 192}
{"batch_index": 6, "budget_used": 3640, "completed_records": 56, "event": "evaluation_batch_committed", "name": "S-D_eval_F_sampled_t0", "total_records": 192}
{"batch_index": 7, "budget_used": 3648, "completed_records": 64, "event": "evaluation_batch_committed", "name": "S-D_eval_F_sampled_t0", "total_records": 192}
{"batch_index": 8, "budget_used": 3656, "completed_records": 72, "event": "evaluation_batch_committed", "name": "S-D_eval_F_sampled_t0", "total_records": 192}
{"batch_index": 9, "budget_used": 3664, "completed_records": 80, "event": "evaluation_batch_committed", "name": "S-D_eval_F_sampled_t0", "total_records": 192}
{"batch_index": 10, "budget_used": 3672, "completed_records": 88, "event": "evaluation_batch_committed", "name": "S-D_eval_F_sampled_t0", "total_records": 192}
{"batch_index": 11, "budget_used": 3680, "completed_records": 96, "event": "evaluation_batch_committed", "name": "S-D_eval_F_sampled_t0", "total_records": 192}
{"batch_index": 12, "budget_used": 3688, "completed_records": 104, "event": "evaluation_batch_committed", "name": "S-D_eval_F_sampled_t0", "total_records": 192}
{"batch_index": 13, "budget_used": 3696, "completed_records": 112, "event": "evaluation_batch_committed", "name": "S-D_eval_F_sampled_t0", "total_records": 192}
{"batch_index": 14, "budget_used": 3704, "completed_records": 120, "event": "evaluation_batch_committed", "name": "S-D_eval_F_sampled_t0", "total_records": 192}
{"batch_index": 15, "budget_used": 3712, "completed_records": 128, "event": "evaluation_batch_committed", "name": "S-D_eval_F_sampled_t0", "total_records": 192}
{"batch_index": 16, "budget_used": 3720, "completed_records": 136, "event": "evaluation_batch_committed", "name": "S-D_eval_F_sampled_t0", "total_records": 192}
{"batch_index": 17, "budget_used": 3728, "completed_records": 144, "event": "evaluation_batch_committed", "name": "S-D_eval_F_sampled_t0", "total_records": 192}
{"batch_index": 18, "budget_used": 3736, "completed_records": 152, "event": "evaluation_batch_committed", "name": "S-D_eval_F_sampled_t0", "total_records": 192}
{"batch_index": 19, "budget_used": 3744, "completed_records": 160, "event": "evaluation_batch_committed", "name": "S-D_eval_F_sampled_t0", "total_records": 192}
{"batch_index": 20, "budget_used": 3752, "completed_records": 168, "event": "evaluation_batch_committed", "name": "S-D_eval_F_sampled_t0", "total_records": 192}
{"batch_index": 21, "budget_used": 3760, "completed_records": 176, "event": "evaluation_batch_committed", "name": "S-D_eval_F_sampled_t0", "total_records": 192}
{"batch_index": 22, "budget_used": 3768, "completed_records": 184, "event": "evaluation_batch_committed", "name": "S-D_eval_F_sampled_t0", "total_records": 192}
{"batch_index": 23, "budget_used": 3776, "completed_records": 192, "event": "evaluation_batch_committed", "name": "S-D_eval_F_sampled_t0", "total_records": 192}
{"batch_index": 0, "budget_used": 3784, "completed_records": 8, "event": "evaluation_batch_committed", "name": "S-D_eval_F_sampled_t1", "total_records": 192}
{"batch_index": 1, "budget_used": 3792, "completed_records": 16, "event": "evaluation_batch_committed", "name": "S-D_eval_F_sampled_t1", "total_records": 192}
{"batch_index": 2, "budget_used": 3800, "completed_records": 24, "event": "evaluation_batch_committed", "name": "S-D_eval_F_sampled_t1", "total_records": 192}
{"batch_index": 3, "budget_used": 3808, "completed_records": 32, "event": "evaluation_batch_committed", "name": "S-D_eval_F_sampled_t1", "total_records": 192}
{"batch_index": 4, "budget_used": 3816, "completed_records": 40, "event": "evaluation_batch_committed", "name": "S-D_eval_F_sampled_t1", "total_records": 192}
{"batch_index": 5, "budget_used": 3824, "completed_records": 48, "event": "evaluation_batch_committed", "name": "S-D_eval_F_sampled_t1", "total_records": 192}
{"batch_index": 6, "budget_used": 3832, "completed_records": 56, "event": "evaluation_batch_committed", "name": "S-D_eval_F_sampled_t1", "total_records": 192}
{"batch_index": 7, "budget_used": 3840, "completed_records": 64, "event": "evaluation_batch_committed", "name": "S-D_eval_F_sampled_t1", "total_records": 192}
{"batch_index": 8, "budget_used": 3848, "completed_records": 72, "event": "evaluation_batch_committed", "name": "S-D_eval_F_sampled_t1", "total_records": 192}
{"batch_index": 9, "budget_used": 3856, "completed_records": 80, "event": "evaluation_batch_committed", "name": "S-D_eval_F_sampled_t1", "total_records": 192}
{"batch_index": 10, "budget_used": 3864, "completed_records": 88, "event": "evaluation_batch_committed", "name": "S-D_eval_F_sampled_t1", "total_records": 192}
{"batch_index": 11, "budget_used": 3872, "completed_records": 96, "event": "evaluation_batch_committed", "name": "S-D_eval_F_sampled_t1", "total_records": 192}
{"batch_index": 12, "budget_used": 3880, "completed_records": 104, "event": "evaluation_batch_committed", "name": "S-D_eval_F_sampled_t1", "total_records": 192}
{"batch_index": 13, "budget_used": 3888, "completed_records": 112, "event": "evaluation_batch_committed", "name": "S-D_eval_F_sampled_t1", "total_records": 192}
{"batch_index": 14, "budget_used": 3896, "completed_records": 120, "event": "evaluation_batch_committed", "name": "S-D_eval_F_sampled_t1", "total_records": 192}
{"batch_index": 15, "budget_used": 3904, "completed_records": 128, "event": "evaluation_batch_committed", "name": "S-D_eval_F_sampled_t1", "total_records": 192}
{"batch_index": 16, "budget_used": 3912, "completed_records": 136, "event": "evaluation_batch_committed", "name": "S-D_eval_F_sampled_t1", "total_records": 192}
{"batch_index": 17, "budget_used": 3920, "completed_records": 144, "event": "evaluation_batch_committed", "name": "S-D_eval_F_sampled_t1", "total_records": 192}
{"batch_index": 18, "budget_used": 3928, "completed_records": 152, "event": "evaluation_batch_committed", "name": "S-D_eval_F_sampled_t1", "total_records": 192}
{"batch_index": 19, "budget_used": 3936, "completed_records": 160, "event": "evaluation_batch_committed", "name": "S-D_eval_F_sampled_t1", "total_records": 192}
{"batch_index": 20, "budget_used": 3944, "completed_records": 168, "event": "evaluation_batch_committed", "name": "S-D_eval_F_sampled_t1", "total_records": 192}
{"batch_index": 21, "budget_used": 3952, "completed_records": 176, "event": "evaluation_batch_committed", "name": "S-D_eval_F_sampled_t1", "total_records": 192}
{"batch_index": 22, "budget_used": 3960, "completed_records": 184, "event": "evaluation_batch_committed", "name": "S-D_eval_F_sampled_t1", "total_records": 192}
{"batch_index": 23, "budget_used": 3968, "completed_records": 192, "event": "evaluation_batch_committed", "name": "S-D_eval_F_sampled_t1", "total_records": 192}
{"batch_index": 0, "budget_used": 3976, "completed_records": 8, "event": "evaluation_batch_committed", "name": "P-U_eval_F_sampled_t0", "total_records": 192}
{"batch_index": 1, "budget_used": 3984, "completed_records": 16, "event": "evaluation_batch_committed", "name": "P-U_eval_F_sampled_t0", "total_records": 192}
{"batch_index": 2, "budget_used": 3992, "completed_records": 24, "event": "evaluation_batch_committed", "name": "P-U_eval_F_sampled_t0", "total_records": 192}
{"batch_index": 3, "budget_used": 4000, "completed_records": 32, "event": "evaluation_batch_committed", "name": "P-U_eval_F_sampled_t0", "total_records": 192}
{"batch_index": 4, "budget_used": 4008, "completed_records": 40, "event": "evaluation_batch_committed", "name": "P-U_eval_F_sampled_t0", "total_records": 192}
{"batch_index": 5, "budget_used": 4016, "completed_records": 48, "event": "evaluation_batch_committed", "name": "P-U_eval_F_sampled_t0", "total_records": 192}
{"batch_index": 6, "budget_used": 4024, "completed_records": 56, "event": "evaluation_batch_committed", "name": "P-U_eval_F_sampled_t0", "total_records": 192}
{"batch_index": 7, "budget_used": 4032, "completed_records": 64, "event": "evaluation_batch_committed", "name": "P-U_eval_F_sampled_t0", "total_records": 192}
{"batch_index": 8, "budget_used": 4040, "completed_records": 72, "event": "evaluation_batch_committed", "name": "P-U_eval_F_sampled_t0", "total_records": 192}
{"batch_index": 9, "budget_used": 4048, "completed_records": 80, "event": "evaluation_batch_committed", "name": "P-U_eval_F_sampled_t0", "total_records": 192}
{"batch_index": 10, "budget_used": 4056, "completed_records": 88, "event": "evaluation_batch_committed", "name": "P-U_eval_F_sampled_t0", "total_records": 192}
{"batch_index": 11, "budget_used": 4064, "completed_records": 96, "event": "evaluation_batch_committed", "name": "P-U_eval_F_sampled_t0", "total_records": 192}
{"batch_index": 12, "budget_used": 4072, "completed_records": 104, "event": "evaluation_batch_committed", "name": "P-U_eval_F_sampled_t0", "total_records": 192}
{"batch_index": 13, "budget_used": 4080, "completed_records": 112, "event": "evaluation_batch_committed", "name": "P-U_eval_F_sampled_t0", "total_records": 192}
{"batch_index": 14, "budget_used": 4088, "completed_records": 120, "event": "evaluation_batch_committed", "name": "P-U_eval_F_sampled_t0", "total_records": 192}
{"batch_index": 15, "budget_used": 4096, "completed_records": 128, "event": "evaluation_batch_committed", "name": "P-U_eval_F_sampled_t0", "total_records": 192}
{"batch_index": 16, "budget_used": 4104, "completed_records": 136, "event": "evaluation_batch_committed", "name": "P-U_eval_F_sampled_t0", "total_records": 192}
{"batch_index": 17, "budget_used": 4112, "completed_records": 144, "event": "evaluation_batch_committed", "name": "P-U_eval_F_sampled_t0", "total_records": 192}
{"batch_index": 18, "budget_used": 4120, "completed_records": 152, "event": "evaluation_batch_committed", "name": "P-U_eval_F_sampled_t0", "total_records": 192}
{"batch_index": 19, "budget_used": 4128, "completed_records": 160, "event": "evaluation_batch_committed", "name": "P-U_eval_F_sampled_t0", "total_records": 192}
{"batch_index": 20, "budget_used": 4136, "completed_records": 168, "event": "evaluation_batch_committed", "name": "P-U_eval_F_sampled_t0", "total_records": 192}
{"batch_index": 21, "budget_used": 4144, "completed_records": 176, "event": "evaluation_batch_committed", "name": "P-U_eval_F_sampled_t0", "total_records": 192}
{"batch_index": 22, "budget_used": 4152, "completed_records": 184, "event": "evaluation_batch_committed", "name": "P-U_eval_F_sampled_t0", "total_records": 192}
{"batch_index": 23, "budget_used": 4160, "completed_records": 192, "event": "evaluation_batch_committed", "name": "P-U_eval_F_sampled_t0", "total_records": 192}
{"batch_index": 0, "budget_used": 4168, "completed_records": 8, "event": "evaluation_batch_committed", "name": "P-U_eval_F_sampled_t1", "total_records": 192}
{"batch_index": 1, "budget_used": 4176, "completed_records": 16, "event": "evaluation_batch_committed", "name": "P-U_eval_F_sampled_t1", "total_records": 192}
{"batch_index": 2, "budget_used": 4184, "completed_records": 24, "event": "evaluation_batch_committed", "name": "P-U_eval_F_sampled_t1", "total_records": 192}
{"batch_index": 3, "budget_used": 4192, "completed_records": 32, "event": "evaluation_batch_committed", "name": "P-U_eval_F_sampled_t1", "total_records": 192}
{"batch_index": 4, "budget_used": 4200, "completed_records": 40, "event": "evaluation_batch_committed", "name": "P-U_eval_F_sampled_t1", "total_records": 192}
{"batch_index": 5, "budget_used": 4208, "completed_records": 48, "event": "evaluation_batch_committed", "name": "P-U_eval_F_sampled_t1", "total_records": 192}
{"batch_index": 6, "budget_used": 4216, "completed_records": 56, "event": "evaluation_batch_committed", "name": "P-U_eval_F_sampled_t1", "total_records": 192}
{"batch_index": 7, "budget_used": 4224, "completed_records": 64, "event": "evaluation_batch_committed", "name": "P-U_eval_F_sampled_t1", "total_records": 192}
{"batch_index": 8, "budget_used": 4232, "completed_records": 72, "event": "evaluation_batch_committed", "name": "P-U_eval_F_sampled_t1", "total_records": 192}
{"batch_index": 9, "budget_used": 4240, "completed_records": 80, "event": "evaluation_batch_committed", "name": "P-U_eval_F_sampled_t1", "total_records": 192}
{"batch_index": 10, "budget_used": 4248, "completed_records": 88, "event": "evaluation_batch_committed", "name": "P-U_eval_F_sampled_t1", "total_records": 192}
{"batch_index": 11, "budget_used": 4256, "completed_records": 96, "event": "evaluation_batch_committed", "name": "P-U_eval_F_sampled_t1", "total_records": 192}
{"batch_index": 12, "budget_used": 4264, "completed_records": 104, "event": "evaluation_batch_committed", "name": "P-U_eval_F_sampled_t1", "total_records": 192}
{"batch_index": 13, "budget_used": 4272, "completed_records": 112, "event": "evaluation_batch_committed", "name": "P-U_eval_F_sampled_t1", "total_records": 192}
{"batch_index": 14, "budget_used": 4280, "completed_records": 120, "event": "evaluation_batch_committed", "name": "P-U_eval_F_sampled_t1", "total_records": 192}
{"batch_index": 15, "budget_used": 4288, "completed_records": 128, "event": "evaluation_batch_committed", "name": "P-U_eval_F_sampled_t1", "total_records": 192}
{"batch_index": 16, "budget_used": 4296, "completed_records": 136, "event": "evaluation_batch_committed", "name": "P-U_eval_F_sampled_t1", "total_records": 192}
{"batch_index": 17, "budget_used": 4304, "completed_records": 144, "event": "evaluation_batch_committed", "name": "P-U_eval_F_sampled_t1", "total_records": 192}
{"batch_index": 18, "budget_used": 4312, "completed_records": 152, "event": "evaluation_batch_committed", "name": "P-U_eval_F_sampled_t1", "total_records": 192}
{"batch_index": 19, "budget_used": 4320, "completed_records": 160, "event": "evaluation_batch_committed", "name": "P-U_eval_F_sampled_t1", "total_records": 192}
{"batch_index": 20, "budget_used": 4328, "completed_records": 168, "event": "evaluation_batch_committed", "name": "P-U_eval_F_sampled_t1", "total_records": 192}
{"batch_index": 21, "budget_used": 4336, "completed_records": 176, "event": "evaluation_batch_committed", "name": "P-U_eval_F_sampled_t1", "total_records": 192}
{"batch_index": 22, "budget_used": 4344, "completed_records": 184, "event": "evaluation_batch_committed", "name": "P-U_eval_F_sampled_t1", "total_records": 192}
{"batch_index": 23, "budget_used": 4352, "completed_records": 192, "event": "evaluation_batch_committed", "name": "P-U_eval_F_sampled_t1", "total_records": 192}
{"batch_index": 0, "budget_used": 4360, "completed_records": 8, "event": "evaluation_batch_committed", "name": "P-D_eval_F_sampled_t0", "total_records": 192}
{"batch_index": 1, "budget_used": 4368, "completed_records": 16, "event": "evaluation_batch_committed", "name": "P-D_eval_F_sampled_t0", "total_records": 192}
{"batch_index": 2, "budget_used": 4376, "completed_records": 24, "event": "evaluation_batch_committed", "name": "P-D_eval_F_sampled_t0", "total_records": 192}
{"batch_index": 3, "budget_used": 4384, "completed_records": 32, "event": "evaluation_batch_committed", "name": "P-D_eval_F_sampled_t0", "total_records": 192}
{"batch_index": 4, "budget_used": 4392, "completed_records": 40, "event": "evaluation_batch_committed", "name": "P-D_eval_F_sampled_t0", "total_records": 192}
{"batch_index": 5, "budget_used": 4400, "completed_records": 48, "event": "evaluation_batch_committed", "name": "P-D_eval_F_sampled_t0", "total_records": 192}
{"batch_index": 6, "budget_used": 4408, "completed_records": 56, "event": "evaluation_batch_committed", "name": "P-D_eval_F_sampled_t0", "total_records": 192}
{"batch_index": 7, "budget_used": 4416, "completed_records": 64, "event": "evaluation_batch_committed", "name": "P-D_eval_F_sampled_t0", "total_records": 192}
{"batch_index": 8, "budget_used": 4424, "completed_records": 72, "event": "evaluation_batch_committed", "name": "P-D_eval_F_sampled_t0", "total_records": 192}
{"batch_index": 9, "budget_used": 4432, "completed_records": 80, "event": "evaluation_batch_committed", "name": "P-D_eval_F_sampled_t0", "total_records": 192}
{"batch_index": 10, "budget_used": 4440, "completed_records": 88, "event": "evaluation_batch_committed", "name": "P-D_eval_F_sampled_t0", "total_records": 192}
{"batch_index": 11, "budget_used": 4448, "completed_records": 96, "event": "evaluation_batch_committed", "name": "P-D_eval_F_sampled_t0", "total_records": 192}
{"batch_index": 12, "budget_used": 4456, "completed_records": 104, "event": "evaluation_batch_committed", "name": "P-D_eval_F_sampled_t0", "total_records": 192}
{"batch_index": 13, "budget_used": 4464, "completed_records": 112, "event": "evaluation_batch_committed", "name": "P-D_eval_F_sampled_t0", "total_records": 192}
{"batch_index": 14, "budget_used": 4472, "completed_records": 120, "event": "evaluation_batch_committed", "name": "P-D_eval_F_sampled_t0", "total_records": 192}
{"batch_index": 15, "budget_used": 4480, "completed_records": 128, "event": "evaluation_batch_committed", "name": "P-D_eval_F_sampled_t0", "total_records": 192}
{"batch_index": 16, "budget_used": 4488, "completed_records": 136, "event": "evaluation_batch_committed", "name": "P-D_eval_F_sampled_t0", "total_records": 192}
{"batch_index": 17, "budget_used": 4496, "completed_records": 144, "event": "evaluation_batch_committed", "name": "P-D_eval_F_sampled_t0", "total_records": 192}
{"batch_index": 18, "budget_used": 4504, "completed_records": 152, "event": "evaluation_batch_committed", "name": "P-D_eval_F_sampled_t0", "total_records": 192}
{"batch_index": 19, "budget_used": 4512, "completed_records": 160, "event": "evaluation_batch_committed", "name": "P-D_eval_F_sampled_t0", "total_records": 192}
{"batch_index": 20, "budget_used": 4520, "completed_records": 168, "event": "evaluation_batch_committed", "name": "P-D_eval_F_sampled_t0", "total_records": 192}
{"batch_index": 21, "budget_used": 4528, "completed_records": 176, "event": "evaluation_batch_committed", "name": "P-D_eval_F_sampled_t0", "total_records": 192}
{"batch_index": 22, "budget_used": 4536, "completed_records": 184, "event": "evaluation_batch_committed", "name": "P-D_eval_F_sampled_t0", "total_records": 192}
{"batch_index": 23, "budget_used": 4544, "completed_records": 192, "event": "evaluation_batch_committed", "name": "P-D_eval_F_sampled_t0", "total_records": 192}
{"batch_index": 0, "budget_used": 4552, "completed_records": 8, "event": "evaluation_batch_committed", "name": "P-D_eval_F_sampled_t1", "total_records": 192}
{"batch_index": 1, "budget_used": 4560, "completed_records": 16, "event": "evaluation_batch_committed", "name": "P-D_eval_F_sampled_t1", "total_records": 192}
{"batch_index": 2, "budget_used": 4568, "completed_records": 24, "event": "evaluation_batch_committed", "name": "P-D_eval_F_sampled_t1", "total_records": 192}
{"batch_index": 3, "budget_used": 4576, "completed_records": 32, "event": "evaluation_batch_committed", "name": "P-D_eval_F_sampled_t1", "total_records": 192}
{"batch_index": 4, "budget_used": 4584, "completed_records": 40, "event": "evaluation_batch_committed", "name": "P-D_eval_F_sampled_t1", "total_records": 192}
{"batch_index": 5, "budget_used": 4592, "completed_records": 48, "event": "evaluation_batch_committed", "name": "P-D_eval_F_sampled_t1", "total_records": 192}
{"batch_index": 6, "budget_used": 4600, "completed_records": 56, "event": "evaluation_batch_committed", "name": "P-D_eval_F_sampled_t1", "total_records": 192}
{"batch_index": 7, "budget_used": 4608, "completed_records": 64, "event": "evaluation_batch_committed", "name": "P-D_eval_F_sampled_t1", "total_records": 192}
{"batch_index": 8, "budget_used": 4616, "completed_records": 72, "event": "evaluation_batch_committed", "name": "P-D_eval_F_sampled_t1", "total_records": 192}
{"batch_index": 9, "budget_used": 4624, "completed_records": 80, "event": "evaluation_batch_committed", "name": "P-D_eval_F_sampled_t1", "total_records": 192}
{"batch_index": 10, "budget_used": 4632, "completed_records": 88, "event": "evaluation_batch_committed", "name": "P-D_eval_F_sampled_t1", "total_records": 192}
{"batch_index": 11, "budget_used": 4640, "completed_records": 96, "event": "evaluation_batch_committed", "name": "P-D_eval_F_sampled_t1", "total_records": 192}
{"batch_index": 12, "budget_used": 4648, "completed_records": 104, "event": "evaluation_batch_committed", "name": "P-D_eval_F_sampled_t1", "total_records": 192}
{"batch_index": 13, "budget_used": 4656, "completed_records": 112, "event": "evaluation_batch_committed", "name": "P-D_eval_F_sampled_t1", "total_records": 192}
{"batch_index": 14, "budget_used": 4664, "completed_records": 120, "event": "evaluation_batch_committed", "name": "P-D_eval_F_sampled_t1", "total_records": 192}
{"batch_index": 15, "budget_used": 4672, "completed_records": 128, "event": "evaluation_batch_committed", "name": "P-D_eval_F_sampled_t1", "total_records": 192}
{"batch_index": 16, "budget_used": 4680, "completed_records": 136, "event": "evaluation_batch_committed", "name": "P-D_eval_F_sampled_t1", "total_records": 192}
{"batch_index": 17, "budget_used": 4688, "completed_records": 144, "event": "evaluation_batch_committed", "name": "P-D_eval_F_sampled_t1", "total_records": 192}
{"batch_index": 18, "budget_used": 4696, "completed_records": 152, "event": "evaluation_batch_committed", "name": "P-D_eval_F_sampled_t1", "total_records": 192}
{"batch_index": 19, "budget_used": 4704, "completed_records": 160, "event": "evaluation_batch_committed", "name": "P-D_eval_F_sampled_t1", "total_records": 192}
{"batch_index": 20, "budget_used": 4712, "completed_records": 168, "event": "evaluation_batch_committed", "name": "P-D_eval_F_sampled_t1", "total_records": 192}
{"batch_index": 21, "budget_used": 4720, "completed_records": 176, "event": "evaluation_batch_committed", "name": "P-D_eval_F_sampled_t1", "total_records": 192}
{"batch_index": 22, "budget_used": 4728, "completed_records": 184, "event": "evaluation_batch_committed", "name": "P-D_eval_F_sampled_t1", "total_records": 192}
{"batch_index": 23, "budget_used": 4736, "completed_records": 192, "event": "evaluation_batch_committed", "name": "P-D_eval_F_sampled_t1", "total_records": 192}
