split,numbers,number_group_hash,reason,target
train,"[3, 5, 7, 39]",7c2e2a80327c3c4455a285155bf81b7e934e47301a4a5c8c139a5277ddd8ee42,included,95
train,"[8, 14, 15, 30]",f68351daafc6154d76a2ba3d22da9c22bbfcc3b3515b5e7323fb5c7f00db3066,included,20
train,"[9, 11, 14, 34]",529f4e71a3e8fc9b927ea61e6ebbcdc3e2c988a3dee6ba68f1e2ef1eef566f11,included,89
train,"[3, 7, 8, 35]",a5bcaae300dca7867d7c8cef7f3dab24d88fa65ab99b1ba5e0fe37681a2b16c6,included,88
train,"[11, 18, 29, 34]",9377e200b64ed02e5842f4915131001ecc2ecd650909ef0efc3e3b2f1ecdd162,included,73
train,"[16, 20, 30, 32]",923235dc3dfa0f884ca1c78e7c3bd422665c13e3774eb76cc2c8e4b8b7a4fa69,included,32
train,"[2, 6, 28, 30]",cb36184bfad295d29df1e48151fd799a11de1d946e6ef1aa3482ae725743871f,included,92
train,"[5, 10, 29, 36]",c5eec6dfefa3bfef10bc11adfac95b71d9c0d54d487c27fb6a08a8d401b93bbd,included,15
train,"[1, 3, 6, 17]",aa9cf011257319132bf50e985cf6a1fb6fbf0c41b7fa5ef065d30dbeb2495667,included,48
train,"[8, 22, 24, 29]",539bd1487f8a652570ebdabe4857c5ec357dd01ce8d76b3646993c93dd6f6232,included,45
train,"[2, 18, 20, 35]",496176d150232d585c19294292e0b83ef97337a55d84e7b06ba32bb98030a856,included,51
train,"[9, 11, 14, 26]",2b6510e3e27e4fb4dd04c41f4f84ff69b3b70764db2bd1b93dc659a6681884ef,included,38
train,"[8, 28, 30, 32]",edf653217e2455ef8ccfd66a88c2e802ac93fce104806b334322516388d574eb,included,72
train,"[3, 17, 19, 29]",70da950c855462ac45d0febc36273eccb785c7e643af00dfea9813839fc98f65,included,69
train,"[8, 14, 28, 39]",1bce0c1f4702af2448bbc30189c33fb7f1e96e1bb5815e5022b0465c1e7028d0,included,45
train,"[2, 10, 39, 40]",b569aff1efc7ea5ebec29d1b7814365dd9307436c7f34e8db09c1e4a485251f7,included,12
train,"[4, 12, 38, 39]",201f34e4f8b8daa41399748abbae667fa689ec9b7cf0fa3caaeed014dc140b26,included,75
train,"[22, 34, 39, 40]",67263018882b3f815c2a630f4bd3fe1b9f4741ed7f6b585e46da7da4ea005907,included,12
train,"[2, 7, 22, 26]",46920fb4a5f033b1bd1af6680f7b1af67453592642ee6d80cc95a3b46b085614,included,44
train,"[4, 23, 31, 37]",a010436e5d42d96c6c04c18b45127cd5666a37e39d495f1971d5d33c90fe4c25,included,87
train,"[10, 23, 28, 31]",81f7f9e94a55a427c4ae285a273f0a9fe2dddea70c612ab67071b738e25828b5,included,79
train,"[13, 30, 33, 36]",e61ef87e8b89e767a2fec5d6dcceabeda90db4c58f67cb368ece46146f05292e,included,69
train,"[7, 19, 21, 38]",52c0f8cd2c572dd27d01994548aeb94af4f7eb4c018d3c5e45c21d29fb73a3e9,included,35
train,"[15, 26, 30, 32]",ab3be311c2b70342a63f01d4a3b4535c923e5d3058a63b00a2386580c17147dd,included,28
train,"[11, 16, 20, 32]",0880ea481c23d9d7d6e63f4f485f8d739b6f5e25b7f383b7f32ced5c8a23c10f,included,32
train,"[1, 13, 14, 31]",f61ba6d19749c9f3a964a61582154014beab983a0c4f0d60e6d461d43999e012,included,32
train,"[1, 3, 4, 7]",714972aa5e3a235b61d0ac3293b24b53e1df784416f78a8adea01d13eb1ef542,included,25
train,"[9, 18, 24, 34]",46f4c928b34732f95950fca47e0675d79c75d2a9b67d0d93c820e2d4a3c4ddd3,included,88
train,"[10, 22, 26, 28]",a88e96ef61ab75cd173b47d5c88794d7b888be9f3492472c940733c8c86dabda,included,34
train,"[2, 4, 7, 18]",aa65f702848e84a5d6a2b175a2743ce17dc25a51f56c008a276ba742d2fba6fc,included,52
train,"[4, 13, 18, 28]",ec59af9cd6348de03c87cdc073bdaf242e6081b3f8e26365d141f681858920fb,included,27
train,"[7, 13, 34, 38]",ba7b90195ea048fa5c6244c132fc3e7ff47e0c360a868169a579d0fd3bc00ed3,included,95
train,"[1, 17, 31, 39]",e23dda9984ca1a5c6a57cc8a1ec02227e8ead3b70f563924596ff603ba0b66d7,included,53
train,"[11, 15, 20, 23]",230cfef2641c7eaf79cbb7ba44f2dc8f958162589d293f178c74fa7056d68428,included,78
train,"[5, 15, 26, 39]",b5bb1105efd48853ee645eb5e3040a090c52bdf494a5985874f3282b3b57e731,included,39
train,"[10, 12, 34, 37]",7828b0413dd32b0ce38019552027179126b6b5419e46e3de766928ce4e13b4e8,included,42
train,"[10, 11, 15, 37]",3e9fa33819756ae9b69a5e5b5cc7306f8b10236fe727353c0fa330e54a64130a,included,22
train,"[17, 22, 25, 26]",791228a9ed49bc1b567d0f24af5001d76403e243e092b06aacf54f8ba750cdee,included,93
train,"[4, 10, 27, 32]",be900ec5d0632389ec10e3697f59f86e2561d4533147387c131e5abb0da165b4,included,30
train,"[5, 23, 25, 37]",64544e9b625b891262a38228fd9c9c5619f780f91d04c5c06b5d3d4111262f70,included,83
train,"[4, 18, 29, 40]",833c516be79659dfbbf8f9dac9af499902fadbfae9812d90b7f4e846482286eb,included,94
train,"[3, 4, 32, 34]",194546ba18aacf5b2e02549742712953c0fab9c67a00d6f980622d45b701e071,included,66
train,"[3, 7, 23, 25]",8ec387cff472c055ff340dd9cffbe04c6cca1bd32ff7130c392a698cf48805de,included,87
train,"[5, 15, 21, 38]",6f2ccdd34190fb2255eef7f4afd75342618728276282fe832a5214a9daab20f3,included,58
train,"[5, 7, 18, 24]",66ebcd14bd1fb506dcc862f439055b19467a817a0bb72b2ebd98c923afa4efea,included,79
train,"[9, 26, 28, 37]",1c1ba0b835c70cdb4eb6cfddee7dced0acc8e51186c71cc41e1a598fc16cb122,included,55
train,"[13, 18, 28, 38]",8cefd4fc5f89c9cda6445dd1c7608260c19339b31ba315c7854bcb41b8d40603,no_supported_pair,
train,"[10, 13, 35, 39]",11c725d6cd8e3f578cbd840e0d4b5933833409ce7f40ff9c8ce164d9c2e61f3e,included,62
train,"[2, 7, 9, 40]",9256ce8ccadcb5928e61e1ff6b43a6b2ecf05a92482832c391b0d6edca5ab3ce,included,89
train,"[7, 19, 29, 38]",2f7a7eaa38c4e1ce75eceb713969c07a36a03446385a2009383643483e558622,included,82
train,"[3, 18, 25, 32]",fb93f45e1c3bb40d1ad87eaf5a62928097c28a4e57e69797865e18661cdb7d69,included,39
train,"[9, 11, 38, 40]",a417e4bd309b73e0dd8f9643b9ea42060715e591270adee40dc43bb48c49eb84,included,36
train,"[9, 18, 30, 34]",d4a837daeaeb3eb32d910c90ac1e1e3346c2a0fdcbc555c69b01daf12fe5abb2,included,26
train,"[7, 21, 23, 38]",bdfc9fb5af2c7ecb82bd713a0a7953b4af51220a7bb6fed3974fa40e001c7932,included,91
train,"[15, 22, 28, 29]",48e36c6dd96cb5209701c3577338a3668f7ea6ab302f05621d710dd4057e4965,included,37
train,"[1, 11, 15, 34]",441775822f12a9ee29c2ca279c9f761286f9e93c3ed408d9f25cfcdc8f09ed86,included,30
train,"[5, 23, 26, 37]",be7efc378cf86daade66f516ff76f23be62443b576ba84b3109bb5e27d85b7cf,included,52
train,"[1, 6, 10, 25]",0442ce7245bde78e358e50520082faa41a01480159358b2af7777805c914639c,included,91
train,"[4, 10, 15, 16]",338fab245bc35b9c4e3201eb914be7003fe99c73c8fc558568d1d6c5d4f50b4f,included,89
train,"[2, 7, 12, 26]",2b5041ff00843ff8c74839bdd84ba63791606642052dc6daa41a9cb905d68cc5,included,35
train,"[14, 20, 24, 32]",38e88ecd98b00bdd640a4efa31dcfe1602f142f71be0c72593682f328438a026,included,24
train,"[1, 2, 24, 30]",ea7a021ef9911a4f360c9736e6fa331e4f18f1851b004a9c1821317491b21181,included,17
train,"[14, 19, 23, 32]",22bbbcfa9276bec4f96281cb4f0d28e3eec06668d7cea689ca1cdbde87e2b4c0,included,88
train,"[8, 9, 27, 38]",e49f11f23890a73f02633ce6ef0101b0848cc26b8ac5cf279175b8b965348cb9,included,11
train,"[1, 18, 33, 36]",b63b3e4427a112a94404832bf9e7eaa12d5400b34215f0b2fe9c0948cb823a6e,included,54
train,"[8, 11, 15, 22]",ac022ace5520035a8fa7cdec10968ed81b901344d655226f91aecdc28b2dd10c,included,85
train,"[10, 29, 33, 39]",5162df1044d1d4f6275f1a01a748de46c690f66bdf9d2afe86c99832b7ca6404,included,79
train,"[11, 13, 16, 26]",72ec134430eb780051f96a3b09db29797216b600bad95d8860d0ff505c6fbef7,included,21
train,"[2, 26, 37, 40]",23b688c9a761617ce8dba8a656ac412b8280f632aa21ed7f3db90b17bbc4de33,included,49
train,"[5, 24, 36, 38]",9ca927f883eb87f5e983757ec9e85e932e4bb025f1aad9ec0c9de0d740f5442a,included,22
train,"[4, 19, 36, 39]",68d4f4467ecadfff816fb3c2ab2a24c0250428c01d3ca19a6480a2496b2d9856,included,73
train,"[4, 7, 30, 37]",5be1bb009326cf6eb8eb705dd4e249039641c321755d79bee788dae4eaa0d5f4,included,21
train,"[8, 20, 23, 28]",4b425b76acce831bc6b84c7fee63a52be1e93375ad06bdbd47c4b9ed36ed3e21,included,60
train,"[1, 22, 39, 40]",d44bf20428dce4246fee19c5d36c5295100635b8e05dfe72f504ccef57d7eb9e,included,21
train,"[8, 23, 29, 39]",ba5e7aea4c1e366a4a84817098d0ced65e18ff6446ccb7d6fdb169cd06d85e70,included,99
train,"[12, 16, 17, 24]",f768b21f88796d0ef28803e5e17bf99811e09d8527cabbc15651cbcec50ee453,included,12
train,"[12, 14, 24, 29]",98c813297cea6c2b0c008624fd1488f6c5b2c4495708eb2efd26c1d9bc0c316d,included,12
train,"[6, 11, 13, 21]",a5e474e50c703369edc6546a220c2ad644d761e7bcf8bf083cbf205656dd5aac,included,48
train,"[6, 7, 21, 35]",721a5e9a00462cb18335bb065556c1d9f39cb667fbe2ead8acae88727e5b14b5,included,17
train,"[22, 27, 32, 40]",b474ee007dbd04dd2dfde01f323a3f6b46f9c478506ccad7b008a66f36348eab,no_supported_pair,
train,"[15, 17, 27, 33]",1bd0e0ef793a0884c6837c4385578c2eeb5fc0e3e8ced6c73d8492cf634f1149,included,21
train,"[3, 6, 18, 38]",56a2f104d20ca6de6100fc5b355b8a798a2c625d388e2b405c4bca998bfbde24,included,74
train,"[5, 10, 21, 30]",be80a177b4152c94ce90555235fe10f90c78a2f5a580bdccaa4aa12f6d7a21b4,included,41
train,"[17, 23, 29, 30]",f971c825168cac70c95fc3682b493d6ab1d5f928e713823ea762de1b30894b59,included,40
train,"[2, 4, 12, 23]",0eae93d2cf9b0fd5f725ddf266cc86a807f3343ca33e63ed909f4c9e575303a9,included,92
train,"[3, 7, 19, 21]",d8f554e0105abcaaf616dbc24664de54a88bd6fd3892a4f30302b1cd44c24b5f,included,75
train,"[1, 9, 37, 38]",3de3fb7ab110528d127888c72166ffdeff8d7e9fe88593b66705db5b475f6895,included,66
train,"[10, 11, 12, 30]",8dee2763ed8b37820d8f8ad2e207c4f419343e6acc89cc2369c5da85ae98647f,included,52
train,"[8, 24, 30, 32]",537cfb3121772e972e6fc112ebfb2764d5ad26efa2f0bb3ffa0e669254d208b5,included,96
train,"[2, 8, 13, 28]",e9d7a26c187daa58e542dd993da95b75054dcff3b215811363614ff3c96497c3,included,60
train,"[11, 15, 21, 29]",6e97732d06c572627fcbfbd34484c00d914857c3c9a1479f2d15a7565115371a,included,95
train,"[25, 35, 36, 37]",adef4e0e5d30e0c73023e2bc4d7386d00815c309b113eb6f646ce4bc981c6ba8,included,10
train,"[13, 17, 24, 30]",3f04f37645e2f0243eb2833ec0c888d5c222654d5714e7748178d78768bb96ac,included,95
train,"[7, 17, 19, 31]",f1016c5ae4f07ac9477160d904d531d812b48e6ce7c4ec3011cbdac28768f92e,included,69
train,"[5, 10, 33, 35]",9821c924d407e6f5cf79f86b1c4ef87bb135c0fdf319de02943219a8836c1222,included,31
train,"[5, 21, 28, 40]",a205bc9c04e9e2c383b1737451f15043fde63b98a3cad940988e5dafa808b86c,included,25
train,"[10, 20, 24, 26]",36346cd2e454748dd5e5becbbb33b50d2dfba8a576e7dd3c5b63cbb85adf9ad4,included,14
train,"[12, 14, 17, 28]",aa2b3b7809a9e05153caee7bbc765b4b3cce97cd76a85f672823f236ed75f21c,included,22
train,"[1, 30, 31, 39]",362a8b134063756b50e03a1c021ccdd168ec857e617495fc6498a94dd9791421,included,39
train,"[6, 21, 27, 32]",95826f31a2292d9e7d8363e1d464f9d01cbb2c30243edd91773b51b0397cb163,included,51
train,"[6, 7, 25, 29]",fdd040305eac9363a51eb324e3ed3cc577e1452a715b3384f5e0052e148737b6,included,54
train,"[2, 4, 26, 29]",bf194b5e7c75e170b9a87207e6ed18069b8170dcb2129dc0920c960d31559a78,included,76
train,"[1, 7, 15, 23]",7bcaf18da0ed0a446522da27a123e3678854528be706978c84789103cc227d14,included,31
train,"[13, 14, 18, 40]",e1bec6a1920c04f832a7302104e6a9d8ef7bf8868fcc5759338bebd2e02261f7,included,92
train,"[17, 19, 38, 39]",a23f22fc03dbb95a787b77de32808f78e2e5d063942b96bd4b4b0433184abd89,included,37
train,"[12, 15, 27, 30]",9d4eaf773d7ee35ca7cd91bef84a8637803b8232274e9dc6c2345c17f4960498,included,51
train,"[1, 5, 26, 31]",ff88dbaaf2230db95aafb3a5b17ce94deb6b8c69c8c9431d7b4aab3f316d6708,included,10
train,"[5, 20, 32, 37]",6945f4c82ffecc6156c1ed6e46afdb8c697907de42b2599911c834361043b1d5,included,95
train,"[12, 15, 30, 32]",829687f14af5633b1d4866f374273e7e325c6e508e639d15d2ffbd389ad969c3,included,26
train,"[2, 11, 23, 28]",163438ce56ff4ccad6218f9367471c07132d5edc5e93c5019d4b15860bacdfe2,included,63
train,"[2, 5, 20, 26]",6cae8b499bdb0757a801044d8a218dd11b1ef34eeb611773f27977bdac0dc833,included,24
train,"[11, 12, 13, 39]",6bf04c81f3734428072c3a712320f6c93ec8d6e1fb826fcc866afefd78f394ba,included,63
train,"[2, 9, 13, 37]",9ecf465d5d494e9c581531952da018ac1833095d5cc7b105f09586d653e42902,included,43
train,"[9, 12, 26, 32]",3e4883dd5a050cd8835215906f2de2b97001cd620fc14c4eb97674ce7143abbd,included,81
train,"[1, 18, 21, 40]",70ac13f8be73e4400448673d9850a943c3399f17fe75bd6aa0c1f766550901ba,included,43
train,"[16, 32, 33, 35]",abe9542753278baa249e57abd44028e6b9ef71cc6517825ef03d0d2a51f6b0bc,included,19
train,"[21, 23, 37, 39]",ffc0e14fb91ea3ee0edb0d43387c3cd658b2046e0f876296371b85b8c6e33b15,included,65
train,"[2, 13, 20, 29]",4aea4d28a432f8cf5e04c3af8f9cb2ef41efbd8c4f3b0153a331f2c8a7807495,included,15
train,"[19, 23, 27, 39]",5647ebc95ffaddd6ce90bc15e83d4f596194a84743d97d94c519b65e796874c2,included,37
train,"[3, 6, 12, 13]",b491ffe1febd7c6c80750853430036b0b2a4a6f6225e100c953787217dc249ac,included,46
train,"[12, 15, 25, 34]",e4246b4665ead81f2c2637eea20406a280dcb105bfa7e113ad2cde61c4cef5d6,included,14
train,"[3, 8, 15, 34]",dfecd8769638c59e146c62edfa685ff8b780da0d7d42302708c9a6367857ffba,included,71
train,"[20, 24, 29, 32]",3d5c06c54f19d39ed77c33f2aca0a9286e794ae96b9b2ba86cc1f999d7cfd617,included,84
train,"[2, 24, 36, 39]",8177e968dc95ffb76b7115128744d86639abf56a38e8a76d164a7f32b133626a,included,90
train,"[2, 6, 32, 38]",aab83a4952022fa94f33f975a6454826b01e06a532af0afcf7872176ec73eb20,included,58
train,"[4, 16, 39, 40]",c43dd26edc13533c0a4884b094580d60e96f49f9c344ad77086e846072fc1ad4,included,65
train,"[6, 21, 23, 30]",dd4ad1304ed07d2c448fe5f26897c0c97ec8ab799cfdce34022a73a2e248a575,included,63
train,"[3, 24, 28, 40]",ce324bacc5b4c6e8bf72f13e23d970cb13f4bf5242c09f30610443ec2608808d,included,23
train,"[3, 5, 27, 30]",438adbc9e90c757a7ed7451b578764a00d3480e26fa7e099ded224aa00510536,included,24
train,"[1, 6, 20, 32]",16025ff284d5c986d4395211368eb1a35d2d17359a22264ce3678b75d29eac59,included,18
train,"[2, 3, 21, 24]",6f05963575fee1d329a0428be9afdebf14dd9197a882afaa46510d3c1a814694,included,15
train,"[8, 15, 20, 27]",604f0ed0064a350f2aba23d9a5bced19509ba1a7ff8d6cd08df0ac576fa49d45,included,28
train,"[13, 21, 24, 30]",55266047f209c900f99d0c8f39078fabd8323e0189ed52bc57d5eb2624f08863,included,69
train,"[7, 20, 23, 31]",6f3d9b1673a78d51edec924c13c458a123f10baccce93dcb1a220ff683b9205a,included,76
train,"[12, 16, 19, 23]",ec36ee9a0f687089eac1c41b662b73df625ab26bba1b87b7c77ebf1fa3f2ba62,included,59
train,"[20, 23, 24, 38]",50c94aaac9d76944b3ff10b761d5e45c24f7f431f545defb4e1704f6fd6ff3e8,included,18
train,"[6, 8, 11, 40]",45a123bd2f235fa2bb942505f8dc3bd7d2746efaaecfa009989c8b39d394d369,included,22
train,"[7, 15, 24, 25]",56bdddde56c2686589677484862adf25b96203b65b474487ee954bdf43ea47f0,included,88
train,"[26, 27, 30, 36]",eaa2473e8d6ef4fa2716d34a063692e6920af434347c230fc79b18ac3420654a,included,42
train,"[5, 14, 27, 37]",853ff3fde15d1fba2d3c187edd3943324df1099f90ae3cc6181239c5c0bd1d30,included,28
train,"[9, 30, 31, 34]",4f9e81f8f1d161dec813ffaef77db0ee43d4b5da5ecda2754b3a1e73db3b93aa,included,43
train,"[6, 15, 24, 31]",083efedad6d9c3621b691ffb43ddef8f2a4aaa65ef11a72d18e392fbbf96cbe1,included,29
train,"[2, 3, 17, 34]",dfb8475ba0cdd53f1f5a0f1470c654b5959c8c14a22e5ee0c9a3b1ab7111db42,included,54
train,"[12, 21, 30, 36]",07f3523ab27cd73b07bc259e75320c6a80a461def5858b8a9849818a4827baf8,included,93
train,"[4, 5, 24, 27]",e4534c546d32aac220cd638fdadfce1a716488e5edf1baf9c868501697f438ec,included,17
train,"[1, 23, 28, 36]",d791c1ea9e8a95c8009435dceeba3e650add061846f360fdf153e964f20664fe,included,41
train,"[14, 19, 21, 30]",8898124ed26e7601cf057b0a19d45024f5c3bd7b6de22e13822a661f75f36725,included,46
train,"[22, 23, 33, 35]",12e17faca5f48151049271e78b9af00df9f2e5adfd15310108f7903fb38100d4,included,67
train,"[10, 19, 27, 31]",3051a62a2322ddceaa27dce6a49b4e007effa04e082f28c3709fb3baf25272f0,included,59
train,"[17, 22, 24, 31]",596c7fa510600530a05876167e8680174033656014bc41b021c6ddcfa2823edd,included,65
train,"[9, 27, 28, 36]",963dd434b59292e17d2a7786786b543eb90604b1663961bec29c49710c703b34,included,85
train,"[12, 28, 31, 38]",5d2a8e154f25158952a763767f2f90e3dcd411719ea2b49ea54a9b5133096505,included,56
train,"[5, 21, 30, 35]",183be152f7fce7835ddcc0c98e31055d6c538c2f1f66df818480daf533759295,included,27
train,"[1, 5, 11, 26]",e984041732e32dca8ae951ff98d578898e366198ffff4277af8d93702d6ae17e,included,80
train,"[21, 30, 32, 39]",7baf01da2cbeaaa34cbd0f15ecb3cb8e4633bd91a859ce409055679449fe2c73,included,99
train,"[4, 8, 20, 26]",628c0bc29be633fb69c2fdf6ebeb078332fe9dc4c472f8bba2939ef4cd8a91c7,included,61
train,"[1, 10, 12, 30]",703f38f7b57b9e49998ec3247a05bc65ec7c53c95a441c7223155ee50b915624,included,32
train,"[3, 6, 15, 39]",eeceb8a4cc59f14e7f954e38748a3e6b79155c04e3b8498a0b25e29ae548b58c,included,48
train,"[4, 22, 37, 40]",27f68ce1af9bb1344f49a427254bfc91d79f3dead8da0baf61bc09f729bc348c,included,35
train,"[11, 19, 22, 26]",9a74432da96bd607e4099f1a780cf159ccce5f37e638ed5026dd4341b683f9fa,included,89
train,"[8, 20, 33, 38]",008edb889469589633ede55b4870d988e2917076ea567ccc37ec5777cd103b6d,included,62
train,"[16, 20, 21, 39]",3edd98aa6e3952e3aee5f5a0d96d9cbf39f385ffeca501efd8f5e1bd4cef15f9,included,23
train,"[4, 6, 29, 37]",aca493c7985aad0fc7caad2ffdb7483dc5336a52bb040902ef08f7807b4f49e2,included,85
train,"[13, 19, 28, 36]",ebf7a1849ba2f6d91b9f9d366f1379aa6525dd8284fe651c617f75f693dc3aee,no_supported_pair,
train,"[9, 10, 19, 33]",8fdb726179530984c781c80d7a2cef32069e54143df44d341eb7b6b02a9b6431,included,52
train,"[12, 13, 25, 27]",b83be0d315e2a2a77d404cfd3d30a84d6ac4a996caf1b4dbfce385caa6449626,included,38
train,"[1, 30, 31, 37]",662051ee0b4a3c76da3a4517da9245ca8aa6202b07c0ece777b13b03498cd346,included,24
train,"[19, 27, 30, 37]",43a1490b45188cced160edcebf6bcb1981383d77fafb529a6b66a7e126083129,included,94
train,"[10, 28, 38, 40]",6338460fdc4f3fbb57acff75e4fc332caec3877e2c1d85d1a5d84248f3d96738,included,74
train,"[16, 21, 28, 40]",f8316730c644b18066164921c5ea207f79964cf5f0294a7c6240fc825e58f9db,included,52
train,"[4, 10, 25, 35]",b6ea575b768e3d490c92fa9a1138a1e8bc119310d0b8792fe92b1b7ba482cb76,included,95
train,"[20, 22, 24, 35]",7f7771f50b14f405c4eb65b73c32b9f6b40943fe62814df3fc817e3605a81541,included,20
train,"[6, 19, 30, 35]",1ec693b53d5d08dcea9a3b4d6223f5bcd1d2b489ea22ae314ce69f9c617df799,included,11
train,"[4, 7, 10, 22]",b4d31e6aaff322d832b47be210eff0098272597e3b1a9a37270eae6a5e02dbb3,included,88
train,"[1, 11, 13, 20]",d9c31f488ef88b7ab084a3cff277ea57c2f526c00799a7b9e244bb8b95266fd0,included,10
train,"[17, 33, 35, 37]",446ae9d7e5639637cb5cdf760f538563cdcf3fe04d0dad9f6f9341e63219510f,included,83
train,"[2, 7, 21, 39]",ebd63eaed376244b333af7f0c24a9b54a4bee48aa3028aa202be89d83f3d53f3,included,50
train,"[2, 8, 19, 31]",d67f4d78e75f718c98c1ec9239b214d1508b99ca0a0485c9faea7e06b6d1c950,included,73
train,"[4, 5, 13, 24]",752a6944a13273484530823e707c1151766063b2d0a5bdcaa0ffe361c71a3ec4,included,59
train,"[14, 19, 22, 30]",e66f5b8cd67e7f7e3cd1c1e90d328fd5da690ed2d6fa0bc52bd37d87ea0ed67f,included,72
train,"[10, 21, 23, 26]",806fda0c4084feffd0a19f714b8a64ce115fa003785ebc018fb66cc35464bb42,included,51
train,"[3, 16, 20, 28]",bdfb73b0d8982ae83d498fdb5d33514548aefcd375e2d4719aa1c0332680fe2e,included,16
train,"[16, 25, 30, 32]",13d6c81871f877e5d58d875e5733e3156c9975e392f8fd58f49a0d86f1dcb0b2,included,35
train,"[4, 26, 27, 32]",167f83f4b279d10b470a6c4f7cfd4ace4ebff5d1974edd17d9e6ead4e3b9abee,included,99
train,"[16, 29, 30, 35]",36e289e95b686fd520ffd690fe3d6c665967b748468c00e1f3af2946e3534b24,included,51
train,"[15, 18, 24, 32]",03d8a3d5c3757982eec87d422258a43190796ac11241859ec2ed57644dc2dbae,included,12
train,"[15, 26, 33, 34]",d0e2adbd52708dbb7433ef4c2bebb11c20e37c5cad7f601e3c0e0fd576f57b63,included,11
train,"[1, 13, 23, 33]",873c1163a10a34772cbeaf695acb5d981b297ef27f57fbd69c4477f12afd4990,included,23
train,"[4, 10, 26, 35]",570150af6684e28e05b553fa9bfccb70063c943f07ca88021c56166dce8c8a06,included,87
train,"[5, 6, 10, 17]",3f2fcf8b9bee27ba53e181547c937a7b0e951205af24f92f33baacce646f559a,included,65
train,"[2, 12, 23, 28]",11878bcb83389042763eb9355130c15c2d922aee081425630fd73a74c1e57c93,included,22
train,"[9, 21, 30, 33]",84d6dff61236fd1050e9be1b3ab9e0e39030aa49f901485f7dde38236cbeb617,included,72
train,"[2, 15, 35, 37]",34ee7fe5e2daa49cebfc887e740b482da651a93764cc5738d4dfa1cc25087fe6,included,54
train,"[2, 3, 27, 32]",e1932cc246d9a9a07686cdf1fdf6855562bb0165df687b7b0e57b756ba419cfa,included,83
train,"[2, 3, 9, 34]",a6117c1b187a2d37a473f73650d798441283b1e930b27cd00fd78a60e7992905,included,19
train,"[3, 7, 8, 14]",c5fa902f0b0a4fae62661c7309890b0aaae9a32cc85c4186da5bec8a9b515617,included,11
train,"[16, 21, 22, 30]",308186df761b60804c8b923a7c31c4714e3d4870a24591baedea746527c9530b,included,14
train,"[3, 4, 8, 31]",0faf9bfe434ce00b757404e93133192972cb3e69ae69071e0fea54fdc040ccaf,included,23
train,"[4, 5, 13, 29]",238ffb7b66147fe5c6edcfe008b47b0aa0b475c3a44eb66a3f6b07a92d5aae92,included,76
train,"[6, 19, 25, 29]",62157732f470e8043e4c3c1b9f287f5e5ac11e36dd47ba734e7626429937fba4,included,82
train,"[11, 19, 21, 33]",9cc0cc3909ab6d119bab300a8028bddea3a0c817c5b5f8983a526d1e906bf04c,included,77
train,"[4, 17, 25, 32]",50638bd60b813ccdf4f3746d874bf803307be07b015b467058fdce54967173e4,included,61
train,"[1, 5, 30, 38]",023b49823af5673b261e7b0f18782b53a67f870c040ac8adbd47e43348c7f5a7,included,40
train,"[15, 16, 28, 35]",90556144c96651300adae1129b430d4b2e0c435e68f62458af938f9119526c31,included,63
train,"[8, 12, 16, 23]",155330953282cee78a5679ba11b4cd7fc2d99d2bb4dfb142bf0591126de0e115,included,34
train,"[3, 27, 30, 40]",b4ce20f001a8a32a4d35ab5395cfd41b9f3d8d168a1b8d0d9c443c1126caf44c,included,33
train,"[14, 17, 18, 23]",06794d67fea2b83d67521ae469c300bd85cc2236fd235c905c5e4b967c3224fd,included,37
train,"[6, 14, 22, 40]",88547c0134930c9ff64061be111073254133f4513d0d7c23ff97663c9377cbcd,included,66
train,"[4, 14, 22, 29]",c72ba178aaedcf387cb699de626e94c536ed7ecda2e13a459ef7182f08cf6f55,included,73
train,"[2, 10, 11, 16]",3b0bcd955abefa6081eaf32d769c5e19362c2cdeed99b90a79d7a9497017db74,included,25
train,"[5, 18, 30, 34]",004a0afb2339d715f2034a33c21ed8859e4c144cc4ed5305c417fbd8351d3a96,included,94
train,"[3, 7, 15, 23]",855f352ba253c1b311672a156648e109550f849b11b99ac8f733dac4abb9b2c8,included,12
train,"[19, 20, 28, 36]",3dde2250fdf6a21135858c8f96a1bcbc1e5812f497e4a10bc80baf7866a644fd,included,64
train,"[21, 30, 38, 40]",f7b93a01bccbd8cbb6f936df8d1435cf85f4189f249501fe2ecebb523166c7ae,included,72
train,"[8, 10, 25, 36]",1df1f73ef9c2b200995d1332fb9e1031de688cd3226523e8e17cf50927a3224f,included,86
train,"[7, 19, 27, 34]",1a5c1782fbf06b4542e50d9ce5b67dcb63064fd3925f09da56e9f5e7f7d5c2ff,included,68
train,"[1, 2, 9, 11]",2b3c1f7fc9b916634daf6c2f0d72169b09f1fa5ca3ac1a33ed4e40d080a99916,included,81
train,"[22, 29, 30, 36]",fa1c3564b458a579c7cfc0256088bc79452b9161a0e9f483274a6afdc5aa97f7,included,58
train,"[4, 11, 23, 26]",abc6989dd06833e146bbd05f4b8075b335dd15a190290235d87b86984d3acd80,included,83
train,"[6, 8, 16, 34]",bb4b3172c12ab971302f56b062264c324e9de4f854a20c22ef7c80d15ae8bf64,included,84
train,"[11, 12, 20, 22]",11f6c4d596f058c1850a9d0504f2e642a9173b3d2e7454a459ab667ef54659db,included,90
train,"[2, 21, 25, 36]",f8acd718d8d1ba8d8008b3e2074a6f48c6e8e59c6376ce08d445aa7d9586462e,included,35
train,"[7, 10, 28, 39]",b74e77379242c84365beb13ac8b113b41bd0ca8edff6b2ccd8fe95e1e7fdf1a0,included,59
train,"[6, 9, 15, 39]",bbd77bd9478549e6109358af3c97771ada537746a334a9b406bd99d7a28da625,included,99
train,"[7, 16, 19, 24]",14a827ad519c1a3f8071a9c63ff5cad985b1c97a30bbf67f7d54b5c9e5be96e1,included,19
train,"[8, 19, 26, 32]",0a9f1a3aa19bc300e75fa47de0596500619861136107e4302c405c40d44ae7b9,included,85
train,"[16, 19, 26, 35]",9be945edb1940501ed43355c9bc040267ee4f99f0a5b46d1ae8d6f43bf50e484,no_supported_pair,
train,"[11, 12, 28, 30]",31a36c28214510ac1b8e2b257dfb4bf3917fe29183d2a5f91fffe7f75d468cab,included,35
train,"[1, 26, 28, 30]",230bacf78833dc85ed2ec7111eb577f77660db3d92107b6b0e7144a31a3e8b94,included,60
train,"[5, 7, 15, 17]",a560a724a1e3714a021d284d86232d1847803eacb14cbcf7315d9bbc08619a5a,included,57
train,"[25, 29, 34, 39]",6d9b880c431a378d960b390f95eabd48e15b9b2a03942bbb1f6f0db4d4739ab5,no_supported_pair,
train,"[4, 17, 19, 21]",352cfb524669523a4b5917921575c565509350d68905c765d6807d0e040347b9,included,82
train,"[6, 10, 25, 40]",4d7f11172236f5b0503827b19590d710e42635d421b9b110b59f533d082d25ce,included,35
train,"[8, 13, 29, 30]",ffb444f1bfcfb7e359afb275606883478e58fdc46ca1c0f6faa2c36159c97e53,included,21
train,"[4, 18, 26, 33]",7dfef96fdc30828be137b555c07ed5b61c245510795bb76cd0564252c197a699,included,79
train,"[11, 24, 34, 40]",40f487be59c58d6b38c1a1d411e13e4c337f2c438021b96c8182ce56ea8e279c,included,90
train,"[13, 24, 28, 34]",8720acd54c6f28d81e38a1a5fb5515328b25c21d2fc332716c0241309a2007f6,included,10
train,"[10, 14, 19, 35]",8b689c4a50cf7cff9f2f0f8deff8b5e6066dd5a8d88651be9a6147bbd9867b7c,included,84
train,"[11, 13, 19, 28]",f9c3ccc2b80239bb8e8949151d88c6f47cfa3007b363ad0cdff2fc3f561fd500,included,76
train,"[17, 19, 23, 34]",241ab8ea70b183050d0b5a77fa0db339c8a45a6ec1df9ab63edb75af364a7fa6,included,15
train,"[4, 12, 27, 40]",ac19b2af162304672a3f19ac5764bae5884888ead2b3fff613f4a0f0760cf0b1,included,61
train,"[2, 6, 23, 36]",7df34ce76d0c92b9159aaff129a287971d224e50da955d0243de4a52685c9752,included,11
train,"[2, 34, 38, 40]",94d3ae6287adb3b98fb8fe2e375283ddcaeef11962a8744072f1021e7a20f18b,included,66
train,"[19, 22, 31, 40]",0cadfce04cc84b02465cae1b2382b05c62c6722ce672a5726e6a2e439a1a074d,no_supported_pair,
train,"[8, 21, 23, 26]",0e8ed9c61011975a506079f512668636fa3173082bc260b19e19ab73c7bd7977,included,60
train,"[5, 8, 25, 38]",886641fb3e1f8d6713745400391e6e95c1c38f4dca95ee80a40e7c09b94c7473,included,53
train,"[16, 30, 35, 38]",c7b7f86c05dbe84e7a2197ce41bad9869306c1079eb6560a1159e01e29ddc5dc,included,42
train,"[5, 6, 26, 40]",e454ed60e0e68ecc0cac64ce97e4f6568aac9da4c6df8a8724b7566217f5d93f,included,16
train,"[12, 23, 24, 36]",312a9598da13eb0f593ff70e00e5653dc3c2174219e08ff5a81ebc948b31bfd9,included,24
train,"[12, 16, 22, 34]",9d64d3be189b306ab44167395ca62ae1a626bdf91a3077cde4a237c78afd25a9,no_supported_pair,
train,"[12, 24, 27, 40]",045469ee12ecd0dec9545ae43b36d244efb3a61eae22300658054e2780ed8303,included,76
train,"[1, 4, 34, 38]",3d996807f09a112085f110a2a42d7b8655dd637d84321dd93c383b44a550351e,included,98
train,"[6, 17, 24, 33]",7ab5b3ec48877c917a1a7e97f9b4860953110bb590b2b27fbea0665cbf557df4,included,93
train,"[4, 13, 25, 36]",2075c09404c59f3eeb8edef1d6294400f8747380300b6758f36494692a4ad882,included,57
train,"[6, 7, 29, 38]",1bdecb789a85649db3f0ad44356f1ce04c7c5e8ddcabb47d63d880c3e2d5f6a8,included,51
train,"[24, 26, 35, 38]",83ff3e580e1e0d1d1a912202f10b48c7d49c82cd024b7c9502fe147e81314870,included,98
train,"[2, 6, 29, 33]",dc51173a2703dbc54ca48ccf680500b1eb43a271472f0d0fd9e5454260db936a,included,18
train,"[16, 17, 25, 27]",eaa6d5f607c237cb97f0a374eceff95e41bcf61673ff6587b49087ac3cc05c60,included,50
train,"[14, 24, 27, 38]",176892e9d936d763eff821a7a2ecca3445b31b0561c302f4018270a843d3cc53,included,80
train,"[14, 16, 30, 35]",014771c9911657c42058ee37cb931318200b230f7c768db6dc12912930eba7be,included,100
train,"[9, 11, 25, 34]",abd9fb11f394db2f585fd233a20112c3effb0898a27b0518a034e2917dc7acff,included,92
train,"[10, 24, 36, 39]",42342c0f19e1c9f1e10c2ce54b46cca2da49f0e63e5e535457d9692042164d68,included,82
train,"[24, 25, 30, 32]",b8fdb0de946bd16ee7cb517e8e8d1ca6393d055476a1840153b118a4d5cf2c43,included,15
train,"[4, 5, 23, 35]",d5af42e78f226dc8a9f80224651631e1829e38a567a5f697fddfd13fdafce9ab,not_solved_after_prespecified_quota,
train,"[3, 4, 27, 35]",7e3e5320daaa9d85b83cab296cf3a2fa53c92f4cc5405aa70fd4ec398fe31541,not_solved_after_prespecified_quota,
train,"[12, 14, 32, 34]",053524334f3cd9c490bd8680d350a12c8c2945a14318950c9fe4d22df53202d8,not_solved_after_prespecified_quota,
train,"[5, 6, 18, 31]",e390c49fe6824911fda8c8e759db8661ff1841664bfd1aea31372a63619029d8,not_solved_after_prespecified_quota,
train,"[5, 20, 30, 32]",63e74318a23fe879e291fc60f45218ef645c31eb3335aa3977f154ce92774ad7,not_solved_after_prespecified_quota,
train,"[17, 18, 33, 36]",ca609471e6ac617cbb21c9ca238b7d4f6ed9095ec8126daf1ae594e881472f5e,not_solved_after_prespecified_quota,
train,"[7, 14, 28, 32]",51b010f19ebe9915c537da48b641e628e098b6bfc0c883d54fb63f2e69f826be,not_solved_after_prespecified_quota,
train,"[2, 4, 36, 40]",dff3b9b845d838720bdc8ad4527522c5137032754a86c17bbc60a645da728be0,not_solved_after_prespecified_quota,
train,"[22, 26, 30, 31]",cb451d3b8f4e42f6af9c44b574c65a77a01466839821a3e3970ea22a6d489498,not_solved_after_prespecified_quota,
train,"[3, 22, 31, 36]",71c4c57abb3f04144aaf27c8fc1178251759cb5c1efb17842ad74e0ce9bb368a,not_solved_after_prespecified_quota,
train,"[5, 7, 22, 25]",514141068a37f458c11901d7fa197037d56f4b336920d80dabb4b2fc5eab8193,not_solved_after_prespecified_quota,
train,"[1, 14, 25, 31]",a8578f08c0f632e8f1ff9945e8ccff1e0c3bb0c74fa1ed8a85726e797ac4e69f,not_solved_after_prespecified_quota,
train,"[29, 34, 39, 40]",ab6785074f4b88c5b9e429d02bedbb4d18fff9b517b650b0624164d7ff0eab7b,not_solved_after_prespecified_quota,
train,"[3, 6, 7, 24]",b525d9582bdc9e74a1c77b18406c38df83691acf98332a0f1265efe4bcac4977,not_solved_after_prespecified_quota,
train,"[7, 29, 32, 36]",8cfa931008f8a3adef06e6317f4ba08cff4e5d8c83ec1f6ff19fc264a595555e,not_solved_after_prespecified_quota,
train,"[7, 10, 14, 26]",2ba4257eb96d1fae0122809bc038ae4aef08839d174f1a10567b5e1f5e9dbd61,not_solved_after_prespecified_quota,
train,"[2, 25, 27, 36]",800dd6563295f070e3cb649ffef57c7d85f4ae8f06a0ea980b2a81e74e5587bf,not_solved_after_prespecified_quota,
train,"[17, 19, 26, 31]",cb213dae6a72067edddff8955ebc722a39f2c30adea0ee5339202cdf432811aa,not_solved_after_prespecified_quota,
train,"[4, 10, 20, 25]",cc21c3ebdb17fd661b79547b8c97548b99890eff68e9e775933e1760c2fa014d,not_solved_after_prespecified_quota,
train,"[11, 14, 19, 23]",2b02d1cdf8601bcc71c3d905119c3d36ca243cdc69c4b3ffd4899ce579e7f287,not_solved_after_prespecified_quota,
train,"[3, 24, 30, 40]",a57b449bcf83d96cab782f720624dd24c2bc05c454806b27db1e593c84fc167e,not_solved_after_prespecified_quota,
train,"[1, 14, 15, 38]",1ba1d522e7dc5560d30efdc0662c3321bec1df3ca1f5888db0b64159e0d7772e,not_solved_after_prespecified_quota,
train,"[8, 16, 34, 35]",eb7b97ed56869bd973dcb87409fe944fe77348aa58364b72158a1d1aca7ab65f,not_solved_after_prespecified_quota,
train,"[13, 14, 38, 40]",0fd3152b2b089832dadb68eb1a2566b00d2cb45f22c228dd6415fbd9f501926c,not_solved_after_prespecified_quota,
train,"[17, 23, 30, 33]",67bb66eb8e20575541df9e924d568de706c94f15b021531960d189ff15cc184a,not_solved_after_prespecified_quota,
train,"[9, 10, 14, 29]",800cd5a35199ec1c2869254798f121941d445d34c7e2dec52a2ce86bacf59f91,not_solved_after_prespecified_quota,
train,"[13, 17, 22, 38]",e74348bc263f6f5e89daa52abf77301ceb0ef87eceba81b3cb43b1df8bdca41c,not_solved_after_prespecified_quota,
train,"[9, 25, 36, 40]",64cb257a984442dc9e475ff29537deab673be314d66775363214100664f28e0e,not_solved_after_prespecified_quota,
train,"[7, 11, 34, 39]",9c2d6157dd7a2a107b69b6852ca68f36c56ac939de94cf0ee5fa269e560c8a91,not_solved_after_prespecified_quota,
train,"[5, 9, 31, 34]",e4412e81dd641e461b7488f446bf0feedf894b18eee1ae7cd50df5e80aa2fdb9,not_solved_after_prespecified_quota,
train,"[1, 16, 19, 39]",23fc8360f49a7f8ff9c6c379fd353e1976c27d35778ec1767212c079dd93a735,not_solved_after_prespecified_quota,
train,"[2, 20, 22, 26]",f34ad732182f456a8df4f9774eaeb322dcc88f8f90a7bb251fb958fb26de8d84,not_solved_after_prespecified_quota,
train,"[24, 35, 36, 38]",332894fd90e76c26ca5ee322ce440cd8c5dbf19fae3edaa37cfd5ab3334a69ce,not_solved_after_prespecified_quota,
train,"[8, 15, 31, 34]",e09833c3135fda1ec72d11a73bac2b351e2bcbe629eec93190bbc8f0fab4c6cb,not_solved_after_prespecified_quota,
train,"[3, 12, 30, 35]",185704f4b3bd456e08cec253a3f7ca1e86afe4ad472e144ef4d0eb3d4ef4020b,not_solved_after_prespecified_quota,
train,"[15, 17, 28, 33]",b05858fb7621311266c4c2e89ce7bde001022373c3f4a56f8bf8f7e66f75bcc1,not_solved_after_prespecified_quota,
train,"[1, 11, 16, 24]",9aaffed62aa3dea796c9ea83d65c0d57ac4a4b2d814bfb70edba3a8abd725a67,not_solved_after_prespecified_quota,
train,"[4, 13, 17, 24]",1937b6f8f393873754d8c4d09c5006ac69608e72fcf27a59bda64628c84f40c0,not_solved_after_prespecified_quota,
train,"[17, 26, 29, 30]",054e1c780ada6f77eb86155e10e3e9dd08e934abefbb1ff6684104e14d512361,not_solved_after_prespecified_quota,
train,"[7, 20, 25, 28]",f7b6d050f734943dba68cadcfd420e4ea0119eefa94d1994c31edf80ba6a447e,not_solved_after_prespecified_quota,
train,"[8, 27, 30, 35]",d2b51e6a1ef75818c8bac88b1b8843ea74253128dcf0b8efeaa727d9bb83598a,not_solved_after_prespecified_quota,
train,"[10, 32, 33, 39]",64b14aad75ec271dcdd25ef71d953c3fba99e789764e5036ffa093899ee67afb,not_solved_after_prespecified_quota,
train,"[1, 2, 4, 32]",0e4364cf7d74bf9dba0a270931ff84facd6caebdd8fc0502023e60e01e579f29,not_solved_after_prespecified_quota,
train,"[19, 21, 28, 36]",ffe06a0445e209abc71f71c3846b395663e9e20796c343d311484c7786476994,not_solved_after_prespecified_quota,
train,"[4, 9, 10, 13]",c8422131ecff085d57cb85472a10d646c5553b8413f26f078f33c7bdd477956b,not_solved_after_prespecified_quota,
train,"[12, 29, 35, 40]",0e854b8df15aa155fdd2210569588e7e1219cfe5afb81201a1feef2d6b690be5,not_solved_after_prespecified_quota,
train,"[17, 22, 27, 29]",d88d3f7afa3fae2a7a815849a0884ef9106cd998677402de634a213868bf226f,not_solved_after_prespecified_quota,
train,"[8, 30, 36, 38]",cd535b45fb05a265e2a5e5cce131ed7566b0ef615aa0b75087f55d7dd208779a,not_solved_after_prespecified_quota,
train,"[8, 13, 18, 22]",06cd3eed8ebb5a2849dbf8b49ac09a89128bad179309e6291ece659e60f7a3e7,not_solved_after_prespecified_quota,
train,"[3, 4, 7, 29]",51c5cf203c351a10eb6813332f75bd13f70d2bfecaa978f04e1502b9fecc56d2,not_solved_after_prespecified_quota,
train,"[3, 22, 25, 40]",16a54dfd09ddbda07754787d221b93ff0a5f6c9fbb4efb104bd78331d433e56f,not_solved_after_prespecified_quota,
train,"[8, 9, 16, 39]",d6974613a5eabb20bccc82e58ee0d67e2ee7cfbd15300d0695e523fc4a5ef31e,not_solved_after_prespecified_quota,
train,"[16, 17, 24, 36]",06c9080d1c91b59dae4c2352fa5d812b7f21843e3ea54f6e7c5f5eaa21d09ba4,not_solved_after_prespecified_quota,
train,"[23, 28, 30, 34]",58cf36185c206e07c602e3486c04c3fcf55723cc8696bda138a64130754d0b7b,not_solved_after_prespecified_quota,
train,"[10, 16, 33, 34]",68cfd3933ee28f0d9231ad3b6865301ff37ef3a578cc034b2cf27d9d913d5f1f,not_solved_after_prespecified_quota,
train,"[11, 21, 31, 36]",da5ec844fc763f09d8a90134ce622ba9bc9e0e673d5112b25f1cc91fdd964883,not_solved_after_prespecified_quota,
train,"[1, 6, 13, 29]",a3b048e62f5ea21790e77c4017a859d2a1c5d91b478aa60a06a71efcae8f7b09,not_solved_after_prespecified_quota,
train,"[7, 14, 21, 40]",62a7f011323ccd6b7e5fcfced4b5e8e01e3084a5ac16ca18a7f780c61b9538e0,not_solved_after_prespecified_quota,
train,"[12, 20, 21, 29]",502a04cf3007cb4a08e899d128837b068f4f2caa4e9630cbb552d6b27112799b,not_solved_after_prespecified_quota,
train,"[13, 16, 26, 30]",3193ce23117e7b63e64957a35941b7f0cc9baa675d2cd7fc6588552799944625,not_solved_after_prespecified_quota,
train,"[2, 5, 12, 13]",5459108880b8ca00e784c102f9391ea4dd50d42cd9a1bf9b786afdfe6adca2b4,not_solved_after_prespecified_quota,
train,"[1, 7, 9, 38]",4c8f96dbd006b1619c6aed707bc4b11a1e9a66b61ca2c40021df1043bdc08e20,not_solved_after_prespecified_quota,
train,"[10, 23, 26, 39]",4a8e318df89a02b9424b53280ffb89186cfb3e0b3bb956c62508c292200db16f,not_solved_after_prespecified_quota,
train,"[8, 11, 12, 17]",e7710da59e27baef97e8976cadb9b15966c1b499918bee520da0d761c7be00fe,not_solved_after_prespecified_quota,
train,"[3, 22, 25, 34]",a7882291ca1499bd2cc93d63a801c16c3491eb6448a47ae9941195931389cd13,not_solved_after_prespecified_quota,
train,"[2, 16, 17, 35]",3ffe8f807df45bd041b3f8243d65b36fdee87220697c541d1168613067a7a838,not_solved_after_prespecified_quota,
train,"[6, 8, 18, 21]",07671c26ee1907e4660c356b3ed2009a250fa08c301ccf0e354e4486024b3f95,not_solved_after_prespecified_quota,
train,"[22, 31, 34, 36]",6160a401e3e9061d766aaefa4a86dc7997ceb79e7034069745c70a723aee9e27,not_solved_after_prespecified_quota,
train,"[5, 7, 31, 37]",55fb41f01c2a4019c09c09f55abf0e241f1b353d825cdf32fb20eb50dc4c9899,not_solved_after_prespecified_quota,
train,"[19, 23, 24, 28]",eea72b29af8ae6b4baa705a8dc46dfd395dfd893e34b1f5d38117f4d2bf0d04b,not_solved_after_prespecified_quota,
train,"[6, 17, 20, 37]",33ca33a0f5f20957b221951fd7bdbb155432a2975f6667170c03694dbfeab777,not_solved_after_prespecified_quota,
train,"[1, 4, 7, 38]",dbb9c95c4b1e6ca026c636f4fc2e16d2f24909d62d10f0f11758d6a5285960be,not_solved_after_prespecified_quota,
train,"[10, 17, 32, 33]",f4d229d4549c7e35383155863ba1ac9766cec24cca1cb56c67dbec8bd889b03d,not_solved_after_prespecified_quota,
train,"[2, 16, 25, 32]",1981a7a2337bcf468067a99d36017699366e3731f5a2857b8e503b358d1d5d7d,not_solved_after_prespecified_quota,
train,"[7, 22, 31, 34]",d0530dc04d3734d8cd3cb2ad3535def166c84984c395a28ba8d37a7486dcac70,not_solved_after_prespecified_quota,
train,"[1, 3, 24, 29]",a4b2bbab3fdf961d355504015820129388d9304a467c3e11dd3a353ece076456,not_solved_after_prespecified_quota,
train,"[10, 20, 27, 33]",5746cc64c169ecb964146dea0dd666425361735c86017ffbdbdee354e134f674,not_solved_after_prespecified_quota,
train,"[15, 16, 30, 36]",f2b0b51b18acb47890b2b33f9d1a99965abc852271874364f760dbdaadc2978a,not_solved_after_prespecified_quota,
train,"[2, 5, 14, 40]",8ad8d9ca062644fb8b3ae8400cdaa750c83b5584aed0d7829b99783991e4f8c1,not_solved_after_prespecified_quota,
train,"[18, 31, 35, 38]",975b5f85e7a3b311e3cc4554b59c27956fe75d8ded38a029c0be1474d3de03ea,not_solved_after_prespecified_quota,
train,"[5, 13, 33, 39]",4897c9c80f1e7caa159ef320fd21319e84a8ae848fb1a15f52117b2ed830e73b,not_solved_after_prespecified_quota,
train,"[6, 15, 17, 18]",460887f9cff0d03973c6856c9c75e3f00edbfcce132ad61f6a9b706414db4e61,not_solved_after_prespecified_quota,
train,"[2, 17, 27, 29]",362f345b3e4e7c92979fa1e5530fad37554bd5df09f6df0ae833d843a0ada98b,not_solved_after_prespecified_quota,
train,"[5, 6, 10, 24]",275766c4d36d3bfa35e285e205743a1bf54fc39fe351e079cd04cc093869834c,not_solved_after_prespecified_quota,
train,"[9, 11, 20, 34]",c739ba6f1d6f87e5c07d55385fea8ebca38c7eb63ccba68132f34c16092e4150,not_solved_after_prespecified_quota,
train,"[6, 7, 9, 16]",a2debb5c2867f0ba67911329c581680465bc1f285f3f0818bf5c6604b5334b55,not_solved_after_prespecified_quota,
train,"[12, 16, 19, 34]",83fa78d847fbda3b12833bdaa1c2b785cf38030605e0ab42432f326a40fbbb3f,not_solved_after_prespecified_quota,
train,"[2, 9, 17, 22]",950f1f1a64b12b561f9cf6295a5ecf808433af0dd821d8e3f27df2d73f2ecaf3,not_solved_after_prespecified_quota,
train,"[6, 16, 20, 26]",125d96fd97a22ecbe76d4fabea968cd17cf66f6924eb325ef5129af9c9eeb4c4,not_solved_after_prespecified_quota,
train,"[2, 5, 21, 40]",34f1a88b652959c49ddcc15a9f94596eb72064168d1de55f36c5f4f5a7785395,not_solved_after_prespecified_quota,
train,"[1, 5, 22, 31]",cbfef4afccf49bd473144a9ca329e7984f7a560da76973464f8b00d5b7be0de6,not_solved_after_prespecified_quota,
train,"[3, 12, 18, 35]",f8f0bdf6c472fd43bc3ba0afdf96fd27356ca7388e45089070f3f5ab8e5a525e,not_solved_after_prespecified_quota,
train,"[6, 16, 30, 35]",1d11b0228ada452851d629bedf2a78bdd99bd476f2fc2aab0d6e3c4b3e488ce7,not_solved_after_prespecified_quota,
train,"[2, 10, 18, 36]",65a1e5667a164860dd3201040aac88ebb688ab8de4354edb5eefcfc33bbf83ca,not_solved_after_prespecified_quota,
train,"[11, 12, 14, 32]",26484fa8e43e33ddb3a97741ff1cee01f12907e2c33eac3791a876d8ffa407ad,not_solved_after_prespecified_quota,
train,"[23, 25, 31, 39]",9c92fa78970a43cbf2d25dd9adb6c818d604262110e623d61d22ddf38c8c9714,not_solved_after_prespecified_quota,
train,"[15, 20, 29, 36]",7d966ab0a62e46c0db1cc1f6018a738ffc48684ab52d9eb7e8875d09ca96073e,not_solved_after_prespecified_quota,
train,"[5, 18, 21, 23]",c96fceb2b4ebe5016225eb7fb29597ea8e366fc52f02b1e9fa028dbb47b078d2,not_solved_after_prespecified_quota,
train,"[3, 13, 34, 35]",43b761a75585ee7f373625db976a035e79ff1455c564ac6f10f0f4e4ac07fb38,not_solved_after_prespecified_quota,
train,"[15, 25, 35, 39]",536313c1701b80472562ce8b5d3edae4a3bdaef285a2a78dd639593b8b86450c,not_solved_after_prespecified_quota,
train,"[21, 32, 33, 40]",af39bb260d487d2901ba1bf78b41c433ae91b6b7436f1d1a94af49c2ce0663f4,not_solved_after_prespecified_quota,
train,"[3, 14, 15, 31]",ca71b3ad12025ba5cec10b122787920a7b43524e9f2643a29109784ff3e6c200,not_solved_after_prespecified_quota,
train,"[12, 18, 19, 33]",5e9d03acdeb53adda14367061171944dcfafb63cecb820a5c903ff57b4b9ffc7,not_solved_after_prespecified_quota,
train,"[5, 26, 27, 40]",089d1998f8afe3320f85b1ae49b549ecc75f1f22637ae5db76a7d95c88a65569,not_solved_after_prespecified_quota,
train,"[2, 7, 13, 38]",1901f55acb35017d63d19b4592188e343a600f960d19e20b4d5160762ac68793,not_solved_after_prespecified_quota,
train,"[1, 10, 13, 20]",0e08bb5a4c3e281d101c4d36732575956777e118889db9ad006ac3cbfd9f21cb,not_solved_after_prespecified_quota,
train,"[4, 16, 22, 28]",2fbf752a877c85ed432129a444b09e58dc485643fe065373f8c9bae016d3ff4b,not_solved_after_prespecified_quota,
train,"[11, 29, 31, 40]",4a02df94a33fca78ca3e4080a84abb5ff54d026890cd35da0aac615fe4dd0e77,not_solved_after_prespecified_quota,
train,"[5, 6, 12, 36]",4f225b6d7d937b48779e0725b3e4c875d57af2fbaa03eeb4615883c1a885a70e,not_solved_after_prespecified_quota,
train,"[2, 14, 16, 38]",53b8ca264a653cda2f2e4c803372d174adaf843325ce9c6b1154e03fa11002e3,not_solved_after_prespecified_quota,
train,"[5, 10, 32, 33]",d559e5c1439fd43b9d6cada094846cfa3c5d3037ad4a677dc099284900b4e8f5,not_solved_after_prespecified_quota,
train,"[11, 15, 35, 38]",fb4145b5d8361ba9db58f4d0cc9858950e3f39697739c78fb4d9ef8aeafc0921,not_solved_after_prespecified_quota,
train,"[20, 23, 25, 28]",5ee0886d6e2695a216e68b17aba1ef3c79dcb1d85fd0b2523b0fc8829b57d134,not_solved_after_prespecified_quota,
train,"[7, 13, 25, 31]",dd01f4fbc230a85da5441d4b1484502efc1f3eab7fb2a4b3a44a0fcabba58624,not_solved_after_prespecified_quota,
train,"[16, 24, 32, 39]",87b65f2bc26f2b7a7f58bea26052c4b385a49617be9839418dd54ea5b98b7a4e,not_solved_after_prespecified_quota,
train,"[7, 31, 35, 40]",13e2f6554894040e15a0ab592963d4b5f460902e387d5e3c80d74ddc4f02fab5,not_solved_after_prespecified_quota,
train,"[1, 6, 16, 30]",79ef3658f63fff444a06cda751d1f59f6e5490070bbd67f19d9a5a2fbe8da684,not_solved_after_prespecified_quota,
train,"[4, 6, 21, 30]",dc793466b23ab5804976308dc75dd7bdef651fc0289bc9d584f227966a0757bb,not_solved_after_prespecified_quota,
train,"[19, 26, 27, 32]",bc996b7df8114642fd76e2e476ee8605c7fb14310367dfa2cf68cb153091cb76,not_solved_after_prespecified_quota,
train,"[15, 16, 31, 34]",03450b2b6c889e9aa9340c5c6d8a5ad84fd51f045fb8a4e673080bf1725b16c5,not_solved_after_prespecified_quota,
train,"[19, 20, 30, 31]",ed0d3fdf934c0a08b89b27bf60f82a1d4e6297e27105ce8ff0e39926eb152022,not_solved_after_prespecified_quota,
train,"[20, 22, 30, 31]",1b9607c4f64c9b2059cc4446d84ab6bc406826134b9cc52e46eabc37d3cc7feb,not_solved_after_prespecified_quota,
train,"[2, 17, 21, 36]",747aeb967ef67684eaa08c65a3fb53be57b40a90a241aea4aa333721662dffaa,not_solved_after_prespecified_quota,
train,"[17, 23, 28, 34]",c6efea52e3f2711aa5f5535beaab315454fc7c5c8235d81cb52a637e99581b48,not_solved_after_prespecified_quota,
train,"[1, 20, 22, 30]",999d7e7b12733e52d377818da6a4e7a8c2cfea20491382f81d05c64a5a323c13,not_solved_after_prespecified_quota,
train,"[4, 17, 19, 25]",ad8b2956d6480c9cf812e66097575035c14dfb4117239ffeb6ed42bb23fdb5d4,not_solved_after_prespecified_quota,
train,"[19, 20, 27, 30]",52cf518844acd8375a43540ec69cb38541b3ebca348eba3eddeeee3425516be4,not_solved_after_prespecified_quota,
train,"[4, 20, 23, 30]",70f7c3d488dfdfce79079cc9edd9e1153eaf27faaa580d435e3c9c75fed4da49,not_solved_after_prespecified_quota,
train,"[5, 10, 28, 30]",1927c472ebb61b42f57dc1d756c5d8b2f3bd0f96d742f9187535a19c3fd55945,not_solved_after_prespecified_quota,
train,"[3, 17, 21, 22]",b5b685de1a9b8f97ac429c0fbddd1ea714fc9ad328922853a7ed7355b5cd6098,not_solved_after_prespecified_quota,
train,"[10, 12, 30, 35]",2a7c491bded6022cf711277780ceafa4dd037a92a39ca55082d37e3eac9a538e,not_solved_after_prespecified_quota,
train,"[7, 8, 21, 36]",edea468bcd656e1979d1a8820bb059884eba3c15c2c4ad2f8d0a6d44cec4aefc,not_solved_after_prespecified_quota,
train,"[5, 17, 20, 22]",4181eb99bc4a20f6363ec96a7647c8831d8afd33306eb8e84da3c7712ef87f26,not_solved_after_prespecified_quota,
train,"[8, 26, 29, 35]",c84804c970b884bc98bcdd9a6ee31d4de2ae6e6bf31145773af0b6f64e4d6479,not_solved_after_prespecified_quota,
train,"[5, 10, 22, 30]",b9f26554b56a3165c40017d7d37fcca6059ee24b4faf7717d5e85a121e6da8d8,not_solved_after_prespecified_quota,
train,"[10, 27, 31, 34]",0344ebe7e1435fcf4c1e327bdc24959ea51b9101a17a42f1fe9dc4b6fb08bdf5,not_solved_after_prespecified_quota,
train,"[5, 11, 20, 25]",c83ab34289303fa29faab70c5789df27b6dcb25e2a629fd53fa41884c3694df1,not_solved_after_prespecified_quota,
train,"[2, 22, 31, 36]",4a9806731a22509650fa12f4154476140f8bc7846bbc55dee75fc752d903d1de,not_solved_after_prespecified_quota,
train,"[12, 17, 20, 27]",fdc6ee67079ceb36029e5c7793f5d697c16f901b73685720325e9bab660cb8ca,not_solved_after_prespecified_quota,
train,"[17, 24, 36, 37]",4e008ede15fa6b6905440dabfe77e396421eed4427fe7b7dff0a157c33df1d32,not_solved_after_prespecified_quota,
train,"[1, 16, 32, 34]",b79dfc7997de422f2ccd03be67df8831cff68e6d1e46e0b488c5b4911018d15e,not_solved_after_prespecified_quota,
train,"[8, 22, 25, 32]",63a1e9bce7ad5cb8f69c3d97dcf0c409acd5572e37584209909ec9d3a0ba8042,not_solved_after_prespecified_quota,
train,"[10, 12, 31, 32]",b5e3074fef6a7258c5260fa4e9fcb5a995cf098cfe6446798148a2b1be85dc13,not_solved_after_prespecified_quota,
train,"[14, 26, 34, 38]",942f7618b1f7da5c1122187a0b0e25aaf67b0b34e49e87f9231ac8bcfb9f0c8b,not_solved_after_prespecified_quota,
train,"[20, 22, 30, 37]",041875d27825dc15431e1277dc903c12d80cfc01a712b32a3cf8e2aee57252a8,not_solved_after_prespecified_quota,
train,"[10, 18, 29, 32]",885c9abb753a37ce0e01d1f8be8cca9e2e0c13d180aa595e5c94ea0ad7ddbdcc,not_solved_after_prespecified_quota,
train,"[5, 10, 11, 39]",6b9fa3f898e55a18b630c8e87e2c28ee07d8a35c2575e442ed3ab423ddde44fd,not_solved_after_prespecified_quota,
train,"[9, 14, 27, 37]",432e6c7d9ec9312a2f51415a6014c5f8dd1c37d578cee65748f59dff476ae959,not_solved_after_prespecified_quota,
train,"[5, 6, 20, 37]",466ad8391f86b0b26968a5e51783874552c197be2209d7e5f60453e4b652b300,not_solved_after_prespecified_quota,
train,"[9, 22, 32, 38]",4bbb91ef291d07fc3866eaefad14f5b9315ca66072d48c0a927aa5040796e596,not_solved_after_prespecified_quota,
train,"[1, 10, 20, 39]",f653df1d0c4d24af65ef5cc1789bef533d52b420aad5aef8ab2e377d4082cd60,not_solved_after_prespecified_quota,
train,"[13, 14, 21, 34]",76e8391935010515118ea50463a1f70d82737452002e6025bae9222f0cc72e63,not_solved_after_prespecified_quota,
train,"[4, 8, 9, 13]",ea8dcf5449787ef3b52ff9120902d45cd44bdabf7f726246b365becc33773483,not_solved_after_prespecified_quota,
train,"[12, 27, 30, 39]",095c2dd66fba7c67da8d38793f68ff0520135243b0f0e82ef0f50353d20883c2,not_solved_after_prespecified_quota,
train,"[10, 12, 25, 35]",91c942fecd83431f7d2672c51481a99d10e9a18b33318b56eb3c301c4e19c171,not_solved_after_prespecified_quota,
train,"[11, 20, 23, 39]",6d259b8391c6e61847d347ec1e88c020661d26c787c157d5279afce855f3074c,not_solved_after_prespecified_quota,
train,"[6, 11, 14, 23]",ad20607023793a0a27023496b3bb52841a24e109565cc8bb0f02a65809aaf72e,not_solved_after_prespecified_quota,
train,"[17, 18, 24, 36]",3bb2af69febeb81a5b82798129c515d0ee76708a8fe450d85288b41d68ad673c,not_solved_after_prespecified_quota,
train,"[9, 13, 14, 23]",4430268772e7d064815f48a08103092e9c413e044a68de1b813623095781142d,not_solved_after_prespecified_quota,
train,"[7, 10, 11, 15]",2ba701ec0ec0218a00ea62902fc7230094c281df4bd0b026ea22c6aac1b9a56c,not_solved_after_prespecified_quota,
train,"[9, 10, 26, 35]",a5c00fa8c9b814366c25b364c25a00431050a67a86c41f5958ba9d152c116603,not_solved_after_prespecified_quota,
train,"[2, 14, 24, 36]",c1e927cb9bfd85cfcd7abffb857476f4aee5ea5e970ae3a72dfde232c1e4e5dc,not_solved_after_prespecified_quota,
train,"[4, 7, 14, 18]",04320f7a588d0c5dd876e6dbb790f798ff86daec225fd32199dde4f419f1b667,not_solved_after_prespecified_quota,
train,"[1, 3, 24, 32]",aa3e0aea15292f08369311247a6e01e722931497b7f833cbbf38f2b119453f16,not_solved_after_prespecified_quota,
train,"[15, 21, 23, 38]",718432a2b64868d62ee389910d5cf39c4767c92996247a177a3f4cfaa9a03bfa,not_solved_after_prespecified_quota,
train,"[8, 22, 32, 33]",176cab85d289136e1413c54282316206cde2625a5a3cfe2fb1be85c4c744cad6,not_solved_after_prespecified_quota,
train,"[8, 10, 14, 26]",065f8a729c7690bd40a2b2d9d8dd09ae3dfeeeeaf5f8994cf5f3d24c8f165037,not_solved_after_prespecified_quota,
train,"[2, 5, 31, 34]",33b83da1f6bf0431ff94db9b0c8f3b18608d1e70adb70ce3ef1b6d5d19ee6f48,not_solved_after_prespecified_quota,
train,"[6, 18, 22, 27]",ec4213c4e8a6fac819eb48ea22428d195b00d6cdc908c460ccf229893d1460fc,not_solved_after_prespecified_quota,
train,"[3, 13, 20, 38]",61683f24f471a37c2845be961f088c6dc55ca00d158bf0e62c410ccf4d835837,not_solved_after_prespecified_quota,
train,"[9, 17, 26, 32]",dae7cea89776eb767ebcd53a036979258f34f54d0a59e6bc80b18fe6ac7b3936,not_solved_after_prespecified_quota,
train,"[13, 16, 32, 35]",165f4177c5b3ffd6e8345513b119b7858d7891743ab3d45e4a50c7d102048360,not_solved_after_prespecified_quota,
train,"[1, 4, 9, 17]",f26db79c5aaf4d98a995c85bab3a1c8f702835f4c9b435836638d653b1c4b702,not_solved_after_prespecified_quota,
train,"[3, 11, 28, 39]",9b76cb77eb7803e5a86a1b3125d7ea7283599c75a268a8a2ecd35e8140f11e06,not_solved_after_prespecified_quota,
train,"[2, 23, 24, 38]",8b50ba0de0b8d52aadf3ec22e42544cbd82a7be6347fa82dca2d56f80b971ee9,not_solved_after_prespecified_quota,
train,"[7, 33, 38, 40]",1f6cfcf9e00d2b32fc305b78da20a80292651e69b73ce46d08990d7adc87f488,not_solved_after_prespecified_quota,
train,"[1, 15, 19, 28]",a551cd5e93ffe1297259c10399d7f9a94cd6c7a0f1345fc063802ebba14600db,not_solved_after_prespecified_quota,
train,"[17, 24, 27, 28]",a787a50f9deebc3f1d577f1e0639b2192898dd74099dc2111db22942c4eaa991,not_solved_after_prespecified_quota,
train,"[6, 12, 33, 34]",1caf304f92bc8be08e78d8ccf76d80a15d743fcc261ff99d680cf5609ec0630a,not_solved_after_prespecified_quota,
train,"[16, 29, 38, 39]",7404696e87a889e64a01010aeb8b982b428f3e84079fc51730c9966050de5f84,not_solved_after_prespecified_quota,
train,"[15, 32, 35, 38]",fb08ade1978dad3aadd27ed3b2eae911ba7a9b5a0547fcebf1b4271812ff0e7c,not_solved_after_prespecified_quota,
train,"[10, 15, 21, 33]",79c976010c7b9b5a8ab34c06b5c73ed37ee470dca7c2f893c83030496cb4d26a,not_solved_after_prespecified_quota,
train,"[3, 4, 28, 40]",787b4566679e592e602b9ebead0e9b4a935353f9cb4118ec221ff232ec97c72e,not_solved_after_prespecified_quota,
train,"[11, 15, 39, 40]",77e2c90069818d8785fb579dafad7013285ecf249e75735921d788710e62c5d8,not_solved_after_prespecified_quota,
train,"[2, 21, 32, 40]",90c5ad40239e826e0113a28f13f5ee87b59dcc42a1513bc55bc912cf68a1e042,not_solved_after_prespecified_quota,
train,"[3, 16, 20, 25]",8f62b567301cd0d960073587fd5e8ad6e06a9b3bb4dc96b0f7cb54c120d1ea58,not_solved_after_prespecified_quota,
train,"[22, 28, 33, 37]",747933ae8030962e9d6c5b030c95f1c036a5ca7f0176665fbaea60539f53c21b,not_solved_after_prespecified_quota,
train,"[21, 22, 31, 38]",1a729188cd7e167429b72fa971c32b93f1c0c149dc036c399da12479d1cbcefa,not_solved_after_prespecified_quota,
train,"[8, 14, 19, 35]",214e6af404dd920dffbb561f775170588811124dddd4a5d895a10fa427283635,not_solved_after_prespecified_quota,
train,"[2, 10, 22, 39]",f7b40a7ebb0e3e89dc0c9ff806f4f01d4695a7102c81f53f1d2531b761acbccf,not_solved_after_prespecified_quota,
train,"[8, 23, 36, 40]",f22feb95ee5ae193758dac1e45c6417174c152c431b7cad249d87ada2e9055ae,not_solved_after_prespecified_quota,
train,"[2, 6, 14, 28]",02b7011e726420b722fc96994a6aeb288093c5970eed9b7f3b23245b2c731966,not_solved_after_prespecified_quota,
train,"[17, 21, 27, 39]",47434c57476eacff3f82718e0b09a1d0f325db05775bf84da987494ff659ab96,not_solved_after_prespecified_quota,
train,"[6, 27, 30, 32]",8b91ffb253eea8bf943a00a771889663da8904fa9cb6703ef8aaff23f261c039,not_solved_after_prespecified_quota,
train,"[7, 15, 21, 22]",f087f2a2d79acbcb2c958c9ca933bb05df42e4e45bf2a16d95aa81d1b24036cb,not_solved_after_prespecified_quota,
train,"[4, 5, 15, 40]",9dedac180406e67c7f056112b141df876172b27ab6fbf5ed0ce9e41e589a75b5,not_solved_after_prespecified_quota,
train,"[8, 11, 17, 23]",5482c1dee2a21491c6681b52b72c0cb14d724b0a11ee40ce8e75ee0cf701110b,not_solved_after_prespecified_quota,
train,"[4, 8, 27, 29]",612c7cb56bc55fc1b6f323a8973aa1ae9232c83528347d7cde0bd7d60c0f3cd0,not_solved_after_prespecified_quota,
train,"[3, 4, 9, 21]",81cda9666a8614e5033196f717da6b890d0f68d34d40de4c656a24113451a913,not_solved_after_prespecified_quota,
train,"[1, 16, 27, 31]",c1d30ec2c964900faef202d8a76211e5b4010212824594042bf900284cde37e3,not_solved_after_prespecified_quota,
train,"[2, 19, 20, 32]",03cffd905b5abb56928cf36ef95b4803136e363a54b279d154d41f8cfea3081c,not_solved_after_prespecified_quota,
train,"[6, 11, 24, 33]",620f0849c25bfc949dac653b660a104b121d8601d07445d1a17229c3727edd00,not_solved_after_prespecified_quota,
train,"[1, 11, 18, 29]",22813b776128667d1c285fb54c2a83dc6d2fc5aeadd926b82f1a9fe5e27734ff,not_solved_after_prespecified_quota,
train,"[2, 3, 10, 16]",35659d9c507e2eeee6b88c8a71a1a5343c55a1de653b50afa202cab1f691dbdd,not_solved_after_prespecified_quota,
train,"[3, 10, 16, 21]",5f38bc7baa1bdf8d648ba567efeba0e96615ebb726eeaf4e654cf9a2f286fb3d,not_solved_after_prespecified_quota,
train,"[1, 16, 39, 40]",28dc839bf968b962f3e81d7a66b53bf658d1f2079171dd326b0a4015c6023249,not_solved_after_prespecified_quota,
train,"[3, 21, 22, 32]",a9f8fc47101f45aaee615cda9374ad5f0c3ce6fd4eb404cf08d1339693fc7ba2,not_solved_after_prespecified_quota,
train,"[2, 4, 9, 29]",022130dcd39aae88451f6dc59b388cb3c2b276cf3f9070c121215421041d39e7,not_solved_after_prespecified_quota,
train,"[3, 16, 32, 39]",e7f805f4308c0ef2d05eaae020523b90ff467bcb4acbd5a35bdd674347d60a45,not_solved_after_prespecified_quota,
train,"[6, 11, 27, 33]",146eca366546bfcb746d129ca6c941dad83fbe5a99df616a05e444a609d23d6b,not_solved_after_prespecified_quota,
train,"[1, 8, 12, 27]",e1eda0ac14ea6d70f2b909effe56887045953b281cef5623171cf0f27f9dbc30,not_solved_after_prespecified_quota,
train,"[9, 10, 17, 28]",8ad742c9c5eb4824bbe271b8466ce54b1b8a6a72785e04ebb2407081a2caff00,not_solved_after_prespecified_quota,
train,"[5, 10, 26, 27]",63e8c87e9a395428a3354f7301162e933f96a41353a7061bfda0c03f402f6266,not_solved_after_prespecified_quota,
train,"[4, 8, 21, 36]",1f3d03b48699e2701af7e99f2c8a40cb5c3dfaaf55b3e3d76aba56802a2b4f8a,not_solved_after_prespecified_quota,
train,"[1, 24, 26, 29]",606b5c5d4166fcace4970723f904c50e806bcd3ca90f3b5da08b1084289ab4b8,not_solved_after_prespecified_quota,
train,"[16, 22, 37, 39]",f756f3d4b3213dd32de76570a27ad4ebcb37cda1d7f59e48c070e5dee90e2b99,not_solved_after_prespecified_quota,
train,"[2, 11, 21, 25]",26e49c208ea2d5f01b6fe7b9e7cba2946362e3ebce1f900ea3ca7592e8de7283,not_solved_after_prespecified_quota,
train,"[14, 25, 32, 34]",48349e82e1e68d1c0ed220b38f35a6e6998c24482f25935fa62de6d1eb00dc91,not_solved_after_prespecified_quota,
train,"[25, 26, 39, 40]",b786c8a1a0f602bca5f15b5e47c1655d784106d03773c40f7fb89f9ee2bedeab,not_solved_after_prespecified_quota,
train,"[3, 16, 37, 38]",aa23331ac751e0f2e08ef65341e0f42813283f097047454e7d5a8d59904cf505,not_solved_after_prespecified_quota,
train,"[16, 22, 25, 31]",36bcccf75b98cea5dc2c0e792bb29ac8007fd682e4667166c8d4f7b75e031169,not_solved_after_prespecified_quota,
train,"[9, 15, 18, 40]",a1797fa5ebe8f5c7dad67c94a104d3a5774abc6b63ac8a07a22077dded1bc61a,not_solved_after_prespecified_quota,
train,"[1, 5, 12, 27]",561fec8560b7e119ce05574146739e4e45338e7b19c3bb444ff0af0aa1ac8872,not_solved_after_prespecified_quota,
train,"[6, 12, 20, 27]",bd80a5e213ad0364cab212cc3fbebde0e993d058d50e4bffc8a0c6ba9f24d61e,not_solved_after_prespecified_quota,
train,"[7, 16, 37, 39]",85904101387907653c7ced5ecd5b8cb175f734f2b97ba7e9d802a26d5c187cea,not_solved_after_prespecified_quota,
train,"[3, 12, 38, 40]",87e6cdb4f05a8112dc5bcd1dbfe8709c0fe2065a2c8bfb29c1853967b29271eb,not_solved_after_prespecified_quota,
train,"[8, 13, 14, 29]",c226d4a1cd638142410d25e5e2bc422ff12db72ef19b092eecfe00dfa19e97d0,not_solved_after_prespecified_quota,
train,"[15, 22, 24, 28]",f6e2d3c4ecbba7150bd4832a99e49d3cef16e2f0457e681c77dca4d85305be4c,not_solved_after_prespecified_quota,
train,"[11, 13, 19, 31]",7998f27d3f84aa05080f92c62e7e5ac9ee416342701e0a771ca0a36ec8de71ce,not_solved_after_prespecified_quota,
train,"[1, 21, 23, 28]",b5a530472880736091167f28ee8440e018274a0827c2d5b5e88d2d1e543e9cee,not_solved_after_prespecified_quota,
train,"[4, 11, 14, 25]",ec3cf3b83d0efa4afa117e13a61181ff434f5170dd48584a246d3592fc9402ce,not_solved_after_prespecified_quota,
train,"[5, 8, 27, 32]",00929d7fb5bb804aeae0ea8683eba896d927f2713ca31d894dfa234d27c2ba3d,not_solved_after_prespecified_quota,
train,"[2, 19, 30, 40]",660c3393e5a1f7977daedeb70ea4043bf5a6ecdfa3cb4aa8558f74df8286d7e9,not_solved_after_prespecified_quota,
train,"[14, 17, 22, 37]",51edc32a34fdd5297860ad0dec4b3f622a759fb3318bfb98d0c0aff5e6c6b7f1,not_solved_after_prespecified_quota,
train,"[15, 23, 28, 39]",b1d48b3a41f583d1f1f82742085a6fd1ad1278c0582d4df54446a5586fbf7e91,not_solved_after_prespecified_quota,
train,"[16, 23, 36, 38]",7e200c583a495d76ba2769e22a46a749b898577786cf494c0912bbacb7b1b24a,not_solved_after_prespecified_quota,
train,"[5, 16, 33, 38]",00a4b6847c88284df75a2ba71ba3c2caa03db825e00071b90afa7e708fefa3d2,not_solved_after_prespecified_quota,
train,"[1, 14, 19, 24]",6575b0635dce0d2cdc69d40d77a6a39730d09d35898a8e14dc637909e275c288,not_solved_after_prespecified_quota,
train,"[13, 15, 30, 40]",8d46d711970be36f3bc83030e60093f4c04039ef36311aba6aff9d89cb324748,not_solved_after_prespecified_quota,
train,"[13, 31, 37, 40]",9f855c69a9ee6b912bbe870271a1c2e399e01d929663c88cc4c39b8d0c754c52,not_solved_after_prespecified_quota,
train,"[16, 20, 32, 35]",5884894a5b93796987775ec7b8e9b7fd7e4c74629af48aded02c214489313a0c,not_solved_after_prespecified_quota,
train,"[27, 32, 33, 38]",af6607dae11266aed5f731d99dcfd7173a51051f0cf85daa75bb0357b54d071b,not_solved_after_prespecified_quota,
train,"[16, 26, 36, 38]",27b803cbe843ae26d10caff9e5ad8f8695eefe347c5dddc46ac35f6a74d42ed1,not_solved_after_prespecified_quota,
train,"[6, 10, 24, 38]",cd2e46232a5f885f4ad871ef9f2772eba83cd325b2829ab42ec6b43dc9c8e5c5,not_solved_after_prespecified_quota,
train,"[16, 20, 21, 29]",cf795ce5fc41ffc1a2f9b2e0d5842ef091371732ca8e03c41568891164e20336,not_solved_after_prespecified_quota,
train,"[11, 28, 37, 40]",148184e07e462643b516cbb9a7cee4660f9c8528a7fb937373fe20383343a6e6,not_solved_after_prespecified_quota,
train,"[33, 38, 39, 40]",356242782480a2a8a22aa2aa80f168bf73a13f08c1f46cbbd510dc6ce86a6698,not_solved_after_prespecified_quota,
train,"[12, 15, 22, 38]",b81a4f6001252cd11691d12ca889f40e912a7c2f3cf2fbd4f2a1b17130fd81ba,not_solved_after_prespecified_quota,
train,"[10, 24, 27, 37]",a34bd8ad1c22204acd99823342fddabba29fb510f305b7fe710b7c4c5f2120e1,not_solved_after_prespecified_quota,
train,"[1, 12, 37, 38]",8f46cf19236e088234f045d698d318c2163f2823ebbb805774cf5ae0291f1c4f,not_solved_after_prespecified_quota,
train,"[14, 18, 24, 26]",77d03c082a2f9e388d0afcc89fe9acf9ec74c037a5ad00798b9b06cdcaf21a95,not_solved_after_prespecified_quota,
train,"[3, 9, 15, 23]",8146f7dd50c056b631f52b15e9698a40d692d698e9d1e121ef5224134d0de0d3,not_solved_after_prespecified_quota,
train,"[13, 18, 26, 33]",1a57248e81e99ad8a1250e8f40e15c1e4a5d40e381002919c96e794712a65edf,not_solved_after_prespecified_quota,
train,"[11, 14, 23, 29]",fe7025e5e1226642795c852ecd0131e2ab3097aa983154517314ca80ed386615,not_solved_after_prespecified_quota,
train,"[4, 9, 11, 38]",861292dd5448a07a2a953eba5ba4c6908e0d24187f3cb80188e961e4aa150a1d,not_solved_after_prespecified_quota,
train,"[5, 14, 15, 37]",6cc0e11fe6accc96a5a864aa38309de30bb256395a41160e71f17891518e0971,not_solved_after_prespecified_quota,
train,"[4, 14, 32, 35]",aad9f677f222a77d0ba2802a9f860ff75fb505a39ddbfd371befb9debd652738,not_solved_after_prespecified_quota,
train,"[9, 18, 21, 38]",3b829f4f6c2e86d621a6a28ab00b3761401e73ebd58f04fcc97457cc59abb0bc,not_solved_after_prespecified_quota,
train,"[20, 22, 28, 32]",affc0118b464fdf23f3ff0ef9d90b8de7957c70f8908941a692a2f251ac1d576,not_solved_after_prespecified_quota,
train,"[6, 17, 26, 37]",3c3478df49cadbcf9815e8c650ec06bb26a0d93792ec59396763218e81ed10d6,not_solved_after_prespecified_quota,
train,"[6, 9, 21, 26]",f666f674241371fcc0039e3a43e58b48ec317c1dcd7dec76de6941da99a7dd2e,not_solved_after_prespecified_quota,
train,"[3, 11, 29, 30]",bddfdcf41bf5a6ebc91eeb6773cc769f50adae5a5b5f4e2e7b1efb33d398f7d3,not_solved_after_prespecified_quota,
train,"[12, 17, 26, 28]",e5ffedab231d0b5c5a76decb47420539307de52d1bde5f6b538ef994e5eea094,not_solved_after_prespecified_quota,
train,"[14, 25, 32, 37]",8c6497598b7abf3e66a76b12d55d3ce4cbb6f618f3407357b9a61642e0344ee3,not_solved_after_prespecified_quota,
train,"[27, 30, 37, 38]",b5123314a8dd34d49ab754f4626a8f66aae8d174ca6bff92a0877494dcbde48a,not_solved_after_prespecified_quota,
train,"[7, 11, 20, 27]",fa260338e703071681644edb6387238b660c9bc2414f63a794ebed25d60681d7,not_solved_after_prespecified_quota,
train,"[1, 3, 22, 24]",0e52d194ac298d27942bd6507995a5d1f16bcd734f96c2c20cd46acbb657f313,not_solved_after_prespecified_quota,
train,"[1, 13, 19, 36]",60d3461c32b18cbace829255d2f4050c00a7ce652ef806bb4b6e8997de2fb21a,not_solved_after_prespecified_quota,
train,"[6, 26, 37, 39]",01980fc2b1eca31831c9dba669b1f05a638ee837dd6bad74d8fa86559bb50b57,not_solved_after_prespecified_quota,
train,"[6, 7, 10, 28]",49d9774f76432d01143f338a6cef06a37f8bb9c7489cdadf370adf48daa56bea,not_solved_after_prespecified_quota,
train,"[7, 12, 15, 37]",4dbd5240525a2c555e516efae7de6f6bb327bfaf48dd8f0d490a6fea0b2416a3,not_solved_after_prespecified_quota,
train,"[22, 25, 38, 39]",743f641d5d35ae86d9943741c02bef8d615af0d125eab03c40fbb3ea3250a40a,not_solved_after_prespecified_quota,
train,"[6, 7, 24, 31]",bb752c658a3b90a1db585645012526965a30c65256d6e0b279e9f341568d108e,not_solved_after_prespecified_quota,
train,"[22, 25, 30, 35]",be053f6d77d5aa1af83ce636678423127e0535ff2822682114fe63dea4248123,not_solved_after_prespecified_quota,
train,"[5, 17, 31, 33]",707a3624dcc206d478d1d97ae1858feeaac530239c466bf3a62e58dd08046e25,not_solved_after_prespecified_quota,
train,"[4, 12, 29, 32]",cd25f4cb162ad90198cf1655d33130d05ffeb3e887cffc810cea4e4ed93edd9f,not_solved_after_prespecified_quota,
train,"[8, 9, 13, 20]",4e146ea48238f3d8ece60e58a34c6deebdf451f98dde1b86c963f0015098dd71,not_solved_after_prespecified_quota,
train,"[20, 24, 33, 36]",928e0a929f3353b81514f7c8ff29cbaa93a6996d3f4c6422e0e1bc96aba5bc1d,not_solved_after_prespecified_quota,
train,"[9, 25, 31, 36]",31677be01c8a15fb14a4181122a4ace266cec554523ee8cbc1cda1cabba472de,not_solved_after_prespecified_quota,
train,"[14, 20, 22, 24]",43e1b48eb66fb38701d1fb7abfc0363708d330ffd598fd7e77f3de71dd507453,not_solved_after_prespecified_quota,
train,"[3, 5, 12, 33]",1380fce1a5ba5288f7e41682286b2aaf851edbc0f49c8c1cf2a29813bcab9a3d,not_solved_after_prespecified_quota,
train,"[2, 7, 17, 22]",9ae073f2655788912f16fe1566cce3dafa3a2bc435a81c5b97cafc1018b304f7,not_solved_after_prespecified_quota,
train,"[12, 16, 24, 26]",6ecb36a0c241d0b86b2bfce5ba42470b41b21f93740d9d54e51117180bd01363,not_solved_after_prespecified_quota,
train,"[9, 11, 14, 32]",05ae40678d050ba408bb33c3b317f39b2cc6b01723416d5d84f05f0b175efc90,not_solved_after_prespecified_quota,
train,"[2, 5, 28, 38]",753391ea53014f938555454270bfa5f8c5394ec6f9e62bd0e3f321a3e2da68ac,not_solved_after_prespecified_quota,
train,"[2, 7, 27, 40]",881fc05375186b8d898ab1154d75b9454d2c9075efafca5f1b2ef3fb214b052f,not_solved_after_prespecified_quota,
train,"[11, 20, 27, 31]",347270da527b8b1fcdd3d193656f40acc5f7ac7558aed5b664f0b3e6a27d3c76,not_solved_after_prespecified_quota,
train,"[2, 11, 12, 30]",72518460671e00cad6180c547d29391e45610035408a727e51e3ca13cb6e2477,not_solved_after_prespecified_quota,
train,"[2, 11, 24, 31]",79c31d76faa8c54331b7c2302a1100c9140ea19ee9e92a0041793c5b87239c5f,not_solved_after_prespecified_quota,
train,"[5, 6, 26, 33]",6482cc8772845f8d408a15f384f581283d88e627223a18ae3d200168b0611987,not_solved_after_prespecified_quota,
train,"[3, 6, 7, 28]",5145c0351943ab2fd5e81a5999857e1840a5dee16cfda7c59e4b6f0e103a8b3d,not_solved_after_prespecified_quota,
train,"[14, 25, 31, 40]",79253dbf9006e620324d4a868c77af50e1d7be07acf9b58d8494ea7ab52da7ae,not_solved_after_prespecified_quota,
train,"[7, 24, 29, 35]",f2094f0bd14667bd2b3c437470cb1ad73dfe495685d1ee6ffd7a53bfec3f4c5a,not_solved_after_prespecified_quota,
train,"[8, 10, 14, 27]",7a605d700700d25e3a54beb1a46fc5d4a58c3e3f74a5e80d341aae840ac90f6b,not_solved_after_prespecified_quota,
train,"[8, 23, 33, 36]",97b64918082802d2cf608671457a0d992fa34eb956e181edd365e017f2487fa0,not_solved_after_prespecified_quota,
train,"[18, 19, 24, 28]",fd0b0e5ee7cf7f1def12048c6feab9161182fb44124c11d11b37d30bad62f63c,not_solved_after_prespecified_quota,
train,"[8, 24, 34, 37]",4e16eb560b0e5c62f32af1bb41195914531500f06cbcc82c6f5c84f32994a9d6,not_solved_after_prespecified_quota,
train,"[16, 21, 30, 33]",d718bb1089a1e81c2a4e6dc9682f1ae31b87147b14fb5ec7ce54636bf1274f26,not_solved_after_prespecified_quota,
train,"[2, 20, 23, 34]",884085189d0a37c2acb0fd9760e5496655cc75ad7fb82fd2762fcbae77704515,not_solved_after_prespecified_quota,
train,"[13, 16, 22, 38]",9d3cfa6496f64b9aa2deafc341af28112646e8aadbaa1f4299ae1a99e9bacdbe,not_solved_after_prespecified_quota,
train,"[10, 11, 27, 30]",8318a5d430459f0436b73b1992ad2e144fe488252a2d7147e678567b143894ba,not_solved_after_prespecified_quota,
train,"[2, 8, 11, 15]",632dcd7669f87240733ceea81a86ba693da15c182143b8a1e3cd3643308f5bff,not_solved_after_prespecified_quota,
train,"[10, 14, 15, 38]",0d82de2713c8224522ec7eaf6b3ce0fef2bea04baf330698a627204ed70acd1b,not_solved_after_prespecified_quota,
train,"[3, 11, 22, 28]",1af49df2e63df8d308a71b63b378dc67f2d3031cd024181bc9102b531ac2f41a,not_solved_after_prespecified_quota,
train,"[3, 4, 10, 13]",bfde974a8fad0cc92d3c4f148ddb6fe4d02494c544e723ff8571c97698307529,not_solved_after_prespecified_quota,
train,"[12, 19, 28, 39]",5d633f1fc126fcfe8584d2a0e894734e3cd4747ed7dbe5d4d2e1a7c8c2922ba6,not_solved_after_prespecified_quota,
train,"[8, 17, 25, 36]",93f6926831f589bceb9c3161265197285f9ef1e65168c2e858bf494eb184abad,not_solved_after_prespecified_quota,
train,"[2, 3, 25, 37]",201e0315e1dbfd4f29743716df005e100171957b152a16cc860ef417ba12d65a,not_solved_after_prespecified_quota,
train,"[1, 19, 22, 25]",258fddf8cfaf30872fe2146477ef1a8cb2f665fba4e81bb2707a996fbcb1bdcc,not_solved_after_prespecified_quota,
train,"[4, 19, 25, 27]",60d6348406b59f1202512880b72c6e070e250a569a2821fdacb7c0bed4937781,not_solved_after_prespecified_quota,
train,"[6, 17, 33, 38]",021d1887f33dbc0c9766040bfd574cbb3264a484286c08122b2b18bc5109a122,not_solved_after_prespecified_quota,
train,"[9, 14, 18, 21]",c4b822fbec2303f1891e5989af3e9ae0fa98c627ae56a6dc1a4682447d30de50,not_solved_after_prespecified_quota,
train,"[10, 13, 32, 34]",16c5f086d6073022516d1eed83265443f93658c3325196f902f441710a529461,not_solved_after_prespecified_quota,
train,"[4, 16, 17, 19]",c9f2b1c21c90c31d26de4deb47ac7eff704ae02501e7c0ddedc2630cd328a94c,not_solved_after_prespecified_quota,
train,"[15, 22, 32, 33]",7224a1273851e7f5e7eb81e1fda3b3b5cd54242d3f5a8cb56a119e552aa36f83,not_solved_after_prespecified_quota,
train,"[6, 8, 21, 26]",3788dd18d9d2cd456d04d38cd0bddb825fb03b1dd01942eaac9325784701948e,not_solved_after_prespecified_quota,
train,"[7, 23, 28, 30]",49f3fbba6c64f9aed1a7eaefb1f545bf765e0b6e3596c0611143f6bf95555e12,not_solved_after_prespecified_quota,
train,"[16, 28, 34, 39]",20dda5e546a8924e9ab83d90c32ea899593f9529d3de708c11afd076a7838771,not_solved_after_prespecified_quota,
train,"[11, 12, 18, 31]",414c135fa8ce838e09c98600274a41abbea68054c00e8f25912c6e4300b40c5e,not_solved_after_prespecified_quota,
train,"[10, 14, 36, 39]",d83be98db851ba8b810a46c012a66a373ba557fb547d75daf731951db75228de,not_solved_after_prespecified_quota,
train,"[5, 12, 19, 38]",62bded73242f699fe3bec8a7d0a186884f37dd4497307babb6d056b2cdbdd1bc,not_solved_after_prespecified_quota,
train,"[7, 15, 17, 29]",03eba5d546a98e872434fc996127fd18faf01dd6ee31418d300ac93139ba1596,not_solved_after_prespecified_quota,
train,"[2, 3, 7, 10]",48cbab0e4e773c3ffbbfbec30ede6c2d531afbe28f6db441f7f91060ef194117,not_solved_after_prespecified_quota,
train,"[14, 22, 26, 28]",907d5e8d236984a8aec509ae9d16d8fbb2dc03021852ec02b56a9796fa1da7d0,not_solved_after_prespecified_quota,
train,"[20, 26, 34, 40]",82500fdeda80e505a56b55b258daa8a92ebf085cb14067c7ccfd02d1565f2c2a,not_solved_after_prespecified_quota,
train,"[15, 29, 32, 38]",9f8bad85734e87dca6c8e7e3bac510d304a2746fe4c64bcf5183c66a0b55f6d1,not_solved_after_prespecified_quota,
train,"[9, 22, 27, 38]",ab43fe4b9531c3c234f13392ef383627197565c8488b0635fc57735060936ed8,not_solved_after_prespecified_quota,
train,"[2, 29, 30, 31]",46078c504b2d944b133265107590dabf689fcad21728d82cd21a70be5c7df188,not_solved_after_prespecified_quota,
train,"[3, 19, 25, 31]",a8ef5003ac45a2749a79fac4025b5cc8248884e0fdd509c7824fe9b1ddc04337,not_solved_after_prespecified_quota,
train,"[6, 10, 31, 34]",8e77b0a667290d43eb852c64b2633158a31df978f4b2d9e35276953f1a2e5387,not_solved_after_prespecified_quota,
train,"[10, 12, 18, 31]",794314904dba00fe2b9a2d1c52da4a1b091ed4247b06d2a297291175f2815e12,not_solved_after_prespecified_quota,
train,"[7, 12, 13, 25]",e68050cb11c6c21b934d359301c7ce612ca4b012b5c126813cfa8369fcecee8f,not_solved_after_prespecified_quota,
train,"[2, 12, 18, 34]",145ab523773b78106c84b8d0f9dcaec661eaaac2ff5d0b43506f2f55c9d8945b,not_solved_after_prespecified_quota,
train,"[28, 29, 35, 40]",93ac242d770388e7989917c1988d30c35936caf2cf9ff9b4a24b3ec5458ddb94,not_solved_after_prespecified_quota,
train,"[9, 20, 28, 38]",8df4e6cd5b204cb0580b3460b38c14769b33ec924ba7182c81b8ac4df66249d6,not_solved_after_prespecified_quota,
train,"[23, 30, 35, 37]",814ea432b3b6fb5be92791f3521f847784c8e4916502d6a4e1a36d57c57637aa,not_solved_after_prespecified_quota,
train,"[1, 3, 31, 32]",44415195fac96a0a667e95d7d38da66e3685dc4ea3ba671651243241d27652b9,not_solved_after_prespecified_quota,
train,"[6, 20, 33, 35]",a6967d4aac322d19fd88904918eed00009763ab277364292dfd9160fdc836be2,not_solved_after_prespecified_quota,
train,"[1, 26, 30, 40]",4eae9e2cc133549c4c56f7ae24f403f17d8fbf07c46e9c4fea90f66a6e53ff64,not_solved_after_prespecified_quota,
train,"[23, 25, 34, 39]",33b7a27ce95998b4e8f984eadda9ed0a83a9bb5ed64aae0bf39037ce71b62df6,not_solved_after_prespecified_quota,
train,"[5, 22, 23, 32]",f248fea26a99106cfc142ef898585659cd7b13ca34678a53c1df97950727624c,not_solved_after_prespecified_quota,
train,"[13, 17, 26, 31]",c50f1e95f5399556e390962fa1b320d1633c70191cfd4856fa8dc4b22939a622,not_solved_after_prespecified_quota,
train,"[17, 28, 33, 35]",bd37a63a17bdcf8747137d44414393d230042ab217785ddb5f75a1b36a3ff9a8,not_solved_after_prespecified_quota,
train,"[15, 21, 30, 37]",4009564bf2d5b1fd41607f237e5d6fc3f76e1a62f88dd0236527e5bedb29a33d,not_solved_after_prespecified_quota,
train,"[1, 3, 4, 19]",62506df17f4b79fda0e2254cb6a080f9ea239661b978b411020f712f0dfb62e5,not_solved_after_prespecified_quota,
train,"[6, 25, 27, 28]",e1fbd11b27947a7e40028d8f93550cdd69303d57d1067d6291981e379e8215c1,not_solved_after_prespecified_quota,
train,"[13, 21, 30, 32]",a13828eec1019abe9f5adb104d0f0bde22abd6288c182e430925cc756da2585d,not_solved_after_prespecified_quota,
train,"[6, 14, 20, 28]",eb705cdaf062baee65bf60d77963654019a4064574a6b0308b222356a983e7cd,not_solved_after_prespecified_quota,
train,"[18, 27, 28, 34]",2b6de5bea4228c24b5c61eb95f9a72926501daf9144528a391b908d420cfcc5d,not_solved_after_prespecified_quota,
train,"[13, 14, 16, 31]",3a6dd5ab13a01a50a137ae265c5e8b266084604eb381f2d88fbff903a047659f,not_solved_after_prespecified_quota,
train,"[12, 20, 25, 31]",16896b882d280c56cdde339fd378b5d000216fff4d5e7ade242c0ea9abe602b2,not_solved_after_prespecified_quota,
train,"[14, 28, 31, 35]",fec6912e84947f248ab76e8699d79394e867df5b84fc28e95354d47defe00103,not_solved_after_prespecified_quota,
train,"[6, 16, 32, 38]",7ba5e53d8b602af70719b3550a5f7b6677c0c9aa3a32e51877090e985ad4bd21,not_solved_after_prespecified_quota,
train,"[13, 20, 30, 40]",32946e7fae9c2c9af52380c9cb6d488a4d1f75392e0d96ce269404b3a0ecbb9f,not_solved_after_prespecified_quota,
train,"[1, 6, 20, 27]",5e0cc77be986a6557a146f9d1ed1bae68ec5662467a35c754fc94c10109c37a7,not_solved_after_prespecified_quota,
train,"[22, 24, 36, 37]",e75cd1807e9dd0696e9acb19b85bc122d3bbe6b5dd54e351a3b45990c47b0e4b,not_solved_after_prespecified_quota,
train,"[14, 15, 21, 29]",26c6820e88ffcef26cfb356207038b06474f9a9c25de66bf1bb82054cd1b45ab,not_solved_after_prespecified_quota,
train,"[10, 14, 24, 28]",01a9e5a027aabb7e0bad53da89f382180d2ddd87bedbaa43919d0d20eb7b3208,not_solved_after_prespecified_quota,
train,"[4, 14, 32, 37]",9687d8caa2eb0d226517921520dc8073b42493531f266739ff2b2ce0bfb5e351,not_solved_after_prespecified_quota,
train,"[12, 14, 23, 27]",93c81ee8d4cf81177b35ad99ff07d6bee9473dca12df8bb58c04bd11de135983,not_solved_after_prespecified_quota,
train,"[14, 15, 17, 30]",9de7bbd9f470f339e9ca0b585511db089086d895f6fed6611dca08f9d002d56a,not_solved_after_prespecified_quota,
train,"[6, 13, 32, 33]",f0023e69e57dbd06340f9e11a5231807d860a80570947b7f98b7a1c7bc20ee97,not_solved_after_prespecified_quota,
train,"[2, 10, 22, 24]",ab8feaa394d680ede183070864027205d83aa50a875bf2aec9a763b6a62776c8,not_solved_after_prespecified_quota,
train,"[1, 22, 36, 37]",8e3ff4264b98a951247381e959b04edfa6244706b208fd499f124aaae672862d,not_solved_after_prespecified_quota,
train,"[13, 33, 34, 38]",cdc62fd3dcdc5927a78b566c3a3d5c2b5da5fa1ce2e33fc8a2d1a2f6d28c9e0a,not_solved_after_prespecified_quota,
train,"[13, 17, 21, 30]",943dca35a93d9bbee1ad6b034dbf65b5a9952c4d4a8efa4c2f10fc4fda78bf66,not_solved_after_prespecified_quota,
train,"[8, 12, 18, 27]",cce99004ec117228f7c7a0031645f56c4ab5809000c82a5c98e8ab30e366d57f,not_solved_after_prespecified_quota,
train,"[9, 23, 26, 35]",4de9594a11701f1269bf18864b02eccbef0817a186dac841e5d80291efa9c3fb,not_solved_after_prespecified_quota,
train,"[1, 8, 30, 34]",e9c2d191a3d2bd3d6bb129f01115376a44ed4473adb69722cbd2270ea7533308,not_solved_after_prespecified_quota,
train,"[11, 16, 27, 29]",0ae3c6125bcea219536ba369582d0ec18b7305feb0f379aad05f2c22a988169c,not_solved_after_prespecified_quota,
train,"[20, 24, 28, 37]",d6a4af82087a8a634f83ea4d863d2d93365909d7bbcb296ba299cd4eaedd2f05,not_solved_after_prespecified_quota,
train,"[6, 10, 19, 35]",7216a836a85e4b9658e5f5ac6f617b66339246da7f0c4d4fd30cc9c6afd8072d,not_solved_after_prespecified_quota,
train,"[7, 16, 17, 26]",247e0d2d677868e63d1118018949d029b76db75f641659756266357f9693c203,not_solved_after_prespecified_quota,
train,"[1, 9, 12, 13]",38c95cb7b83dfaceeedb054443dd3c6f3c4ffc7f8d87e1144bb3e07f34f5d3bf,not_solved_after_prespecified_quota,
train,"[16, 25, 34, 35]",d880c08bd445313263faf68e6f00a1433080de4c40ec940f1a0506379e24b6fb,not_solved_after_prespecified_quota,
train,"[3, 16, 24, 38]",39739eff95b98574ea3510598511092979e63b227c468b06d1cd94b1e7bb3f74,not_solved_after_prespecified_quota,
train,"[12, 13, 24, 37]",a9bc2b33729e665de09f06d1072a67d949493c73ecbab43ae1302fc6c9aefc5d,not_solved_after_prespecified_quota,
train,"[2, 29, 32, 34]",0d49352e7a01b65b93c4e83bc0a4829bcd422474a3770d85be22417eb0eed4a7,not_solved_after_prespecified_quota,
train,"[5, 22, 28, 32]",7c1929d1f2428a366a25c223c043e75b42f4b9e97bd61589d81ff86037bbfc27,not_solved_after_prespecified_quota,
train,"[16, 26, 34, 35]",c536ea57af63d91a4dfa07741d353f94d322a3d9acb88e2f70444d9410a81556,not_solved_after_prespecified_quota,
train,"[17, 18, 24, 31]",4d2941e96eb6bbbcfcd683d6c6228abead1e9b1232bd3fffcf4c6bd4397c6e1e,not_solved_after_prespecified_quota,
train,"[3, 4, 12, 29]",fcd094bfc4052975b881b81e3b29195862f66bec321d6544973f033f287d92de,not_solved_after_prespecified_quota,
train,"[3, 14, 25, 26]",52c94b1de81d8d9f3bf81db10be5a8bd60718c808f38090b4d4662ab7b6b27a7,not_solved_after_prespecified_quota,
train,"[2, 5, 15, 21]",eece29cd183b555f2757cc53cf9c27771415c10a9c474189b6507dc0e2823417,not_solved_after_prespecified_quota,
train,"[13, 21, 24, 35]",67e2585589119580ca8ae28b18d2b327678fca3056f5e7124c1bc06b1199136e,not_solved_after_prespecified_quota,
train,"[5, 19, 34, 35]",78e8d8f7ab10e5c09fb17bc922bfcf25ea80f31bc500b998c5cb8dfb16b2b7c3,not_solved_after_prespecified_quota,
train,"[8, 11, 18, 32]",4d71acfaedb212433c23350dd0ae2f192a842cabc3d468c29d9d791f2c151407,not_solved_after_prespecified_quota,
train,"[1, 9, 14, 37]",455bbf5f790302817a2349b5e289054bd13a003f5118719762f611135f3aeb72,not_solved_after_prespecified_quota,
train,"[2, 4, 32, 33]",f576ac0e70b340ed31e1d1e24a6f31689eac3ae492a7bb411bab650927ea4e6c,not_solved_after_prespecified_quota,
train,"[17, 28, 29, 33]",d07492bc951f5d0c043d0d654b15aa5a5dfc9a086253bb49c4290cf84af9e2aa,not_solved_after_prespecified_quota,
train,"[7, 11, 19, 36]",1650746d2966a53af0d6268f5530d82aa8322938037185eb60e5014e4abf9659,not_solved_after_prespecified_quota,
train,"[8, 28, 32, 38]",2b58c1db24bf7b548d80d3db3a20fb304fd76bd1d1552c9026ca99b507ca9fb6,not_solved_after_prespecified_quota,
train,"[13, 15, 35, 38]",38e415a36b27e517e328b3d26c7967775c3628f7ce72dbc63b4f99aa995a168b,not_solved_after_prespecified_quota,
train,"[2, 3, 18, 39]",0cdba689336ab809e26b9264ddda7108149085e57191d9db53425d68fa7bcfce,not_solved_after_prespecified_quota,
train,"[15, 26, 27, 35]",41f92753cfdae32b5854e1d82f89cca1729241a3888a90054f1a1d879577effd,not_solved_after_prespecified_quota,
train,"[5, 6, 10, 11]",91adb1f629b6dba2808e87e6c5f2c6c2e127b86af9be1b25312c78131caee03f,not_solved_after_prespecified_quota,
train,"[8, 12, 16, 20]",f52bff89d5892bf3320f881f78ad93033237dc2e113c30ef9aad53e4d6590869,not_solved_after_prespecified_quota,
train,"[1, 18, 27, 37]",8f45e2393b64589e53f4812a12ee61a27a383ee9151172d7b99926fd109530cc,not_solved_after_prespecified_quota,
train,"[3, 15, 22, 34]",19af9ba1eb92f78b35138e755b15a3aa94ef22c6ccd24d8758a13ef750c25570,not_solved_after_prespecified_quota,
train,"[3, 17, 21, 37]",3e6237c052851af76a20c2aa9f7ed0f14cd8650858930dddddaea07e8c314272,not_solved_after_prespecified_quota,
train,"[2, 4, 6, 33]",7e446c8d8402652b1f68e064dcd3343339ae86d789866f2ea2a44368f7973664,not_solved_after_prespecified_quota,
train,"[2, 4, 17, 30]",1c32c8cdeb4046eca3724b862f9ed7a3a482b781a7e688c4886d907da2ae6d31,not_solved_after_prespecified_quota,
train,"[1, 21, 25, 37]",5299f1b3e0323e3a873802ad74c0276b6c3ba60202467fe034b9afbb94860f36,not_solved_after_prespecified_quota,
train,"[16, 24, 37, 39]",6075c5a22d4d93b1332e3236ff60e60743f03f992475d792cc3bb737086bce59,not_solved_after_prespecified_quota,
train,"[11, 16, 20, 36]",51e4665a68289e00c25def206dfc37609b0e01d3ef7074872339b5870e6df5d1,not_solved_after_prespecified_quota,
train,"[10, 26, 33, 39]",d406d5d5c373de82602fe8b3459f800c1dd9b9eab4e444bc613c8b66feeabb34,not_solved_after_prespecified_quota,
train,"[1, 10, 28, 30]",a0b4d28a8d0ddb9ed7d8aa09cdde7066fed3ff58482ea3b1341d166f18f27068,not_solved_after_prespecified_quota,
train,"[17, 24, 33, 34]",f1e08c19ba109d63ed201ef377e2af17a15a703637d8977adaf3b39590f0eaad,not_solved_after_prespecified_quota,
train,"[8, 17, 21, 38]",2c2ddb3f2dfa63338561a740b992e581f66b1111c5f1b54c07935210e41ada28,not_solved_after_prespecified_quota,
train,"[14, 24, 35, 39]",b9dc088040bf68f2fe7a90da478144d0f6d15b7f3676aeeeae2ca879d1d5285b,not_solved_after_prespecified_quota,
train,"[1, 28, 29, 35]",f297c4e8eea14812e04d94d511906472f684d07e472ac5d58737f665b582d714,not_solved_after_prespecified_quota,
train,"[12, 15, 29, 33]",a4f8d8eeb1bbcb7cf518836d92c99de37beee16587e246f326625a99273bfa77,not_solved_after_prespecified_quota,
train,"[2, 31, 32, 39]",330c7e761a28f37c3451506de3d135c3aa9d2722b93a37492e2e8b913e7221bc,not_solved_after_prespecified_quota,
train,"[5, 14, 17, 35]",3da3dc4075ab6cfe6033e56b536aba9a23dc9cf784845efbefb9ecd03aa06877,not_solved_after_prespecified_quota,
train,"[9, 11, 18, 24]",bd17ba99010111c38a7d70cc594b28ec39b891631d5ef6273f5e36751e21dc24,not_solved_after_prespecified_quota,
train,"[1, 11, 16, 34]",aef8914feccf0060d76591bd240aec0e56c5b0db18607bab956288a7169529f9,not_solved_after_prespecified_quota,
train,"[6, 17, 27, 32]",81252490c6f8655d428bec38ea493305075813e7fbe57e80d6ad0ab27d93c92e,not_solved_after_prespecified_quota,
train,"[1, 5, 19, 36]",6dd1765d738b46c4f3877d389c31fcb61d85c87c266e24378c79a05907b546e0,not_solved_after_prespecified_quota,
train,"[2, 10, 20, 22]",2762884841365544cca9570a6b30376fb06edfcadbe43b1a6cfff60f808a231b,not_solved_after_prespecified_quota,
train,"[2, 6, 10, 35]",1a34643afc1aaa2c02b00da27c10932be1b046d31b33bc996c151591dfc8f172,not_solved_after_prespecified_quota,
train,"[29, 32, 34, 39]",02c2b2ab4a7e1f7bd1b51f69273f8ec0f0750c3281c71746702a4a7ed1e01e1f,not_solved_after_prespecified_quota,
train,"[7, 10, 23, 38]",a674a668bb7048b29f6c96d5ad7d09936315cbdf602f4cb516b91bc1f461f035,not_solved_after_prespecified_quota,
train,"[27, 29, 35, 39]",02ec3c46ffbaf2b02c8197ec45d70e6ad825ffd95b5c00b685d0ee9d22b80399,not_solved_after_prespecified_quota,
train,"[4, 16, 25, 39]",771aa4128243ba924fbf4f505bf3de82942cbfc03389bfce5625f41ce1723bef,not_solved_after_prespecified_quota,
train,"[1, 14, 36, 39]",01c6ac9670f9e62f3dce8cdccf8c3ce51df9a8edc771cd994671aaa383c9bcc9,not_solved_after_prespecified_quota,
train,"[2, 6, 25, 31]",8219c21ef3ca6b5ceadb52ab72c10c698b079f4de6cc3bac122a47f1ba5b7f2f,not_solved_after_prespecified_quota,
train,"[4, 8, 14, 16]",4d8c0b39d4784b265dc4c13f0d3123d92610fe95567560c00c6798c44acd697c,not_solved_after_prespecified_quota,
train,"[10, 28, 33, 40]",2e2391282faf5be3b171e7a6164e02aa76d9a1ebe3362fac2b52e48e5464abf4,not_solved_after_prespecified_quota,
train,"[1, 4, 12, 31]",f0e7e09207251c86ee1c8030d7e1068f1a5bab4f04304f96b055df9c5ecf0295,not_solved_after_prespecified_quota,
train,"[2, 3, 26, 40]",97c6e0458e633f10deaa9852278e377ec86345ec98c1acb3d08551011c8226b2,not_solved_after_prespecified_quota,
train,"[2, 4, 19, 34]",443c263b457fa716c25c2dcdf83c3942e9bb42b73cb2862e8aec522f8d887349,not_solved_after_prespecified_quota,
train,"[10, 11, 21, 32]",a49d5d8ff2eab67db124b80c14df75660834634977453eb4a7a54c68bf32e6a1,not_solved_after_prespecified_quota,
train,"[1, 8, 9, 35]",fa3854daf8e97e7c903d9bb4cf026a48cf121ecfc377d7256e76b729d04b4533,not_solved_after_prespecified_quota,
train,"[2, 3, 13, 22]",b750b56ca82196fa74ab738443be816ca0578dcda03db0b09758ae2be397de92,not_solved_after_prespecified_quota,
train,"[4, 14, 25, 35]",01ccaa138838df8221892e92f40faf23baeb2d3c93dacbcf3783dba7f0908789,not_solved_after_prespecified_quota,
train,"[6, 7, 16, 38]",110db6b27dcc888934347655a8bf77b3c4108fbee3582c7576cfdc47a0db5711,not_solved_after_prespecified_quota,
train,"[2, 18, 31, 33]",7825c1c8e38bbf2dcd4db8979864259c061487719afd7a72401898fd578582db,not_solved_after_prespecified_quota,
train,"[11, 12, 18, 26]",94e484ae680bb0c7ea9b65757c2f491bb17b759109eba9ac552f619286f7a5a9,not_solved_after_prespecified_quota,
train,"[14, 21, 32, 39]",579832a8ace7ad121580d744cfb9dd4e1c2dc913c37584718d795734502e697d,not_solved_after_prespecified_quota,
train,"[5, 6, 16, 17]",53d04b9c7bb6b6df32845740c7fc2d84ef4217eb79297a4a20bcd36ee7f94f33,not_solved_after_prespecified_quota,
train,"[11, 12, 18, 35]",90d56316b8c34f35e5023dae81ae9f49b5a63e4fbfbefd9f5bf4c08275df2406,not_solved_after_prespecified_quota,
train,"[2, 16, 25, 27]",f0347c975943a664ce0368808f606bb1c7aaea0a72b39cfb00dcc949163cf744,not_solved_after_prespecified_quota,
train,"[4, 7, 10, 37]",ff77e0bc0c8ef919063316574edbd49457309c080916126caba8cb4d9dd06dde,not_solved_after_prespecified_quota,
train,"[2, 4, 10, 17]",e16cc95937da433fb1236f1e9c11ea3445d92aaed843b0276b302135e1b2248a,not_solved_after_prespecified_quota,
train,"[3, 4, 7, 16]",9ed0a9e430fd58eb884396dc6e3f8a3b7e0d6a479d4c74d30ca693c4a9a85c48,not_solved_after_prespecified_quota,
train,"[4, 7, 33, 37]",e7c3252a893b31cf781f70e73c09ddc0e7362f6495b5deaa6d07d59a0279fb4c,not_solved_after_prespecified_quota,
train,"[1, 12, 24, 37]",4627701fb694a731c701ad1f63c81dc9e53abfb30e8d035962e69fa385e44a0f,not_solved_after_prespecified_quota,
train,"[2, 5, 8, 32]",0f014faa1f608b7e66a49a94da17a6165311fd98099e3029077c4e269fc70616,not_solved_after_prespecified_quota,
train,"[1, 26, 31, 37]",e2b8fab781d4c61f8b5afec1597e505e7963e74991166b8330311f3df967286c,not_solved_after_prespecified_quota,
train,"[2, 11, 33, 39]",8fab3f589a26db01b205cfc85e1064a69db9157f87667f985152f850b3cdfe5b,not_solved_after_prespecified_quota,
train,"[6, 27, 30, 36]",e299c2d00612e011977399ab5055413f24a73bf730f504869255eaee03f660a8,not_solved_after_prespecified_quota,
train,"[11, 12, 17, 33]",241b3b96a398c2cad90c6263f76d14b68e10687fee5a958db076a8f5f3a60eff,not_solved_after_prespecified_quota,
train,"[5, 11, 18, 31]",14f1b56b29ab83d52bc3bb42120d50863e1ded62189b4dc69bfbb289cc4ddcc6,not_solved_after_prespecified_quota,
train,"[1, 16, 18, 37]",c041f346c718eb4fff2301378726ec569e09aa8f5130bbdff5a653a513069c1b,not_solved_after_prespecified_quota,
train,"[8, 10, 18, 40]",c8bafc0965aef64450ff60302c62e3ff9f43de084eea32330868e4bd35e7e7d8,not_solved_after_prespecified_quota,
train,"[28, 35, 36, 37]",b2b4d83ed5228165178ed238b9329a27554bd2319bc170dc99feede8bec2d6df,not_solved_after_prespecified_quota,
train,"[2, 8, 28, 30]",571db37ce6d70fed12aaef41a61a5759485004b14cf4e21e98b19b9daad2de1b,not_solved_after_prespecified_quota,
train,"[24, 25, 31, 37]",1cf2fea1b551b5edd3e09b4b1647b5a714bdf135b4619d156133cc0e72e99a20,not_solved_after_prespecified_quota,
train,"[8, 9, 10, 17]",f57323ac11765339f15443bbeae386168f554ad92797eed58e19a0d8c2c4d001,not_solved_after_prespecified_quota,
train,"[1, 23, 28, 33]",636ef9684590d097c5647547531a38b53b1317bf53ab04a5e3278c3647a178af,not_solved_after_prespecified_quota,
train,"[7, 10, 13, 23]",88dc792939f5bab9a27f3458662c06ceb1be9f73054ec651c26b1acb6032abef,not_solved_after_prespecified_quota,
train,"[14, 21, 27, 31]",04177b41d328c7a7b2d2779b1db7b29280c66d1f088ca9e5878b70b1eeb051ab,not_solved_after_prespecified_quota,
train,"[8, 12, 18, 31]",59ed614371817d8bd80693053bd1735b8674faa2679ff1673c7564e270155ad8,not_solved_after_prespecified_quota,
train,"[3, 27, 34, 39]",d98f45ea9b7dc91dd3bbec4cea24ac5aeb88e8673fef6034c55ca0fe53dfc78d,not_solved_after_prespecified_quota,
train,"[24, 29, 31, 37]",5f3fda1f7e3a64430c1334dd9a449fab37c50e17a5f5c11408b487f58c1ecc9c,not_solved_after_prespecified_quota,
train,"[2, 7, 30, 32]",0138280cae5618d906dc87cac642083290e0e56c93f542e1681a6e0996a9018e,not_solved_after_prespecified_quota,
train,"[2, 3, 17, 26]",9688dd9c3305f1664223c1358e547869156bd082ebcd08db36f2df21d9040421,not_solved_after_prespecified_quota,
train,"[7, 8, 20, 40]",c260390ebd2e8684c7c0baed2f917fa6a8722e5e30fd97c829f3046043d2ab82,not_solved_after_prespecified_quota,
train,"[6, 18, 20, 33]",cfe64ea5d8237fab58108b62792f9fde3f72adc0a9208950330befb2fb5add3a,not_solved_after_prespecified_quota,
train,"[2, 14, 20, 34]",8b4fcf77b942dfd26db229716c074653ab7bb42d9e93019db89fec1bb5406dd3,not_solved_after_prespecified_quota,
train,"[2, 19, 28, 40]",8a552c8a84d4d9d9c0388330fb474abe4f1ea06c7232afb2869f58868edc5b7f,not_solved_after_prespecified_quota,
train,"[1, 30, 32, 35]",33542d83aeffa67b032b9fad8525feff9ce1ebee66915a96784dbbdd0ecb4bae,not_solved_after_prespecified_quota,
train,"[4, 8, 25, 32]",8d16338c36b87fe72ea91a0aeba9630eb2fa4a1136ea625efc9bab0a23540ddb,not_solved_after_prespecified_quota,
train,"[21, 23, 28, 32]",19310511d27e3666bbd3f1984fce70b188ea8758218f2e532f9a49cf5e25708e,not_solved_after_prespecified_quota,
train,"[1, 19, 36, 40]",95eb0492cd6c02f780c4127a9f4da94591ef8d0ae869f7881da6b36f875f4147,not_solved_after_prespecified_quota,
train,"[8, 14, 22, 40]",80071ada986a1acefe90efc1b0a5f05061e381be0b727d2d8aad50ea25510b91,not_solved_after_prespecified_quota,
train,"[3, 10, 16, 36]",a166db07e8fb47862f405ef7390810257787d94c3cd48fe1ef24a9d0bdefca9f,not_solved_after_prespecified_quota,
train,"[6, 8, 25, 27]",5289d700f0d88f45736596c85fa7ae0a68279b88e59fa95f7d2adb5b77512495,not_solved_after_prespecified_quota,
train,"[3, 11, 18, 19]",5f59c27f61f2117d30a56fc9863f247dacf95e1b2529abf96a195ae43a4ae8b7,not_solved_after_prespecified_quota,
train,"[6, 14, 26, 33]",1b4916020bb98fe24e7aa99ce0c4ade9abe5230ef1149938cc32a1eaf8676fe8,not_solved_after_prespecified_quota,
train,"[7, 25, 26, 31]",2efa252d9ff9a822b7506881ee6b0819717b9cf070ecd53ddf738b80405b9381,not_solved_after_prespecified_quota,
train,"[4, 7, 13, 34]",e7178e0c31d7df927f7d7f32d48eaf8d74778061e1a7e848fd00c4f651975176,not_solved_after_prespecified_quota,
train,"[16, 19, 24, 29]",2a03ba1aed1b959678079b13e5684433d6c7a61bc6f9b5cf0a30ef008eba9d98,not_solved_after_prespecified_quota,
train,"[6, 13, 21, 39]",13b8b4af99ac00d4690771ef034b9ddf6b243efcf1c20fdc101fbd73cf6480eb,not_solved_after_prespecified_quota,
train,"[5, 6, 13, 40]",fcb669e965753c0f8229e81bf7de3196e0cdc7a4138056b256e7e0aa0f65602c,not_solved_after_prespecified_quota,
train,"[27, 33, 37, 40]",f2e79f92a2ae7307dd0cbb1f04d0495cc42e05707147d1c80f4d2e0ed8475131,not_solved_after_prespecified_quota,
train,"[1, 4, 21, 27]",d5533734db7745b2676da0ad583c0bc43375c7f84f5687c011ddb78d77933d57,not_solved_after_prespecified_quota,
train,"[3, 6, 19, 23]",b1441114caaa3c08fd4ec0811ac8afc6b82ffd7c9779d8d66b84b59b76eb1bc6,not_solved_after_prespecified_quota,
train,"[1, 6, 7, 15]",bb27641fd4c6c38d59e790b6e4d50a6ba76922f7387eb788fcd3cd4b15dd0c9f,not_solved_after_prespecified_quota,
train,"[11, 16, 18, 20]",37b27277c781e49268b44f0ea28ff2e0e7b0e251ca3d084451451244b89cd464,not_solved_after_prespecified_quota,
train,"[5, 8, 25, 37]",76f84b55dcdeb397f638d61006b4aeb42a2371d37d18245f4f0e42cdc733326f,not_solved_after_prespecified_quota,
train,"[7, 10, 32, 35]",5a05a5056968250d8db2d40b63b8f429dad814780d035bd505ef7f8d8b4fcae7,not_solved_after_prespecified_quota,
train,"[2, 25, 28, 33]",cfd6fef2a22417109d2e1e45fa3164db97a7e802d23de6ee2268a68b761370f4,not_solved_after_prespecified_quota,
train,"[2, 7, 31, 35]",9ccd7c5b83caa3024a7ad2024b1af550959b02c90781a60a77ce40308e513986,not_solved_after_prespecified_quota,
train,"[6, 8, 28, 40]",3b31060e7c2a7fdb1b50175818e3e444fad553d74cda3986fb5489bb4b310876,not_solved_after_prespecified_quota,
train,"[26, 28, 30, 37]",614773d277e38276974d5fb8b074a1466adc14675c162726ccf5303e4c751998,not_solved_after_prespecified_quota,
train,"[9, 10, 16, 24]",e70685381368e49c7528505459ca54cc862808bc25146f927167107d60a5c338,not_solved_after_prespecified_quota,
train,"[4, 10, 14, 24]",e975563ac9f8d0300bf3dc6191a02efd9191f054e0d6033d8e1e0e9dd6c18727,not_solved_after_prespecified_quota,
train,"[10, 27, 35, 38]",a9237db9007fb8c34bae25175b5d4e01c679dcf116dabf983f91bf3139da0ed6,not_solved_after_prespecified_quota,
train,"[1, 5, 18, 20]",a49b0fc738907bc3d62ced904003e6e5f910ba55a54f037deee6ee78f1f73e46,not_solved_after_prespecified_quota,
train,"[2, 13, 19, 33]",1e01d4a125fad1d8d177ca557964bdc891df2482fcd8bb59925913e274765671,not_solved_after_prespecified_quota,
train,"[10, 13, 23, 38]",1b125e6ae6ec3141ee0be0130074b20efd0e8ffe8715d113d24cb1f627fed658,not_solved_after_prespecified_quota,
train,"[9, 20, 23, 38]",1569ecbaf95a438cb85810ea6113a810c5440a0b5d219bfa21034b5b50246894,not_solved_after_prespecified_quota,
train,"[1, 7, 9, 36]",f7a526c5435908d76eaafdbda2c8fd9c54b1659e86d3b2b7bfb060f52c703798,not_solved_after_prespecified_quota,
train,"[3, 12, 13, 19]",e48117c4923951e519b3bf74228b9ffb058073e94566b0425a8ad4e61f89ebf7,not_solved_after_prespecified_quota,
calibration,"[2, 14, 26, 28]",3543510a0395f0aa22c4c8cc4ca39b8ad8b4f7386f4f3420040b0d92bcc56be7,included,52
calibration,"[9, 17, 27, 30]",11a0d82182033314835c25ac4a14b1c24c392f4dd9fba9fe0e2ed25d45864b12,included,60
calibration,"[8, 12, 24, 30]",05fa8a9029bfc374fcd6114c31f1c4b62f0e4e76def3e8954fbee7b03d2814c8,included,26
calibration,"[21, 26, 29, 30]",9c6ae552c280a9e5e96edf24065e24713081e47d6ab3fa84c8c628938ed0cfc4,included,93
calibration,"[8, 19, 21, 25]",0504173b98a375d5f39250e79dd9a75711046447dd1a980deb2d575405a6c0b8,included,42
calibration,"[8, 16, 17, 20]",4a1ba33cec0552b61af5035c1be3843f76e8eb5e1715aade7cbdafc4a7f0ccf4,included,15
calibration,"[10, 11, 17, 20]",5378ef833ad24ab3fcd13a8b04e6bcc28dd51e660d09256d1fa779174f55d6dd,included,30
calibration,"[4, 27, 29, 37]",41a700b206fed88980892772ad20ea56c8bfaf1a41ce9747d8400a7396aa79f2,included,59
calibration,"[8, 23, 39, 40]",4ff105d62cf959986b4495ca86706a091aa777ef99895474d2da2a13a99745ed,included,31
calibration,"[8, 9, 20, 30]",fe547707d42f26b61093be38fbcaa374784d102fa1c77fe6e17a9c515e6b10c9,included,60
calibration,"[12, 16, 21, 23]",c470f89890a5e207e659cc16ebf67699977ffd41a350b9ff8601d7400eb3b980,included,83
calibration,"[7, 12, 19, 28]",63a14948b6ed9c133bc7c61dd80418e31efbf25091d89b98a227d3ac4a6b01ca,included,77
calibration,"[8, 14, 27, 33]",996223e46b3708dc2d1060374b5626149d2168ba2794406158ae7947f950e94a,included,62
calibration,"[6, 10, 21, 23]",26037a1e809d857d7d476fba9ae6c1fb2b9f981482f5dfc717b9683d2a925915,included,12
calibration,"[13, 14, 16, 35]",7adb7673d994b56714e8404e6dc408ff9e7f60f579e8b47b1691574d91e508fe,included,19
calibration,"[16, 20, 22, 36]",811335fd1024f73adf0b4e564c595c79674e6799ae65497087dfcda4a287f60f,included,88
calibration,"[13, 29, 30, 31]",55b522c3f1a7a123bd72b89f8d6f72b3c5a3d3b778364491b9a1e79b07aaa742,not_solved_after_prespecified_quota,
calibration,"[19, 20, 33, 40]",33031efac702ea80b355c2a1928d3364bf9fcc5133e96622ae622b4dd73ba935,not_solved_after_prespecified_quota,
calibration,"[5, 23, 27, 39]",c36cab3cd38b9f0365e9e8afea2aaa5deba6168bcc4e6ed91b00b5e57c7a99d8,not_solved_after_prespecified_quota,
calibration,"[4, 5, 11, 37]",7c854fd6acd30149220421c8a098e9ca1345e95813c1651354be0372f395bf3e,not_solved_after_prespecified_quota,
calibration,"[25, 27, 33, 34]",0e1df42aa6c937338bf0fb67dead7bd998c1c71477ff77345cac70bcebff1274,not_solved_after_prespecified_quota,
calibration,"[13, 18, 21, 34]",22048b577fa4b88ca52fad916e78468bd1dcaefae9fb040cc77f927a7dcb3da1,not_solved_after_prespecified_quota,
calibration,"[4, 11, 23, 35]",ca59e4a01764f05e5dbd513fdf542677f88a53a10fb604387721fbf285c4f273,not_solved_after_prespecified_quota,
calibration,"[22, 29, 31, 37]",0b281afc95e12bc924eb8b786f5e28e5624c42485cbeb23652a415775a2a82ab,not_solved_after_prespecified_quota,
calibration,"[1, 12, 17, 24]",58455af6fa0cd483d367e09841fbbc48891cd476de80fba4ac1f8b6b8ab954c9,not_solved_after_prespecified_quota,
calibration,"[9, 10, 22, 30]",037f8c929ec3dc9809992ddb8a2379df0a5c5d6f4b334a7c3e2272c37768e312,not_solved_after_prespecified_quota,
calibration,"[1, 3, 10, 30]",35714e2c6fc270e46c06216d7f5cb177606a2beb01400dbf21d99f96048e5f19,not_solved_after_prespecified_quota,
calibration,"[13, 24, 35, 36]",3d5402fda3d04dff5ca93c9e6102eda26a993e1a929b45d385c8ca67df15fa23,not_solved_after_prespecified_quota,
calibration,"[4, 25, 36, 37]",013ecda663ad29c3b4a159b336f5c2be9724c4c7bfea00e0e8fb41c81029d76f,not_solved_after_prespecified_quota,
calibration,"[5, 13, 20, 28]",b9542788a1bd917899abffbd2755d22bd8f1d9d1d2cfdc30ec512ed057ba9a99,not_solved_after_prespecified_quota,
calibration,"[5, 10, 14, 17]",3738d21760a6a99b893be59afec63f64e9883427166d81487e127f75e0ff6b2c,not_solved_after_prespecified_quota,
calibration,"[10, 15, 20, 35]",8b1dd5dbfb0087de7d4fa764ec938740c5f2ea07492e066e10e9c7e8025d8171,not_solved_after_prespecified_quota,
calibration,"[3, 11, 15, 34]",4297b2cfc162f1113c6109443744003833ef68a09c659ea331ec55048fef5608,not_solved_after_prespecified_quota,
calibration,"[2, 18, 28, 40]",b144243fc05eaf75eb229cdf6c3a9d1207f87dfb9970108cec3c528fe2b4ac5a,not_solved_after_prespecified_quota,
calibration,"[10, 16, 21, 38]",ebbc2160e087c36b032697dbf6a6521c1a90cce3a120dfa6a5470cbdc7752c8d,not_solved_after_prespecified_quota,
calibration,"[5, 10, 17, 38]",11e6f5833aa0bd2db533bbe14ce7cbd545fbc52b2dacaa9298238403bfa99bef,not_solved_after_prespecified_quota,
calibration,"[9, 19, 21, 35]",09f50ecd2d8f4414c00340cc2db3301df8aa23a5eb2dada70463923e7dce1eb4,not_solved_after_prespecified_quota,
calibration,"[2, 6, 14, 26]",884f9c224f95c58116af62c65cd075175809481839f0a64767dcc37d80395d69,not_solved_after_prespecified_quota,
calibration,"[13, 19, 24, 31]",fe8926bb7a1664c77f246f784f0a778238114f43fa16338ea3213c5e121f216b,not_solved_after_prespecified_quota,
calibration,"[18, 19, 34, 38]",f65b66fd22e19876522e77261483c3884ae8b42c68ee0712c3a074de1afe0ccb,not_solved_after_prespecified_quota,
calibration,"[8, 20, 30, 35]",375f08892e1832d7e2ced954a3b82604cc41f4d5d3ea0d6da891c132b7edb9de,not_solved_after_prespecified_quota,
calibration,"[21, 24, 28, 36]",225af92626124e07a795f6556ff0fa9d9df0c9c708198d348a234a0081626145,not_solved_after_prespecified_quota,
calibration,"[5, 19, 32, 37]",c7cd14426f83b36cfae82e6242f4d5df63736f5d78e1bb0044489d09e91ab9fc,not_solved_after_prespecified_quota,
calibration,"[11, 18, 22, 33]",dc5faa88738ab677071a20670428faf5cb8bd69329d00cb511938c6a3dcc24dd,not_solved_after_prespecified_quota,
calibration,"[11, 27, 29, 33]",fae8412adf1afd785f7b05821b6afaab0b4a25f9d160a57305a419fb7f71b6be,not_solved_after_prespecified_quota,
calibration,"[10, 13, 23, 37]",1e81a691d97a894ac8a25cabd6f4bb13021f4681bbcd217e4e87e676b59c5eb2,not_solved_after_prespecified_quota,
calibration,"[17, 24, 27, 29]",6897a44072c4f04da88b55b97c991415ec2d616d51bc5760f6e31b73818e698e,not_solved_after_prespecified_quota,
calibration,"[11, 18, 21, 38]",8d53c08ee1237ff90c88d9427dc2b202a265bfd3c02a0f9348051e11bd38eb01,not_solved_after_prespecified_quota,
calibration,"[1, 18, 19, 37]",d735b04560bb0683d322ca277371ed9dbe5f29dcede8cd149dfe7fc0d66dfafc,not_solved_after_prespecified_quota,
calibration,"[22, 26, 29, 30]",e2b0084c4ee2f0181575754ca43d658bf8496fba5d9ed05fe2f32a0c42c2be33,not_solved_after_prespecified_quota,
calibration,"[9, 25, 30, 32]",dbcc5abde4e70b776512db4d79ea49118938ef3d91079320e85dcc492ffc9999,not_solved_after_prespecified_quota,
calibration,"[6, 16, 21, 29]",8fcd7f2760f723d3c57f81e212ecf4757c060640797e437aec65e6638940786d,not_solved_after_prespecified_quota,
calibration,"[13, 22, 28, 38]",53bc3960d9aa74d9c6edd72a6375afde459e92a7f808df69d955939c8377dd4a,not_solved_after_prespecified_quota,
calibration,"[3, 4, 17, 21]",17eca8db76ec1a3b05dec3a9217773ee15b83d6b9a2acce7af2887b1d2410711,not_solved_after_prespecified_quota,
calibration,"[13, 30, 34, 40]",f99b0d7f1dbbaeb2672006ee7c48559bf8b090fc1c365200f4af6c6d94ec40aa,not_solved_after_prespecified_quota,
calibration,"[2, 28, 29, 32]",cc01d4c7b5a10b4295c0a866457148dcfc875e2fe18d829581649fff086dc427,not_solved_after_prespecified_quota,
calibration,"[14, 27, 29, 38]",bff195a431cde169d7ec329d352ae9988885eb652024334fffc3026ee7393111,not_solved_after_prespecified_quota,
calibration,"[9, 14, 25, 33]",c88f1b7c4e58c51f234cf6d957fa1be678048c50c994051065db98f0c4a30e11,not_solved_after_prespecified_quota,
calibration,"[7, 13, 25, 37]",bb0589fabb1819e5e59bb00acddf9455832e825fad7d017412c471b225405eb5,not_solved_after_prespecified_quota,
calibration,"[8, 10, 16, 27]",024f0c32df723b24e5ddc209bd51f7d61c860008f8a0b9979127f9c0c7876780,not_solved_after_prespecified_quota,
calibration,"[1, 2, 3, 14]",a9527fbaac63b41072e927587af553eb58fc0f9b88aeb31345bec8ac7a39aa35,not_solved_after_prespecified_quota,
calibration,"[10, 17, 18, 37]",6d04fccdc49785cd460ea2308c465fb3a2be9c65eb5c51dd37ecd60dd97da673,not_solved_after_prespecified_quota,
calibration,"[6, 13, 14, 25]",d18e428f37dc2cb5d4d720fc81d7e21f82a7f2db9d5609fcacd4d569382bfeee,not_solved_after_prespecified_quota,
calibration,"[6, 23, 25, 37]",be5e0ecb0137d51c88e6cc97bd2734d7a5cb1f25a78ac2c806425fc6bbd83080,not_solved_after_prespecified_quota,
calibration,"[18, 24, 30, 36]",a8dc443a8a03c786c835955d8ba183c4bb6b4a66500183a4596f5ff30e2a6743,not_solved_after_prespecified_quota,
calibration,"[25, 29, 35, 36]",f39db2d031b8fa4507525e165a116dbc9dd7b29dcaf3214b48c52a9e5cb5f7bb,not_solved_after_prespecified_quota,
calibration,"[7, 12, 27, 36]",751de8476181deff67619cb32ee1037989d5e740217268e863ef64e92a2beb84,not_solved_after_prespecified_quota,
calibration,"[3, 23, 25, 39]",0880831ced7549262c446b5e90827645fcff688738662269eb98a0596885b62e,not_solved_after_prespecified_quota,
calibration,"[6, 21, 28, 40]",31f5886bcfacc0c772ff3f979d656fc980f04472269758d24728e644cee90664,not_solved_after_prespecified_quota,
calibration,"[3, 11, 31, 36]",05e349a72b09261965d50f7c1a9faadec99b5ef54ad36caf15721750f9b654cb,not_solved_after_prespecified_quota,
calibration,"[8, 28, 31, 40]",0c50a94adfd2fefd81de2ca648d8547b7259b9e838afc8aefc20ff629aa46f4b,not_solved_after_prespecified_quota,
calibration,"[5, 31, 32, 34]",28c999f58391b46c9cf03b2afca134fed1f916da9a57324bc4812a9e771460f2,not_solved_after_prespecified_quota,
calibration,"[8, 12, 22, 40]",221832d2dc5d3a2210278797671c626787610a9e4f000fe6b2de6ccfbd62cd9d,not_solved_after_prespecified_quota,
calibration,"[5, 17, 32, 35]",afc66da4747f22ff02a08e8bd9fa2deb6fb28071847c3d2614bb66463d022d35,not_solved_after_prespecified_quota,
calibration,"[1, 3, 6, 39]",d5d3877ac1a1795d597635b2a5ebebd64157690c33af8d0e4eb22462f058875f,not_solved_after_prespecified_quota,
calibration,"[6, 17, 32, 37]",42451dd4df5329335afe8379b59dbf6906e5660556efbdb43cd05b40137a6c7d,not_solved_after_prespecified_quota,
calibration,"[2, 23, 24, 31]",e5353e2d01d413188ea0e497e3666ab4295920d4de98c1b222ab76010a336444,not_solved_after_prespecified_quota,
calibration,"[10, 11, 15, 40]",0d655bcbfe06c181eb3e27cfc1521531c11346204ee313bda5bf6a96bb91b25f,not_solved_after_prespecified_quota,
calibration,"[3, 6, 27, 33]",b9ea9193ecbd5ba289673fcf68a01bdfcae03d23aac6f0afa6130479d1f4e94a,not_solved_after_prespecified_quota,
calibration,"[2, 26, 28, 37]",158e0755cd5b4a4b131d68da1880969afeb999fe18955c42dfe99c7bbabc447e,not_solved_after_prespecified_quota,
calibration,"[1, 20, 38, 40]",6366744d1d809b785d957d616fbf0ed4ad31491dd7fee7810bd99ae7a252c6ca,not_solved_after_prespecified_quota,
calibration,"[8, 16, 22, 23]",096080f424e1073f163f4f64232afd14314ebaa931e8f6238a5b3babff35cc8d,not_solved_after_prespecified_quota,
calibration,"[3, 5, 20, 32]",6cc57f2ff2b89d99be9c190c951a83f809998e88ce4683f971f3c5d52df75ff3,not_solved_after_prespecified_quota,
calibration,"[1, 4, 22, 31]",dadf19de53cfe2c7fc77ff2f9241c63932a255ac9bf98839e2c4a764267c47ad,not_solved_after_prespecified_quota,
calibration,"[15, 22, 30, 37]",1b8b2f2765ce27029b37a4171401f816f1957de48fdce707f197d64fb42a77d5,not_solved_after_prespecified_quota,
calibration,"[10, 16, 25, 37]",a632767d332ec042f8c4f9b597cd1c88a6bbcbe89ee53d4547e8cd96875b708d,not_solved_after_prespecified_quota,
calibration,"[4, 19, 39, 40]",09d2b9f99bee61bc3e98e846bccff2fd9b6ad1933b0e1dce87d01f1e0d4cb8e7,not_solved_after_prespecified_quota,
calibration,"[6, 28, 29, 33]",48ae1897a22f28b577ce26e543e0aa1ad8f3e401532f716292dafed46e8ae6bf,not_solved_after_prespecified_quota,
calibration,"[1, 6, 15, 17]",76f7d3994001d2e2514f9238289e761cd0851d05670215b5aa28e5b4e933c7a6,not_solved_after_prespecified_quota,
calibration,"[8, 17, 33, 37]",07fe86b7c327ad38da8299c9cb0dd2abf878b20ce9ddaade46c952d0bbbf6b15,not_solved_after_prespecified_quota,
calibration,"[9, 17, 32, 37]",cd4d440d74839de9519f7d2c95961e331b97b4a1bf0e49924d04d742c839159e,not_solved_after_prespecified_quota,
calibration,"[16, 20, 33, 40]",b4cf409f45af467dae994762aba8b3f8671d7f4a2d31afa9850b668a5caf0816,not_solved_after_prespecified_quota,
calibration,"[3, 4, 19, 27]",d368d41d5da3f86d3cd1de7aed8b4966dfd2022fb5bb97180edf593b6a062527,not_solved_after_prespecified_quota,
calibration,"[7, 11, 12, 40]",f210acfd19a0fe1d9f0ff4d9cf998073e805b8bd368c48ea577d211c4dcb4ee1,not_solved_after_prespecified_quota,
calibration,"[6, 15, 25, 40]",73bd8469f4b4380a1c73bf6fdda25e1bcc9c1322f22220be029e72a355101d0a,not_solved_after_prespecified_quota,
calibration,"[1, 14, 18, 20]",86a6fdaa32134c56bfec4c2bb16d6843bca49b45870f94d42321fabf64b75cd1,not_solved_after_prespecified_quota,
calibration,"[3, 18, 24, 33]",ed97d6994dc28a4c5cba21e5235559ffe249bd6bc8f4cf8a02f6c1a5b84c3f6b,not_solved_after_prespecified_quota,
calibration,"[8, 21, 30, 31]",bcfccec14737b4450a2674d28b8611048c1d146a4d1cc032363e74320a40c869,not_solved_after_prespecified_quota,
calibration,"[9, 23, 25, 34]",0cc4a13fa05f46e9f5e7d2806ec98c9cae6b814b556fb779e60b12eb8253c365,not_solved_after_prespecified_quota,
calibration,"[5, 15, 17, 36]",5cd12556efa1908c93952e0d0a00747a28daf65edce36bc728f127157f5e27a7,not_solved_after_prespecified_quota,
calibration,"[20, 25, 29, 32]",f2c0b6b93a33d4ef7efa92f3e1f97e752366a6aa13e9fda68619758771ec1416,not_solved_after_prespecified_quota,
calibration,"[10, 18, 20, 35]",c6df7d5215f7226c0b75863ebb05ba49a0a1bc77c999e0fcf64d7daca48dfbb5,not_solved_after_prespecified_quota,
calibration,"[4, 21, 29, 40]",e069b6448fce08b7ebe9f65989cfb5e7842e786ffcfad5b03e2244344951727e,not_solved_after_prespecified_quota,
calibration,"[3, 19, 20, 35]",1c44e619d2489312270796aec48f6bf3f8fb2f77c4d0d4a13cfb2b4519393fbc,not_solved_after_prespecified_quota,
calibration,"[1, 13, 17, 23]",3154661ab80aabfa23cf89b97e4ce186c86fadab3a4d1e7faf95029c58cb5db6,not_solved_after_prespecified_quota,
calibration,"[2, 7, 18, 39]",c2d5f253a2bde4d04ab280edb896b120aaab827aa0312bc8bd3ff8b29ccec248,not_solved_after_prespecified_quota,
calibration,"[16, 35, 38, 39]",9b0db1eb0bf60458b1a28109699c8756b60cf1f58ea07edaf6a4b8e1a0557ef5,not_solved_after_prespecified_quota,
calibration,"[6, 24, 30, 32]",a001e9118c402f080d5bbd6937798f824062b86e02b6e37b7dcfe5cbef376090,not_solved_after_prespecified_quota,
calibration,"[1, 13, 18, 27]",a3ce77a35193753d5c82108c6b7b2c1aa4beb1960903e1885b437b4b6a73b968,not_solved_after_prespecified_quota,
calibration,"[6, 16, 17, 37]",75bb4c6c71bf3618a117114a43568a87323b7b79b6ebb43f62a4d7cf90f4a960,not_solved_after_prespecified_quota,
calibration,"[2, 12, 21, 23]",2b907aabd0de8aa473e1ff3f5a7668fb0ddafe6f363ad897f85b556609ef55cf,not_solved_after_prespecified_quota,
calibration,"[10, 25, 35, 39]",d2d55173a4b3d362adb4d53fd0f40bb085640eddf91f60beb286d27cf8e01c6e,not_solved_after_prespecified_quota,
calibration,"[6, 25, 28, 33]",068759421afaea721711d4e6a976d3d43d7d4fe3166902e6968e4e8754bccc34,not_solved_after_prespecified_quota,
calibration,"[6, 20, 27, 29]",a1e1e9f071989cb3a80f8f1d84ad14279c04e99ce549c3946a2e9dbbf44b3053,not_solved_after_prespecified_quota,
calibration,"[13, 22, 30, 37]",df6d2eb73424f772c65b9e18e52a8e0c2b8d6601932fb9af40177a17b6bdf178,not_solved_after_prespecified_quota,
calibration,"[1, 7, 27, 38]",fa162c7268c9918092d2f7e9ab2c925cbc1222aedd28eda04d37f5afbe54b395,not_solved_after_prespecified_quota,
calibration,"[2, 25, 29, 38]",6abd1c94b8d900d3d0c2206bd377e3d411ce911b298f4e95eb7caeefba0f76ea,not_solved_after_prespecified_quota,
calibration,"[7, 13, 23, 35]",e1918c30a36ec2b700b8137d8dfaf07fb0ac38b3132abd8051adf1a9d4cc9363,not_solved_after_prespecified_quota,
calibration,"[3, 8, 10, 33]",67b14f9f24164a137ccaacccec149842e470beec560ea0434a5861ded4bf1181,not_solved_after_prespecified_quota,
calibration,"[2, 9, 19, 25]",1b9afe0dc43161c4a292da4906fcd637728fddb74bec63d3b8b41ab6d3288231,not_solved_after_prespecified_quota,
calibration,"[10, 13, 14, 15]",3fd670e043d3c30415870ec70f4cdfc29913a29efb474bf4a89acc2dfd2975c7,not_solved_after_prespecified_quota,
calibration,"[17, 27, 30, 34]",97e46c08dae7c23bb3768f997d8adcf4dc279b18d19c88db8b88758db0eed56b,not_solved_after_prespecified_quota,
calibration,"[18, 36, 37, 38]",c2e181a43672041a3e07a71ea7788d1a10786360cd9c94bcff65b7d626f20261,not_solved_after_prespecified_quota,
calibration,"[1, 19, 26, 39]",cf1c106c0e08d42578af518525aa32b91399d04c120d7addbd38427aa6110c5f,not_solved_after_prespecified_quota,
calibration,"[10, 16, 23, 39]",377812604f1a99330fe1bf73d40d0dd3abee8a43fcfedd0317d59c087c5cc8e1,not_solved_after_prespecified_quota,
calibration,"[2, 16, 20, 36]",e61fc9adaca0272bb2920f7b6c1a913073a4253c24ede5fc35ad6d0d4d0296d8,not_solved_after_prespecified_quota,
calibration,"[15, 19, 22, 34]",660d5165a2fce45f9e15b9c7844c1f9cdc7345d97f5a43b4ec2fa76ef0a41d96,not_solved_after_prespecified_quota,
calibration,"[4, 24, 26, 31]",e90ec2eb67a2df38a63e5fe1fc70a52bd0058e67b93be57e878685deb3dd4713,not_solved_after_prespecified_quota,
calibration,"[6, 7, 21, 23]",6af1ebf0079d671c863a42d189e421cbcfd2cffc5bdffc9d1899fb1d8dab3fe1,not_solved_after_prespecified_quota,
calibration,"[2, 8, 10, 29]",c384e1be8c001681d866badc1c50192ca791d082bbcffb94d4e546f87bb1e7fc,not_solved_after_prespecified_quota,
calibration,"[1, 18, 32, 40]",18bafffc6e73dad355ca2d9c7d80a15548e3ff034910d9354d22a44d918e50d5,not_solved_after_prespecified_quota,
calibration,"[21, 25, 26, 39]",e20cf717736936d036be96e2dffd8989831c25e8d499eab5281a2e30321b12c6,not_solved_after_prespecified_quota,
calibration,"[16, 29, 32, 33]",2c897f292fb7209bbbc5c8fb6f0f56f15e3d51f8d4b0d580620c1e696e6b1614,not_solved_after_prespecified_quota,
calibration,"[24, 26, 33, 35]",878352e71bcc576dbbbbb6272f7c337adbffdafa6a6191f46828ed3c0fb8c2b6,not_solved_after_prespecified_quota,
calibration,"[1, 13, 14, 18]",bb1315d3a0b23688f72f3da188b2879472ff2f9c747ea2c4c334270a20596b93,not_solved_after_prespecified_quota,
calibration,"[18, 23, 25, 29]",bbe1075c810f5bee7a886aaebc598676377350258995fc5d3da8104c033431da,not_solved_after_prespecified_quota,
calibration,"[7, 26, 30, 40]",c8f958be6dc2546c1deba2c6af5ac1796cdd0c9dbdfb65118b0d8e7ce1d41a2c,not_solved_after_prespecified_quota,
calibration,"[8, 16, 21, 27]",8578f496dd5c3a14bb6ca1b8292963147abe423cd478da4e9cb6c03e954bd112,not_solved_after_prespecified_quota,
calibration,"[3, 8, 13, 20]",aacba582d42a035b6db7840de6f6023bc71d769e4486803d23ed6dcf97a00237,not_solved_after_prespecified_quota,
calibration,"[12, 22, 30, 32]",550d3b85ee80fd63180f1f49652ca42e97f91d956f35e78c04401fe4c8c50800,not_solved_after_prespecified_quota,
calibration,"[5, 7, 9, 14]",1002a179cfb0a7f62a029b589630d12d4c18fdab7b3d176c85deb29db2313a70,not_solved_after_prespecified_quota,
calibration,"[10, 24, 28, 40]",31b9eef81099bd06751cdda411ca70fd7d86b3b4472c0d1fba433092539f2d40,not_solved_after_prespecified_quota,
calibration,"[2, 13, 26, 29]",b04182428462fcdfc61021f64fdfa7b0875c52dc01485abe088a37f934444ecf,not_solved_after_prespecified_quota,
calibration,"[3, 9, 21, 32]",0734ff5c5b644bfd0a8ab03347b9a2d638bc3970590909552a211d3737f7c007,not_solved_after_prespecified_quota,
discovery,"[1, 9, 13, 27]",27551f79a4eec3e8f6851c042f64b6bba0d65be8d1248f0e7c5515038e84fedd,included,81
discovery,"[5, 8, 33, 36]",142f2aac67291a520a576c3b13a6dcda745c160ab9ab8498a9c19c97ab6e79f3,included,23
discovery,"[12, 30, 31, 34]",ea7a4528c8ae6205fa478a2d75197145f7c8c429492b01b03daf1df79bc175cc,included,54
discovery,"[6, 21, 35, 40]",59f080072146eef5565ee4446cc9627a83835b9771427d07ef4475f8ab05c48b,included,51
discovery,"[5, 8, 19, 39]",790969dff0ad78b628e6adc8e255087efa44c8b4d4cb197687221008e21547bc,included,22
discovery,"[2, 24, 33, 39]",7ac9885fd290df0d3dcad0f95258490e05fab42b9b6b9d18ce3bc0d134b32eb7,included,51
discovery,"[9, 13, 22, 33]",9885b44c920b0b7f2f02282ddba227b8c1e0406fd88f655b9f8cd996e0b87fee,included,11
discovery,"[12, 18, 34, 39]",8835e353d3aad592ca17fbe135f77bdc1a35ec05d4adf0bd8922725c1d93e9d3,included,78
discovery,"[4, 5, 17, 35]",4b841a3887bba91648e52d1354d86d113c2f6fc99bf21f4704d4664643f53bac,included,54
discovery,"[6, 15, 25, 26]",8c13551bbf78dc7393bf91a9d21b4057701a586a53fd8611289f49405cf9c780,included,16
discovery,"[21, 23, 31, 36]",b9ff1ddd41a04cb4cc38e6874e611c727f1c25cc1b54822f794e1523f8328c20,included,98
discovery,"[7, 22, 32, 37]",48890ea79921a55f117196774b5b4e7381d95a599a8488d2b68a518c0933df92,included,13
discovery,"[6, 21, 27, 40]",b5c972140efa83dbf75b468ff7710935d3845e9c2eef9c4d7e0f088a6d70a0aa,included,99
discovery,"[6, 11, 27, 34]",8d6187e034f43be1d9b1c5f61e0388f237e0e19384039eebabf9086fb0f3b8ca,included,59
discovery,"[5, 6, 13, 35]",478af276ba3da35c0b0f6916ee87d2112b8a7dfc6d69794f895d948d291a3156,included,94
discovery,"[7, 28, 33, 38]",7fc213a7f957b760d17539c0de07e46712d4fcef21b953587c996d22ae6cbd5e,included,94
discovery,"[9, 17, 18, 28]",b213c61a4e164a14e34831811d251c700efdbe4f6af7a8fb2682e52bab1ba3d1,included,54
discovery,"[11, 12, 18, 24]",d286493053687d200bd2b4ae21744838009d99f756a84ec2432196ad2152071e,included,90
discovery,"[1, 2, 11, 31]",a46785c12f23f23cac714fdd662650068a4532685f29c81396ec60f2adae6fbb,included,71
discovery,"[18, 19, 21, 30]",628d6617e0d3b11e3a0ae0293dbaff4cd345378a9ad2e9a1c1958c3615946ea3,included,78
discovery,"[2, 11, 27, 40]",601a9c4544b770e324fdd94f6e7321496afe99a4c257163f8472983550bdee21,included,72
discovery,"[3, 18, 29, 32]",727c185c2c93a2f988fb1c3862b7645d57b1616cd9e5e51b9ca58ee7a8f084a9,included,73
discovery,"[8, 10, 21, 29]",e003b9d094287cb757d345bc6482037fcba0e267c653319458d90e5c758654f0,included,79
discovery,"[3, 22, 26, 34]",303505f1666c3786e85fcf4028c0c747f66fae2536a24bc4bf9acf4c8af8181f,included,74
discovery,"[2, 18, 25, 31]",d89253e9a1767f6764d8b88a2993fa67053940dc5993352b12588ad3820f3a0a,included,42
discovery,"[1, 25, 28, 39]",a40dbe20e4a19db0e26c9d27cc767df6af5abc6db696d790a721ae0a9f5c6210,included,13
discovery,"[20, 25, 32, 35]",27d9658ca101120fa1b595c9cb7dba75ae07b6613b9061025776ae4be4d4127f,included,31
discovery,"[10, 13, 16, 35]",30c033e5a4ed220d645122fba06b88b182c40e153902839d111695e0e95db0f7,included,65
discovery,"[3, 14, 23, 27]",12c41eb6588bac5c0136f34537025028fb6001fd00aa44d93d2ccadf2bb7aa3d,included,38
discovery,"[6, 7, 10, 17]",92daa94117d13af53385d9831772fe61925ea50c400adeb6b0aa7696b4a4aaa1,included,99
discovery,"[8, 13, 15, 20]",4f6caa2059fb62c3560076dc19483f716f4c19e9813e16fc4de089ef7a087a38,included,36
discovery,"[3, 10, 11, 35]",243dc926848cf7ad6b807cdbc6e141e2df245dfebf29cbaf926ece3dfe22904c,included,25
discovery,"[8, 22, 24, 38]",db6f8aedca2a0874097347755c8026189a728557a9749323a1556ac41913b9a1,included,84
discovery,"[9, 13, 21, 22]",5450309125e7d1518681b448b69a406ca918c9b98872ba57d63492e90f1efa94,included,94
discovery,"[3, 14, 17, 21]",d34ab98a9d60d858c150878d11282d29953e1be1822d3b1c0bcadab5bfc48dfe,included,60
discovery,"[1, 5, 19, 32]",1fffb4b917b2dbc014f69d5b0a52d97eabcb62e6af6ce88d25675528c1e38bcb,included,64
discovery,"[4, 18, 35, 39]",464bb80c591a7e5f3f5b9e4268d9f41758ce0d6f39cc2e64894111a5ed2e22f8,included,34
discovery,"[7, 13, 15, 25]",95bd1a90e5de95bd07f9b3ee91533687816f922f4401ce8ad2be8ee5eaf7a955,included,83
discovery,"[6, 7, 17, 20]",6b3a3312131f15a236bdc7ff65913a14d47b55eeda2527bd87b776d69c68ec4f,included,25
discovery,"[1, 15, 22, 33]",ea30c589e1b7dc6f9185897939c6e531c8fc9d602b9ef23e4be32389bbf84975,included,26
discovery,"[6, 8, 15, 26]",98f846262aa49ce57bc1a525093b517d625091e907927261182b76058808c5db,included,57
discovery,"[2, 9, 32, 38]",e2f7a5fbbf81f1cbcb2d79bc17fdbf212746a5597de53a90ec6583e781664a14,included,24
discovery,"[1, 6, 10, 40]",1178ace6a436469294ad793f48899dace7c2ac75197ed913b2f203dc5054fa46,included,44
discovery,"[1, 5, 8, 38]",6a86cac2e34dbd6dd92ea6aa863851e79890891bcbbc981d9adee24c88d70541,included,73
discovery,"[2, 24, 29, 33]",9f6b41bf95bfe93e12908812b987b6871a1f78134f808b0ae8a8fd21121ef867,included,49
discovery,"[1, 15, 22, 29]",6dbb30b339a22b8fc2d60aebc508e3eca52a811e4dee2a14ca75983919e3159c,included,36
discovery,"[6, 12, 18, 33]",05b772483c8891314675e74df90762e715107a8a157a60c2040881bc037e9bde,included,16
discovery,"[3, 35, 36, 38]",2be128bff8503b6d4a61bb331efe67e66a01c629f3c2369572723ada897370b8,included,41
discovery,"[5, 8, 21, 40]",1aa69a461c9443e56d70f63f7792bd2dea4896b2d26067de2d65bae8c9c08717,included,43
discovery,"[5, 7, 12, 38]",9a75d8a5cdda929db358258767fe10c6fd84c76c337f2501abe19625ae15e991,included,29
discovery,"[17, 25, 30, 37]",30581a926b525b463e301e68773bd16856a52062f938cb1b98ff59e6a8a2c081,no_supported_pair,
discovery,"[3, 8, 21, 25]",4a9cb7a9bd7780a4192ae1dca38f6c85421ce56311f548ed8dd5d3bec142c7ae,included,20
discovery,"[13, 15, 22, 39]",9c2f0b6892a68784cf02680d0299dfade4194d6a5e9edc03d25f467143f6273c,included,83
discovery,"[5, 13, 18, 28]",6b6d1b280bd503885f2a7684f4374924779c8fd34a48527b7f74b5447e808fda,included,55
discovery,"[2, 7, 10, 31]",a766d442d441bda5154c4d97cee47979639543625c0539a485da70e28b6cd831,included,44
discovery,"[6, 18, 27, 33]",8f1b2b92d542b46fc450506c1f2d933c7ec09d9a1af0fab0da03b7a938972cdc,included,54
discovery,"[7, 8, 23, 26]",90769b08fe1950f064c16583bf7fde1a69f38b63555857866759f7312f393640,included,13
discovery,"[9, 27, 33, 38]",a70eb1fa37d2db41eabad95e32850d49e7a3b350e8dbe7dbc4264426c62772e7,included,72
discovery,"[3, 5, 33, 35]",76193422857a47a2663674198acf36f9f222a3be5af37e0056d427f05e1dbcdb,included,20
discovery,"[19, 28, 33, 34]",25cfc3be1cb489dcca8c157feb7f863bbd65080b37d49b4ce71ba7660617cfaf,included,47
discovery,"[14, 26, 38, 40]",4d0610a194d8d55d2db8e687fe1d39c6cee8b2263e033f50601d4ac595b14135,included,54
discovery,"[6, 7, 11, 16]",b4d03218db60ab40d6ff488264d0be149882a9f987dccc43a038ca6c4be8e1fb,included,37
discovery,"[13, 15, 17, 38]",b7248c063d57609cc8c85e02f9e6926777fa3defbffb7829a7b765c4740e8ec5,included,98
discovery,"[1, 13, 15, 29]",cde8a2fb64de3e218879b1f9abd540a9a617153a2b5b9f2f2dafad4a4f499186,included,59
discovery,"[3, 7, 9, 35]",67f71ee32ee09acf62be6e974b94b85b712f93718adc377af34d6c15f534165f,included,84
discovery,"[10, 12, 32, 35]",87e07a0f185b2e4e9469c331926c5df54b318019681b7d96cb8827629f64983d,included,46
discovery,"[10, 20, 25, 27]",4b147fea3865a6a5fac17fe5c817702c018ba3428990108f8022b1f57b0fe143,included,10
discovery,"[7, 12, 29, 35]",02912d396ef1b96a867e79f0133425ed77ad8b4aed5061b143a1036526ec7ec5,included,14
discovery,"[19, 30, 34, 39]",5ad5cedc5929639c81bbfde58c34eed160b91d3e09d1adae27d9f8c0c450b338,included,37
discovery,"[2, 3, 7, 35]",9152578f12474aca67b0f1504b143dabd50deb86aef7f6745c19134a99dbeea6,included,91
discovery,"[1, 5, 7, 17]",b572e7ebf62957aac91506a8dad71211178b6e06e49b72741d03267011aff8af,included,84
discovery,"[9, 21, 25, 31]",a3adeae7019bc2d90340c40a8cd7328df174d53c7eb1d08ce2abd208990263a9,included,75
discovery,"[3, 4, 5, 19]",295e2d6ee8a169fd1c8cc84b3f5bc4d84bb8b702b88ca6a2c37704d1df8607ab,included,24
discovery,"[8, 9, 14, 30]",eca8b7107f8e0973ae54c8f79a55d08aca699a56894c6c48f8f65ef41787e687,included,91
discovery,"[3, 15, 17, 37]",82f0ccbc549478fee6b721613bd3b3036eb8f5d7d16e96d23fd7518a143551c0,included,29
discovery,"[10, 11, 14, 28]",2fe64de23a0b6b84ba6c333061a3147b17b88662ddcbbfbba0a594872e220163,included,68
discovery,"[9, 16, 25, 28]",111894db8fc2d165e9982018109616445b78ac931ee1251c758d4b36d5ca489b,included,43
discovery,"[1, 20, 34, 36]",51ec25305bce4a1156dc4d2244f272128ef67ea5bb1dca85aff1190a45fbb25f,included,40
discovery,"[3, 7, 9, 23]",c16f3779ee99177909d65c0cf8a26679c766c081bc1e82cb487248e1448f8355,included,29
discovery,"[1, 14, 16, 31]",91a5b3312c4c984b7d9bad22d036609bfab2286a9d70dd16d3a9ad35437b8ccb,included,63
discovery,"[3, 10, 16, 40]",2bfcc299abe9889a0713e1757d8b3ee6680ea41942c23ea98f725bacf0ce7d05,included,82
discovery,"[1, 13, 18, 37]",3edace6f3fee12a31634119989d44905cc2d6ec4c1c2d4e39a55dec50734fc46,included,32
discovery,"[7, 15, 33, 38]",5cef586df33099c5851d17ac7efb8d28266ddd5ac8eca14821ab374bccab6d53,included,82
discovery,"[4, 10, 13, 15]",294e8f901ab8f3b5c60ccff04c8268bcb6a1630cf2ae4b3e470bd01c2ea54b28,included,33
discovery,"[6, 11, 12, 13]",434db7b6ea82cac764f203c7f731d11229dc3a001ac57d03987ee0be33f00043,included,67
discovery,"[11, 18, 23, 31]",1a65c65cdeb04a64c7c8db1eec9564fa8ce278fe12caa4248935f799a2675aeb,included,86
discovery,"[29, 31, 33, 40]",6d8bbe15f5b6b3e92c3704a6d8a5012cb697ccda4d94e574ef9ff31bb21e4e72,included,98
discovery,"[7, 9, 14, 30]",f4e21a39856bcc9efbbc4111fcf46185d55134240fab363b27ea3ffdf98fd20d,included,93
discovery,"[4, 16, 18, 19]",87e8f2484d32c3b9c623828f9595656e92f35036431096b425713ee428cdedf2,included,65
discovery,"[10, 19, 31, 40]",c1d4b060ca807273ec207426e24a67b4ad9ca41a011aebf16c0a0f5a2cf46b50,included,45
discovery,"[14, 18, 33, 37]",488a14f187fd2031ea765f2c20efea7947e8336a723ce80eb61687923119bfeb,included,74
discovery,"[13, 24, 26, 28]",bb760986a05d095afcb634fc987a0188aa4afd232964eb6696bf5855813c28b2,included,35
discovery,"[5, 24, 27, 28]",5cdbd352741425137189d552c0e10542471a529169ca913f5aa2ede70e47e929,included,13
discovery,"[30, 31, 33, 37]",18b97d0ead8960480a2253bbb7c99054d0d076ff7fedf25fa1164d923a7b2aa6,included,97
discovery,"[4, 11, 37, 40]",fb50c4ba9b87efa22b47942569966371527f6627d96c9f23c248e38a697501d5,included,47
discovery,"[3, 9, 20, 39]",6dc28768d5410eb2e2a0ebd6131cded475dff4e0c7cade2155da7bc6c9302e76,included,90
discovery,"[3, 14, 19, 33]",9285654b979989cbba0ac590b4aa72b19605976029cec7829c4c3d2d9e9f3473,included,94
discovery,"[21, 22, 23, 36]",252b7aade0bc185554c3403d4eccb9fb0ee41234e35d57418245e2e661586fbc,not_solved_after_prespecified_quota,
discovery,"[8, 21, 22, 23]",051cba6774239e9693750256e08b32ae2e88c84bd9dd8fc8c67ad159e763c787,not_solved_after_prespecified_quota,
discovery,"[3, 11, 30, 33]",b8b0ff11a1240648839c269643e43d3f9a8af2a8d30bba8c4d92df3bce69494a,not_solved_after_prespecified_quota,
discovery,"[3, 5, 8, 16]",36224bd7b754caf47041965522cbc4041b526389cbdc6a68092566ccbd838daa,not_solved_after_prespecified_quota,
discovery,"[23, 24, 27, 38]",9a547da139f89953d0db774718b3c81be83ceabf98016ac4b5276e81148cd37d,not_solved_after_prespecified_quota,
discovery,"[25, 29, 32, 38]",d512dcb72e9be5d29aa8e63208b24020e85f46fc1bac9b44b0f29a8613695166,not_solved_after_prespecified_quota,
discovery,"[15, 22, 32, 34]",e7cb2abde3cb1e5c58c6cf95089afcd35f527276293b070fe367cbc5b79724e9,not_solved_after_prespecified_quota,
discovery,"[8, 14, 24, 37]",038b17d1f31815a30b7cb32319c4832f298c2b0fef3f0dadb24c26f90b1d4f5f,not_solved_after_prespecified_quota,
discovery,"[5, 23, 36, 39]",542678dfb73632d17761693c89941d85e9acd0e749a2e59d65cae90758c182da,not_solved_after_prespecified_quota,
discovery,"[2, 3, 14, 18]",7ce6420bf3f3e2ec6525aa5c62e773f869d8f2b3318728fecde0a7e4380e01d6,not_solved_after_prespecified_quota,
discovery,"[9, 11, 13, 33]",f2622426ec035b417f11310e8809c311048f2cde8a2a1fe2230900e0b057cba6,not_solved_after_prespecified_quota,
discovery,"[1, 13, 26, 40]",983c4df72fbdb64b0e14aa90757ad7c81466ba05dbbd276ffe5ec1ddb5ca9acc,not_solved_after_prespecified_quota,
discovery,"[19, 24, 31, 39]",49082f3cc10dca6e6e8314712e6dca5ece2db52ad885e7b72dddbe26ba0ea10a,not_solved_after_prespecified_quota,
discovery,"[2, 6, 37, 38]",2faa28f8fb4ea886ab6e9460b6a8a5ccb7e5c8a550c5b58374cce0c76869a0e6,not_solved_after_prespecified_quota,
discovery,"[12, 18, 30, 31]",572431d5c6af531246174e45d9315437de90f870b02e0ad22b84f4539f6bf590,not_solved_after_prespecified_quota,
discovery,"[5, 13, 21, 40]",f23b648c13afc5b8aeec9bf3d5c192cdc8c07feac7ca91de84f07eba31013240,not_solved_after_prespecified_quota,
discovery,"[6, 17, 30, 34]",419bd4af796b8bfdb62ddb8a07f378880dba415cfdc27ba3e159a1826f02aac7,not_solved_after_prespecified_quota,
discovery,"[14, 28, 30, 31]",4443ad5b302859870e94f6f21d981f1b9d5c21cdd9470fb0daef03c54adcb563,not_solved_after_prespecified_quota,
discovery,"[16, 18, 22, 37]",0c19252b03bddaa13b387dd07568e084679b502c2066f040ad11e23222db716c,not_solved_after_prespecified_quota,
discovery,"[7, 15, 22, 28]",eb1e0fb6beac040cad8c167cebad1e3cfd3bcf77ad9f023959193b8e004fe3e8,not_solved_after_prespecified_quota,
discovery,"[17, 24, 30, 37]",db53ed328fcb06f7303fe4c383f81b6c212e3404ad170a480397a856e90a60a3,not_solved_after_prespecified_quota,
discovery,"[2, 7, 33, 37]",dfdbfb507784ca60b8cff5eb11031efb6b29e01204383436cbc647438470be3e,not_solved_after_prespecified_quota,
discovery,"[2, 20, 21, 38]",89781f130ff6e647d1434f32771718da8b5cb9de76070c75477f606b27dd3f94,not_solved_after_prespecified_quota,
discovery,"[2, 15, 22, 39]",6198688d4356a4f2356a01ca1fa486a09ec31f0cb1a184bc2f18f89298b13999,not_solved_after_prespecified_quota,
discovery,"[9, 13, 30, 33]",1037435d50805c16c0d74e996c480e2e40c4723c2f80d9b9f4424a4daae8a98d,not_solved_after_prespecified_quota,
discovery,"[27, 34, 35, 36]",0c28818df995d56344461c0dc67ffa4b0ef674a5ae60a598c1bcdd5400c6cf15,not_solved_after_prespecified_quota,
discovery,"[12, 16, 34, 39]",7c9c5dd752803fb3368fd71f12eab4251633ec643288d7bbb82c8e8121e8723a,not_solved_after_prespecified_quota,
discovery,"[10, 18, 21, 25]",c3674658fe8de949c56dfbf5af723507588ae5af91ee49e254abf857c6a06bca,not_solved_after_prespecified_quota,
discovery,"[15, 18, 23, 26]",712f5ad0dad013346d8aef37c7b255ddf2420cffd35be9d460721841cee5c9c2,not_solved_after_prespecified_quota,
discovery,"[2, 13, 17, 29]",444c78aff6cb4b865117d260cfe4573538f026eee7f76a8bd7ab428c75dd664a,not_solved_after_prespecified_quota,
discovery,"[3, 19, 25, 40]",9158335bffe02818cdb7ff91a5653b83e1bb596fcbcef28e9563773a590bd521,not_solved_after_prespecified_quota,
discovery,"[2, 4, 18, 29]",1c29e7d95372efac803f670fc4d11626ae1de0d5cb7b7b7fa760e73bb3adeb58,not_solved_after_prespecified_quota,
discovery,"[4, 16, 35, 40]",06428d8b8b0bae09e0845631aee5684df27297829867857dd34b15bbb8deacf4,not_solved_after_prespecified_quota,
discovery,"[1, 9, 10, 26]",0f270920102b1269ac80bddecac11a5d0e15166e8946fa0f398998c1472d7ac5,not_solved_after_prespecified_quota,
discovery,"[14, 31, 34, 36]",cea6e051b2ca04c23cbe57aef0b8fbf41bae9c231ef78e29efc0b85532baf354,not_solved_after_prespecified_quota,
discovery,"[3, 14, 19, 20]",1a6419ff8aa205462e244a3834a34cbdf9cb89ca450936718627ffe022003815,not_solved_after_prespecified_quota,
discovery,"[5, 8, 16, 38]",7c160d65c170c782e5797ff601be532a5271c0f572da3e10f0d9f4ed0ed19a50,not_solved_after_prespecified_quota,
discovery,"[6, 16, 31, 36]",afa85889cf960a31153e2f3dc006d7e26274ca5eb950adc0ccdebbac656ed334,not_solved_after_prespecified_quota,
discovery,"[15, 25, 31, 38]",9f09b85029f9d946ee7cdc9c84773f9934583a1b1860fedc9892262be6bd5d34,not_solved_after_prespecified_quota,
discovery,"[1, 18, 19, 25]",447119848387ba97d890039f31fce747966b4f25d950d542cb35f46b3c912e05,not_solved_after_prespecified_quota,
discovery,"[1, 12, 27, 40]",6bd803ab2e5ca3437f7f46bd6130b66e46b647b3206c57167fb49a339543856b,not_solved_after_prespecified_quota,
discovery,"[11, 19, 36, 38]",ef55c1cdb88335efcb3684f23bb9adf7672cfb086720e8366e2ec21c9be23695,not_solved_after_prespecified_quota,
discovery,"[7, 32, 38, 39]",adca2e37c715174cfcc941e2dc8e33ca06ae47108ef2d815c49a9c9598b20666,not_solved_after_prespecified_quota,
discovery,"[7, 12, 20, 32]",83e370c8b580b5b4cb025c9d909b0120c736c3c8b8ce376e640c20a71f3899c5,not_solved_after_prespecified_quota,
discovery,"[3, 15, 27, 40]",bdd6381e837677518862a5d9a835da61b9678d67c54d7c27fb2ec8fef72e0cb6,not_solved_after_prespecified_quota,
discovery,"[7, 13, 27, 28]",df6f1520a9e4d3239cc3e9a2f2c29c67eef1e75d183776840d86030bed50c37b,not_solved_after_prespecified_quota,
discovery,"[1, 21, 28, 40]",941809009773cdea45f04707aa2a40a7a141c87b4922b901d7e65a2768cdf2f8,not_solved_after_prespecified_quota,
discovery,"[13, 22, 30, 38]",8d6d6e7e64b5e75f72147083a444347afbf9acc68d4db7d8aaf8eba676800781,not_solved_after_prespecified_quota,
discovery,"[25, 33, 35, 39]",521a2ce56589982fb3f115a70f907a1f435c8e322d8143754fc43f3aad25a3ce,not_solved_after_prespecified_quota,
discovery,"[2, 16, 18, 27]",109d8aa524f7f2fbb2f5eaff3cf441aa97fe5e77423fcc4a83634532dab62fc3,not_solved_after_prespecified_quota,
discovery,"[13, 22, 30, 31]",4223d847334eedeed29df96fbbd5cd0d6d7dbcc3e24e90304c32ad1e3ed9ec88,not_solved_after_prespecified_quota,
discovery,"[18, 20, 36, 37]",7a9285600b15eec569c170848a964b90ac90425c20676cbae019e6a859c5d5a8,not_solved_after_prespecified_quota,
discovery,"[6, 16, 18, 29]",bdf564d7bca9718e63af4e73cdf7c9f5140a4e5e50652222770bd80488349029,not_solved_after_prespecified_quota,
discovery,"[11, 33, 34, 37]",e523cc81a8d2eaf78ce2796104d3df5e79bffdcb2b1521eccb6c0512650718f5,not_solved_after_prespecified_quota,
discovery,"[10, 16, 39, 40]",41337376e6d345ab3cc6ddccf49d0a1915370bb3eb364464960ab89ae2e136ac,not_solved_after_prespecified_quota,
discovery,"[2, 3, 8, 17]",491cce7bf6810bd603aba7f4948640eadc736f9139f88024680215ae20eb16f9,not_solved_after_prespecified_quota,
discovery,"[9, 29, 38, 39]",1dbee42edca49984e34f86157223c29cc14c91b64995a1324f2550738c3640c3,not_solved_after_prespecified_quota,
discovery,"[4, 5, 33, 38]",231196689a35ac7d49152a59085092819df5d28b6e0d5611cad9f1270350cbad,not_solved_after_prespecified_quota,
discovery,"[5, 7, 27, 39]",b44cfaf5b5375bde9d126eadb6b50ec7201e5f50c024a136e826cf7e9012f900,not_solved_after_prespecified_quota,
discovery,"[8, 13, 20, 29]",324e3342e97c7a7e55a1f595676fc75c627bf2c67cdd17f5c5fdbfbc84a65669,not_solved_after_prespecified_quota,
discovery,"[7, 13, 19, 29]",7e8f8810590345ef96af16d99b544beec5f5b4538ec808e8082a943a2b81cc0b,not_solved_after_prespecified_quota,
discovery,"[9, 30, 32, 40]",645e899725b4eb7d0264ea283466268fc967b6ac8c9b3daa227408945bf3b4e4,not_solved_after_prespecified_quota,
discovery,"[9, 25, 30, 33]",dc3a5076c08e7ffdc377c181b5c25cc950fa6240b568ae9ab8a73e07fe29429b,not_solved_after_prespecified_quota,
discovery,"[4, 8, 10, 22]",a14c5481c9844166389a4350415ff047b2f43454d9fa2d385a594a850ed47747,not_solved_after_prespecified_quota,
discovery,"[13, 20, 22, 35]",4c4e806da301306f76d0d85d8cd47baf967c58b11883c17bd2a2ff83839360cf,not_solved_after_prespecified_quota,
discovery,"[1, 7, 12, 18]",3de2d3127a44c82c7c359b33f42a77449cdb01eef0d96ee189ac05608be748a6,not_solved_after_prespecified_quota,
discovery,"[19, 28, 30, 38]",d69f1e90c377dd1801f6a5c508166e683d746f1e9e52fa3b2ad996f7ff79de90,not_solved_after_prespecified_quota,
discovery,"[17, 29, 35, 38]",94b7f3eb6c1974fdbc9b156cd037a68f5b87a3770d5caf5cf3c60d677dfe0133,not_solved_after_prespecified_quota,
discovery,"[5, 7, 8, 19]",f984fb089f2cdec8e952eb1bd84a440939e0f70f3be6273c56e5f74223436f05,not_solved_after_prespecified_quota,
discovery,"[6, 12, 16, 24]",fe845ca2894a2ab0fd62dc79c1192626c82f40db95d194a3f484f933e31410c1,not_solved_after_prespecified_quota,
discovery,"[5, 14, 18, 24]",692786d35b1229c7d54f97983e2c46396712e24c70dd33e65956ff83f430e580,not_solved_after_prespecified_quota,
discovery,"[19, 23, 33, 37]",00cbda7597b930921595ff7ebc9b9e584185366903328a980bb1b2f7564a510b,not_solved_after_prespecified_quota,
discovery,"[5, 10, 34, 40]",adce829f076929b78c81388d7a8bc1f971c93672dd3d66b4e6ba7e9925fefaeb,not_solved_after_prespecified_quota,
discovery,"[1, 17, 24, 33]",4fa3b672a0140b905b085a7cb98abb1a61bd3ad3409ff9bc64eae761cd6e09e0,not_solved_after_prespecified_quota,
discovery,"[1, 34, 39, 40]",b739fe18938029a8d7ca3d2497c6ef5afd1c65e2efec2d5a18a58b732272bc86,not_solved_after_prespecified_quota,
discovery,"[4, 5, 15, 31]",e94caed34fad22304dbc79c1094057729582757fef030a986ec6cb0de3ad5356,not_solved_after_prespecified_quota,
discovery,"[2, 5, 14, 23]",276bff0f9e9d945efd60122f34158d991e923533749b6f18f3ae3da8ce5da737,not_solved_after_prespecified_quota,
discovery,"[18, 22, 33, 37]",90e2050fd452ee9b6dc9bfb7d79c0dc0447cbd816eb0483eb5955436f8611374,not_solved_after_prespecified_quota,
discovery,"[2, 19, 24, 36]",570eaa9419cc8fec19e7e6fbfdfa6f9855d8d018aafbfb9d1a919e7b7bd01496,not_solved_after_prespecified_quota,
discovery,"[7, 12, 13, 16]",ae49cd3075b0e7700a95deef5dbbb616d9927753894e7d02babc033b603f00e7,not_solved_after_prespecified_quota,
discovery,"[25, 26, 35, 36]",eb9a8520edb819522f21fa97dd6d95c29aae401cedb288176657d4aa1a4a6f3e,not_solved_after_prespecified_quota,
discovery,"[10, 17, 35, 38]",ee701648a8e224c464ffec7678a151a44573278a54b7de1a6678db7eeffcf921,not_solved_after_prespecified_quota,
discovery,"[1, 18, 28, 40]",ebe0f27d1440def7548e5f13fe82e3b764c1dec75a92e5cd613fe372cfc55779,not_solved_after_prespecified_quota,
discovery,"[14, 27, 31, 39]",f92745696a52ea1151ab7bc4f040f592dce456c2d48e59f40170c1764f30422f,not_solved_after_prespecified_quota,
discovery,"[17, 32, 34, 36]",2785b7762b981338e4814fee52515ababf5e43b7440438e7ad9e906c0b9c5d08,not_solved_after_prespecified_quota,
discovery,"[5, 9, 18, 20]",8011421634a45b6f5d19968b53d4a9f7d7a82ee99a339ffd35f8b9ea53a555c0,not_solved_after_prespecified_quota,
discovery,"[3, 21, 23, 24]",f413ffd7a7a336902af4e048c68932afccb227fa51a95ce187f5e26a58f07ebe,not_solved_after_prespecified_quota,
discovery,"[4, 10, 19, 32]",258abef22b59c959decb91b75aeba911a54d0ee35532ece19bfaff1533069d16,not_solved_after_prespecified_quota,
discovery,"[4, 10, 13, 21]",707d061b6b5773f34c9da47824576c5eaeff96f64ae987da36be7c4e017048f7,not_solved_after_prespecified_quota,
discovery,"[13, 22, 24, 31]",93b5b81acfb972608977481e2a605b08ae36c2668e5ee6b60811a54077a09d46,not_solved_after_prespecified_quota,
discovery,"[17, 27, 29, 37]",624c892fac2dfafebaea58901381afbac3a32d20fb32f59da2c9dcc22213e0e3,not_solved_after_prespecified_quota,
discovery,"[2, 22, 30, 36]",e0e8c432cb6bd59b42f3c5c38faa95393d98d755efa9202c8635349767b088b7,not_solved_after_prespecified_quota,
discovery,"[8, 15, 17, 19]",c38acf51e2f9bb97d41a91ffe5d43fda26ca22cd734cd4e3df4b69c67919aea4,not_solved_after_prespecified_quota,
discovery,"[12, 17, 20, 21]",e4a4928a3498743a55ce8a38c3ea29c257aa9b627186bde5faeeba2b7613d4a1,not_solved_after_prespecified_quota,
discovery,"[4, 17, 26, 37]",9a13722b5ebc1d5331240249ae382d013db4178ba95c1a83921234911c1a96e7,not_solved_after_prespecified_quota,
discovery,"[7, 27, 34, 37]",53f4e93cf45cc1fe656717236f5bef9d6faaf2590ffbe73b77c5ce5f35c9d16d,not_solved_after_prespecified_quota,
discovery,"[25, 29, 36, 40]",ccb80af0b25414894a86b2f853caca7cdb94d773780e8e130a61b41212696053,not_solved_after_prespecified_quota,
discovery,"[7, 12, 21, 38]",82cc5cdcdbd38deb109724a5bd71c165541237e06f4340d4a629d5816d376a59,not_solved_after_prespecified_quota,
discovery,"[3, 11, 20, 21]",fe2575ef5b7c08323f50ad22b07af19c241898018c1cf7bbfdd89645038b26cb,not_solved_after_prespecified_quota,
discovery,"[9, 12, 18, 23]",31f2b08267a4a50505642b7f7b93bd809da8cce9c14098b54575154051d876d9,not_solved_after_prespecified_quota,
discovery,"[1, 6, 23, 37]",02fda1ab937d2a7ca90ff1600fd7a5a095654aba249e41c5c34a6d92fdecaeaa,not_solved_after_prespecified_quota,
discovery,"[1, 5, 21, 40]",27f28cc2fa098e6b9fd88a74267c0d1e2d41c2abdd7083be203a9dca276b7a0a,not_solved_after_prespecified_quota,
discovery,"[7, 8, 35, 40]",c4e3bba59e149448183d876dbc12cd492995b6091ca546bd619318df657dfbf3,not_solved_after_prespecified_quota,
discovery,"[1, 9, 35, 40]",66d7e7fcb88e698a9b69bebe270a0cfd82d9f2640708d857c62bae70aebf2308,not_solved_after_prespecified_quota,
discovery,"[7, 16, 32, 39]",d2169cfc04b3fe9e58ff04214f9d2d13e3599371feb0e776ca1c5bdc51109ede,not_solved_after_prespecified_quota,
discovery,"[8, 36, 39, 40]",5cd43fd728808151f482050063f82c3cf08e9cb061287b378a343a1ef7fdb2b2,not_solved_after_prespecified_quota,
discovery,"[2, 4, 33, 38]",50d48d3ee862413aabd8d6cb4223e76a150b44465b14fc58ccfbf717f88a1c66,not_solved_after_prespecified_quota,
discovery,"[14, 30, 33, 39]",65997bc7253cffd7a949a7239b08b6d2f7cbcb91f46c27bfea5ef029d7dcc678,not_solved_after_prespecified_quota,
discovery,"[32, 33, 35, 36]",c2b3bef08579d79c3b30856aac8d7802df551a64ff1414da2224caa263fedf61,not_solved_after_prespecified_quota,
discovery,"[5, 19, 21, 28]",eccec8e9c025d7b4b91382384551bf8ba6da03ba8b8af510f0ab1dce5d628de6,not_solved_after_prespecified_quota,
discovery,"[6, 15, 19, 40]",e6a6af34bceb3679143aacbd0674f1b804e84b39a502a9d9280606ac5d91e247,not_solved_after_prespecified_quota,
discovery,"[1, 31, 38, 39]",e2d523e49cefc86728e1f944137356063c41ba842cbb9adb2877f7d4d3c1f230,not_solved_after_prespecified_quota,
discovery,"[29, 31, 32, 37]",f99e76b9fd15fcd25515d061f9464f0d5482832153064cbc6a6ae1e81744495f,not_solved_after_prespecified_quota,
discovery,"[25, 27, 33, 36]",c6696ab4ce967162974ded1fdc72887328b91670794db01e9cb3ffdae6f594e3,not_solved_after_prespecified_quota,
discovery,"[12, 25, 29, 32]",1bcc94943383c9cacd10bd10337dba5ee5e3cbec4a6546070ad0c37ad99fac68,not_solved_after_prespecified_quota,
discovery,"[6, 11, 17, 18]",dc81412890da30d95b96a7242c9e13386a413d595078d17861a22553b8580452,not_solved_after_prespecified_quota,
discovery,"[12, 17, 28, 34]",df8a427e4e8030d71c4999901822929970f69b73fa137cf4ea7a3a023f5af4cf,not_solved_after_prespecified_quota,
discovery,"[4, 8, 16, 23]",6032f772a586f0597658239a70aab25775e197580660208f5f7a8a438310ab45,not_solved_after_prespecified_quota,
discovery,"[4, 12, 15, 23]",14a7ce021c0a52afe9cde8997eae1919f18bdf8d64a27a13ef7163137af62026,not_solved_after_prespecified_quota,
discovery,"[3, 32, 39, 40]",fa841ea5663cdd63705b7b4834abcd016772b27e1b13bbe2286e2b5bc05d767f,not_solved_after_prespecified_quota,
discovery,"[3, 12, 35, 40]",e747f46ea4c78ed04d565aed9ed8e5804355bd940de405c1233dec75a92e1778,not_solved_after_prespecified_quota,
discovery,"[12, 27, 33, 37]",778ec59aa2b95de8389e144543aa4b22ec8018bf1a00573e6137b691a9042f4e,not_solved_after_prespecified_quota,
discovery,"[1, 3, 8, 22]",95b7967482b0e42acf4ce0e7a63a382ff4c34fb1019818dd2a7b9be77707248c,not_solved_after_prespecified_quota,
discovery,"[6, 8, 22, 39]",ae07c907a9b98bf5bf35965cb431d3d50b35510ace7e423b971aaab48185a15b,not_solved_after_prespecified_quota,
discovery,"[6, 15, 17, 34]",beb6ab1da2c2d58617c006cd9e25f2b235d983a1c9727903835caa7fdcfe1770,not_solved_after_prespecified_quota,
discovery,"[1, 17, 26, 36]",a58550bccb8dfd501ba1aae50661633509cad410117a2c9ab4023527b828ddab,not_solved_after_prespecified_quota,
discovery,"[9, 27, 30, 38]",3fa38ebda6c445336859abe20860d1f5d4989341bb07d3ea6754228e675047fe,not_solved_after_prespecified_quota,
discovery,"[5, 6, 12, 37]",bfa434e39e46f3f7b72ea45c20a7782cec2f7cbb3e7a8373e431e93d928ed598,not_solved_after_prespecified_quota,
discovery,"[10, 16, 19, 32]",3d8556926329c8b4b5eb39162743b6b3430ec69f3f05ab0b25df027624ea5196,not_solved_after_prespecified_quota,
discovery,"[11, 31, 32, 35]",5c5835ae4b37e782b75bf9754e6692aedc43555d87acb2a51c3ac45d37ca339e,not_solved_after_prespecified_quota,
discovery,"[4, 8, 22, 39]",c7783019bc18317f1cb5825bc2bcfdd1df0707dceb59c5a5d1101bca29adda33,not_solved_after_prespecified_quota,
discovery,"[22, 24, 26, 39]",daf4618c9ee53873d59ec4cf836d9e2b2c0fd52aa69d771157fcf8d440cfb6f7,not_solved_after_prespecified_quota,
discovery,"[3, 12, 20, 26]",6eba3942b25a1d56fa02a6aca1a7d8e6ef57a3a5fb4c15b9303a2f19f556e753,not_solved_after_prespecified_quota,
discovery,"[15, 23, 24, 37]",c9f444cb81f9013385d30990539f74203ff07f96e36c0a38029fb66f0d0f0e5e,not_solved_after_prespecified_quota,
discovery,"[1, 10, 21, 38]",6bc09c1669fcba8913f0cc2de08a46b4486ea51caa31f6441e674aab66ca20d5,not_solved_after_prespecified_quota,
discovery,"[7, 23, 25, 27]",bcd05dc7b0de81faa1b6f615da7bab5cdada9d68d3550167ebf6ecd58e024900,not_solved_after_prespecified_quota,
discovery,"[10, 18, 21, 23]",92bd95c29f5f58fea6c7528be727f776488926675a32445089a75dcb11061336,not_solved_after_prespecified_quota,
discovery,"[7, 18, 19, 23]",3ff8baedffd76a84f9c85d5fee5a9f9a0a45a5ef99262efee888a4c0c560dfb1,not_solved_after_prespecified_quota,
discovery,"[1, 7, 18, 34]",2e396b339f2125e1412b6eead17ee80fde74174b13e4cd7db9f993d4a18b53b9,not_solved_after_prespecified_quota,
discovery,"[4, 10, 18, 24]",bd3470d216d949024024d89547a4b5b2210f703077a41535a8ff0e53b90265f9,not_solved_after_prespecified_quota,
discovery,"[4, 5, 17, 34]",04adfaa7f9b4a961d8f3bae30834598fddb3d03573a4c3ad642cfbc227dd73fd,not_solved_after_prespecified_quota,
discovery,"[13, 23, 31, 40]",746cf5254f805c13eba3ceee7d90f458394d7c65135703ac7db87d4d1bd11054,not_solved_after_prespecified_quota,
discovery,"[4, 10, 22, 35]",22c3dca9ad102e1ce6ae1cb4b84883c8c8bccd67b35909428b2e214cbf9b73d5,not_solved_after_prespecified_quota,
discovery,"[16, 17, 19, 26]",7282d27337c16d68ee9e34cbf04841544294111fd7f4768479e9335f5f737f32,not_solved_after_prespecified_quota,
discovery,"[11, 19, 25, 36]",d02addb4fbbf8f0f2249c8b2e6c31baa2b1f1dcc6cc6c84918f4a67778cd06ef,not_solved_after_prespecified_quota,
discovery,"[2, 22, 23, 40]",2d0cb9e4524268638db71dd960e9ce46911530516d40cadb51af28929b575a88,not_solved_after_prespecified_quota,
discovery,"[11, 13, 15, 33]",98c1a25514c679a85c90959a4c80f2c6a0ca71de3a1da1493a50bedc4eac1826,not_solved_after_prespecified_quota,
discovery,"[12, 22, 25, 31]",06f36a431a74c1bc7238d355e45f9758ef7b91a55610f56a54da96aa96decef0,not_solved_after_prespecified_quota,
discovery,"[5, 12, 30, 36]",cc50cbe894ef810509a6e063ecb788bb39428a9fd8f183e80536ef14108eb627,not_solved_after_prespecified_quota,
discovery,"[18, 25, 28, 30]",10e53d4ecd8f1d08f6cb27d7b6139362838cd218bc9be1175437650b0e28bfec,not_solved_after_prespecified_quota,
discovery,"[7, 17, 23, 31]",9f46f5a964b37382221f196acd7fa8b2971eca7341fd87ed186356e9a3b51d44,not_solved_after_prespecified_quota,
discovery,"[14, 28, 33, 39]",b00f218fdce4f21f2c3dba299ac0dd0a2577733a0f111255b62110d83fb1dd7b,not_solved_after_prespecified_quota,
discovery,"[4, 21, 25, 40]",c6dec0d805d7b210b4590f34c96629c1f5ae4ac5a57f4a261de479be4fb10816,not_solved_after_prespecified_quota,
discovery,"[17, 31, 32, 33]",4dfd885a99120a3455d9d0fb5baf9cc07f16ab05ec35660b4360468b2da49fab,not_solved_after_prespecified_quota,
discovery,"[2, 3, 31, 38]",3c6e3cd51abaf29aa54499e2fb9a427d66efe73cb908b0dd4c14d3f7756ba385,not_solved_after_prespecified_quota,
discovery,"[1, 8, 28, 31]",c86240e11c278e19abe40e6ab91f4a7ddb3cc7a68bcd133b2a6a83f0e0183cac,not_solved_after_prespecified_quota,
discovery,"[3, 7, 18, 26]",97a4079a1b506f05110c176fcd5eec02b7721d08f760eeac25d9d52239894603,not_solved_after_prespecified_quota,
discovery,"[3, 24, 25, 36]",1c4472d324315f190a772f40e3c69d5ea3ce5bc71f70334a215b45081c56930f,not_solved_after_prespecified_quota,
discovery,"[1, 8, 25, 39]",20964db0d61d78090cfba87c4f82740292d8ce8b3b8c468e8c16795983d97f59,not_solved_after_prespecified_quota,
discovery,"[1, 5, 24, 39]",fac9832e9496428b9ebe23345bda98b6db6037f731ca5dc39237c351d3a738b6,not_solved_after_prespecified_quota,
discovery,"[9, 23, 32, 40]",b1ad43ee30f665b3e83c7d23751fc6f53bdc5ca0892ddb8e5eb448af08718b9d,not_solved_after_prespecified_quota,
discovery,"[6, 18, 22, 40]",fc5df5d72673629cba4772f9bef7a4650e5e1339d5920904d51811dff0f92c9f,not_solved_after_prespecified_quota,
discovery,"[13, 21, 27, 33]",ac4d0d216d5c9afef6c02c9478c9ffb090d729ce9c53c28098286e7a12a8c208,not_solved_after_prespecified_quota,
discovery,"[7, 23, 27, 33]",c27cf97901e5f1d0b1cd0243dc6c30289511e128f1f92f371a05c94364c4e6f1,not_solved_after_prespecified_quota,
discovery,"[7, 18, 27, 32]",27555f73d19ed0e03088d64083b59aaf1c607fdb10da0f0239470eaf6427b770,not_solved_after_prespecified_quota,
discovery,"[11, 20, 37, 38]",a7ba0a06865603db8ece55833f6a37930018961b642c6a5d9dd1449732077635,not_solved_after_prespecified_quota,
discovery,"[11, 12, 27, 30]",c05ee3f414dfe8496bc4d8667e7a8aeb4ba7ff329f325c84db11d95fa88f7355,not_solved_after_prespecified_quota,
discovery,"[2, 20, 23, 28]",82178415017c979a2ec84c90fda425a7a5b15f4882801a3d6b18027c9e439116,not_solved_after_prespecified_quota,
discovery,"[6, 17, 18, 32]",448ab052e92be738cbdae329bf7971b8ccb846b1f8b386579948e2dea7ba5006,not_solved_after_prespecified_quota,
discovery,"[8, 11, 18, 27]",e1a59ba40a3cc5dd2f264829da36d56a6c3b54f0c67d3821dab7a2ca8492bb4a,not_solved_after_prespecified_quota,
discovery,"[1, 15, 29, 36]",9a2baacb0d03bafa40503a71830ee0acced40c722ec82480f51c76b543163415,not_solved_after_prespecified_quota,
discovery,"[1, 5, 18, 30]",b9fab2046cb6e364db9911fba6c30f042daa288dfc3626eda9b32a72bea8bfc8,not_solved_after_prespecified_quota,
discovery,"[9, 26, 27, 39]",863be72faf0050a28d217c8f79a8da395934dbcd2a0161284b198796a63c6fe4,not_solved_after_prespecified_quota,
discovery,"[5, 9, 13, 15]",f98c94e74d81ab63f2e8ff932cf25f1553bb5cee0a6b85ceec5660a042d5818d,not_solved_after_prespecified_quota,
discovery,"[5, 19, 33, 37]",0aca462addd9c800c0d13bcca4aa0653d236c3ab55c9abf558dd4bb381bfd2dd,not_solved_after_prespecified_quota,
discovery,"[14, 23, 24, 28]",05eacc871daa51534266fbec402fc98eeb0c867a9689c281fdda3704ceba9109,not_solved_after_prespecified_quota,
discovery,"[1, 2, 27, 32]",70a993b083f44c1e90fab548e6419f6f0802383a3447371bbadca7ffd661f7e7,not_solved_after_prespecified_quota,
discovery,"[19, 26, 35, 40]",6f867c90afd0f736bf6144b4ad239e3f5181b32819b3dadfa810269705a75a69,not_solved_after_prespecified_quota,
discovery,"[12, 19, 24, 29]",068486602606669faf5419a9f770d4fec242cef3b2e768ea27f4e5dceb38727e,not_solved_after_prespecified_quota,
discovery,"[4, 5, 11, 33]",d2d3bf8130c1d00824db1aff48cfd8a3e46e7da265ffff8e65c0db43dc8fb04c,not_solved_after_prespecified_quota,
discovery,"[3, 16, 25, 34]",9a42b13d2e29fa4389b964eb292239e803835056e66fa4bf2f604f2c92d8b241,not_solved_after_prespecified_quota,
discovery,"[3, 20, 32, 33]",f2b4076fc6f09f99849bc2d90c0ada68b6cd4aa6ba9febb8f77e030a6bd5e4ad,not_solved_after_prespecified_quota,
discovery,"[9, 17, 20, 26]",cfb6826dd587ef1ff35eb5f8c96a307e1d5cc686a1f4e3003bd0c7433fd3a188,not_solved_after_prespecified_quota,
discovery,"[27, 30, 32, 40]",5bc4027a81fc5f9adcfd8a14bf9d9a0477889548f26c2ee3a8f4eb494c69cfe3,not_solved_after_prespecified_quota,
discovery,"[7, 21, 28, 38]",ede385ccaa6c675d83dab45e5a9846683ca718e327d7f2f63c255e9aad35c400,not_solved_after_prespecified_quota,
discovery,"[2, 5, 12, 40]",d887c8eb8545ae9614331cb30665f0976f0dd57d37ea5a60bd53ee48039d85ff,not_solved_after_prespecified_quota,
discovery,"[11, 14, 25, 35]",6d01b72c906e0535c5e98a8eb5a3069bf1bdd341b14d4e1ceabba6af76975fc6,not_solved_after_prespecified_quota,
discovery,"[3, 5, 16, 38]",e2f986998527aa87a7d1a770f2d191aa8bdccb1129be1bba78817f3c5c09fca2,not_solved_after_prespecified_quota,
discovery,"[4, 24, 27, 31]",62de13bc7073bb566dfa5474977afe9b6bd1fa871ecf78531e70cdb4439af86e,not_solved_after_prespecified_quota,
discovery,"[1, 17, 21, 40]",2415156ae90eba7c321c3c01179dd6728e5ff895cbcd80ab76f9924eff7dabe4,not_solved_after_prespecified_quota,
discovery,"[8, 27, 29, 35]",9dfeee9a64a7732244b6e605b6f6ccf76f360c61f520260a2f2773548c182e19,not_solved_after_prespecified_quota,
