{"step": 1, "row_indices": [152, 41, 149, 159, 25, 193, 55, 60, 57, 7, 236, 23, 244, 213, 94, 209], "learning_rate": 2.5e-05, "response_nll": 0.6164215339946558, "gradient_norm": 5.260799407958984, "supervised_tokens": 507, "processed_tokens": 952, "seconds": 2.3220550939440727, "peak_memory_bytes": 9836429824, "segment_file": "segment_41bea583b0104fefa561106478ee3e2f.jsonl", "segment_line": 0}
{"step": 16, "row_indices": [6, 234, 28, 71, 169, 138, 247, 180, 196, 44, 74, 93, 245, 77, 206, 212], "learning_rate": 3.209056926535307e-05, "response_nll": 0.007685848321133887, "gradient_norm": 0.15754729509353638, "supervised_tokens": 513, "processed_tokens": 963, "seconds": 2.0921306125819683, "peak_memory_bytes": 9996918784, "segment_file": "segment_41bea583b0104fefa561106478ee3e2f.jsonl", "segment_line": 15}
{"step": 32, "row_indices": [227, 117, 75, 122, 46, 126, 160, 125, 243, 50, 61, 85, 114, 169, 31, 92], "learning_rate": 1e-05, "response_nll": 0.0007595277520115761, "gradient_norm": 0.044467806816101074, "supervised_tokens": 425, "processed_tokens": 854, "seconds": 2.0453133434057236, "peak_memory_bytes": 9996918784, "segment_file": "segment_41bea583b0104fefa561106478ee3e2f.jsonl", "segment_line": 31}
{"batch_index": 0, "budget_used": 600, "completed_records": 8, "event": "evaluation_batch_committed", "name": "C_probes", "total_records": 384}
{"event": "C_probes", "status": "partial", "completed_records": 8, "cumulative_generations": 600, "disk_free_gib": 5.250400543212891}
{"batch_index": 0, "budget_used": 608, "completed_records": 8, "event": "evaluation_batch_committed", "name": "C_discovery_sampled", "total_records": 384}
{"event": "C_discovery_sampled", "status": "partial", "completed_records": 8, "cumulative_generations": 608, "disk_free_gib": 5.250152587890625}
{"step": 1, "row_indices": [152, 41, 149, 159, 25, 193, 55, 60, 57, 7, 236, 23, 244, 213, 94, 209], "learning_rate": 2.5e-05, "response_nll": 0.6285978236668547, "gradient_norm": 5.283535957336426, "supervised_tokens": 497, "processed_tokens": 942, "seconds": 2.0586792826652527, "peak_memory_bytes": 9996918784, "segment_file": "segment_12007d501e224a37b84eb4a3e5ed7a4c.jsonl", "segment_line": 0}
{"step": 16, "row_indices": [6, 234, 28, 71, 169, 138, 247, 180, 196, 44, 74, 93, 245, 77, 206, 212], "learning_rate": 3.209056926535307e-05, "response_nll": 0.00781945001767467, "gradient_norm": 0.15400056540966034, "supervised_tokens": 507, "processed_tokens": 957, "seconds": 2.116536743938923, "peak_memory_bytes": 9996918784, "segment_file": "segment_12007d501e224a37b84eb4a3e5ed7a4c.jsonl", "segment_line": 15}
{"step": 32, "row_indices": [227, 117, 75, 122, 46, 126, 160, 125, 243, 50, 61, 85, 114, 169, 31, 92], "learning_rate": 1e-05, "response_nll": 0.0005027775979429345, "gradient_norm": 0.02087789960205555, "supervised_tokens": 429, "processed_tokens": 858, "seconds": 2.0851516760885715, "peak_memory_bytes": 9996918784, "segment_file": "segment_12007d501e224a37b84eb4a3e5ed7a4c.jsonl", "segment_line": 31}
{"batch_index": 0, "budget_used": 616, "completed_records": 8, "event": "evaluation_batch_committed", "name": "B_probes", "total_records": 384}
{"event": "B_probes", "status": "partial", "completed_records": 8, "cumulative_generations": 616, "disk_free_gib": 4.906013488769531}
{"batch_index": 0, "budget_used": 624, "completed_records": 8, "event": "evaluation_batch_committed", "name": "B_discovery_sampled", "total_records": 384}
{"event": "B_discovery_sampled", "status": "partial", "completed_records": 8, "cumulative_generations": 624, "disk_free_gib": 4.905769348144531}
{"step": 1, "row_indices": [367, 185, 28, 49, 23, 125, 453, 92, 458, 52, 340, 321, 202, 166, 167, 483], "learning_rate": 3.125e-06, "response_nll": 0.7698973655700684, "gradient_norm": 6.559709072113037, "supervised_tokens": 1040, "processed_tokens": 1847, "seconds": 2.09202066808939, "peak_memory_bytes": 9996918784, "segment_file": "segment_ffa91739e8264242938cf421f252ce38.jsonl", "segment_line": 0}
{"step": 16, "row_indices": [240, 482, 289, 68, 67, 137, 401, 488, 138, 189, 293, 484, 511, 478, 203, 204], "learning_rate": 5e-05, "response_nll": 0.20595756697722778, "gradient_norm": 0.8461527228355408, "supervised_tokens": 1051, "processed_tokens": 1853, "seconds": 2.1320201344788074, "peak_memory_bytes": 10175860736, "segment_file": "segment_ffa91739e8264242938cf421f252ce38.jsonl", "segment_line": 15}
{"step": 32, "row_indices": [13, 469, 56, 142, 338, 276, 360, 361, 392, 89, 148, 187, 491, 155, 413, 424], "learning_rate": 4.9562952014676115e-05, "response_nll": 0.17354149056931412, "gradient_norm": 0.4624575078487396, "supervised_tokens": 1052, "processed_tokens": 1850, "seconds": 2.0872305668890476, "peak_memory_bytes": 10175860736, "segment_file": "segment_ffa91739e8264242938cf421f252ce38.jsonl", "segment_line": 31}
{"step": 48, "row_indices": [471, 442, 255, 339, 347, 80, 165, 182, 35, 137, 63, 283, 71, 486, 147, 311], "learning_rate": 4.827090915285202e-05, "response_nll": 0.13340253574181335, "gradient_norm": 0.7890518307685852, "supervised_tokens": 1044, "processed_tokens": 1847, "seconds": 2.076737891882658, "peak_memory_bytes": 10175860736, "segment_file": "segment_ffa91739e8264242938cf421f252ce38.jsonl", "segment_line": 47}
{"step": 64, "row_indices": [454, 234, 151, 245, 93, 252, 321, 250, 487, 101, 122, 171, 229, 338, 62, 185], "learning_rate": 4.618033988749895e-05, "response_nll": 0.11627814595292255, "gradient_norm": 0.3790324330329895, "supervised_tokens": 1025, "processed_tokens": 1827, "seconds": 2.169079501181841, "peak_memory_bytes": 10175860736, "segment_file": "segment_ffa91739e8264242938cf421f252ce38.jsonl", "segment_line": 63}
{"step": 80, "row_indices": [397, 117, 88, 35, 66, 491, 173, 26, 504, 309, 90, 365, 506, 364, 283, 388], "learning_rate": 4.3382612127177165e-05, "response_nll": 0.10138276848010719, "gradient_norm": 0.34331560134887695, "supervised_tokens": 1024, "processed_tokens": 1820, "seconds": 2.0443729609251022, "peak_memory_bytes": 10175860736, "segment_file": "segment_a164df64d0d248849c25e3896f7a18f0.jsonl", "segment_line": 15}
{"step": 96, "row_indices": [55, 133, 304, 75, 299, 148, 270, 177, 201, 102, 261, 61, 266, 458, 401, 44], "learning_rate": 4e-05, "response_nll": 0.08860888550246972, "gradient_norm": 0.4275696575641632, "supervised_tokens": 1035, "processed_tokens": 1835, "seconds": 2.0814066864550114, "peak_memory_bytes": 10175860736, "segment_file": "segment_a164df64d0d248849c25e3896f7a18f0.jsonl", "segment_line": 31}
{"step": 112, "row_indices": [462, 74, 232, 257, 215, 137, 414, 368, 100, 315, 63, 413, 134, 110, 403, 9], "learning_rate": 3.6180339887498953e-05, "response_nll": 0.09417947318741601, "gradient_norm": 0.4881771206855774, "supervised_tokens": 1029, "processed_tokens": 1832, "seconds": 2.047561589628458, "peak_memory_bytes": 10175860736, "segment_file": "segment_a164df64d0d248849c25e3896f7a18f0.jsonl", "segment_line": 47}
{"step": 128, "row_indices": [38, 208, 210, 13, 86, 506, 293, 167, 446, 51, 463, 434, 325, 345, 133, 154], "learning_rate": 3.209056926535307e-05, "response_nll": 0.08244201791195468, "gradient_norm": 0.42003530263900757, "supervised_tokens": 1048, "processed_tokens": 1853, "seconds": 2.0904068276286125, "peak_memory_bytes": 10175860736, "segment_file": "segment_a164df64d0d248849c25e3896f7a18f0.jsonl", "segment_line": 63}
{"batch_index": 0, "budget_used": 632, "completed_records": 8, "event": "evaluation_batch_committed", "name": "C-S_midpoint", "total_records": 24}
{"batch_index": 1, "budget_used": 640, "completed_records": 16, "event": "evaluation_batch_committed", "name": "C-S_midpoint", "total_records": 24}
{"batch_index": 2, "budget_used": 648, "completed_records": 24, "event": "evaluation_batch_committed", "name": "C-S_midpoint", "total_records": 24}
{"event": "C-S_midpoint", "status": "completed", "completed_records": 24, "cumulative_generations": 648, "disk_free_gib": 4.49151611328125}
{"step": 144, "row_indices": [159, 179, 334, 272, 345, 453, 322, 152, 130, 15, 153, 139, 331, 146, 242, 250], "learning_rate": 2.7909430734646938e-05, "response_nll": 0.08132956765505127, "gradient_norm": 0.7394745945930481, "supervised_tokens": 1028, "processed_tokens": 1828, "seconds": 2.0973978601396084, "peak_memory_bytes": 10175860736, "segment_file": "segment_6b76852e467d46c08d0aff41db56c29e.jsonl", "segment_line": 15}
{"step": 160, "row_indices": [258, 93, 262, 493, 413, 243, 405, 110, 431, 245, 144, 325, 510, 353, 214, 168], "learning_rate": 2.3819660112501055e-05, "response_nll": 0.07467965365607958, "gradient_norm": 0.5844902992248535, "supervised_tokens": 1035, "processed_tokens": 1835, "seconds": 2.056699190288782, "peak_memory_bytes": 10175860736, "segment_file": "segment_6b76852e467d46c08d0aff41db56c29e.jsonl", "segment_line": 31}
{"step": 176, "row_indices": [425, 421, 41, 453, 323, 265, 462, 170, 374, 461, 468, 224, 223, 342, 379, 258], "learning_rate": 2.0000000000000005e-05, "response_nll": 0.06423552634598184, "gradient_norm": 0.734274685382843, "supervised_tokens": 1052, "processed_tokens": 1853, "seconds": 2.0632669776678085, "peak_memory_bytes": 10175860736, "segment_file": "segment_6b76852e467d46c08d0aff41db56c29e.jsonl", "segment_line": 47}
{"step": 192, "row_indices": [118, 40, 455, 405, 176, 449, 333, 378, 61, 359, 94, 228, 313, 12, 124, 143], "learning_rate": 1.6617387872822843e-05, "response_nll": 0.0662775271660101, "gradient_norm": 0.6039730310440063, "supervised_tokens": 1038, "processed_tokens": 1840, "seconds": 2.0916900113224983, "peak_memory_bytes": 10175860736, "segment_file": "segment_6b76852e467d46c08d0aff41db56c29e.jsonl", "segment_line": 63}
{"step": 208, "row_indices": [20, 206, 305, 484, 316, 162, 460, 195, 63, 478, 459, 200, 500, 295, 219, 3], "learning_rate": 1.3819660112501054e-05, "response_nll": 0.0526713514050772, "gradient_norm": 0.8078442811965942, "supervised_tokens": 1032, "processed_tokens": 1832, "seconds": 2.0532889254391193, "peak_memory_bytes": 10175860736, "segment_file": "segment_9e96495e73274efd9951cf5d7e9af336.jsonl", "segment_line": 15}
{"step": 224, "row_indices": [227, 136, 98, 371, 66, 183, 271, 194, 216, 157, 303, 8, 42, 424, 456, 296], "learning_rate": 1.1729090847147981e-05, "response_nll": 0.051693681592565544, "gradient_norm": 0.673420250415802, "supervised_tokens": 1066, "processed_tokens": 1874, "seconds": 2.100202329456806, "peak_memory_bytes": 10175860736, "segment_file": "segment_9e96495e73274efd9951cf5d7e9af336.jsonl", "segment_line": 31}
{"step": 240, "row_indices": [403, 248, 487, 341, 58, 213, 314, 469, 238, 75, 441, 152, 456, 371, 61, 15], "learning_rate": 1.0437047985323887e-05, "response_nll": 0.03928844759457161, "gradient_norm": 0.5469494462013245, "supervised_tokens": 1007, "processed_tokens": 1804, "seconds": 2.0649506226181984, "peak_memory_bytes": 10175860736, "segment_file": "segment_9e96495e73274efd9951cf5d7e9af336.jsonl", "segment_line": 47}
{"step": 256, "row_indices": [500, 412, 77, 387, 361, 46, 349, 343, 86, 99, 85, 111, 93, 298, 429, 392], "learning_rate": 1e-05, "response_nll": 0.04897104126801161, "gradient_norm": 0.7953588962554932, "supervised_tokens": 1027, "processed_tokens": 1825, "seconds": 2.0715737640857697, "peak_memory_bytes": 10175860736, "segment_file": "segment_9e96495e73274efd9951cf5d7e9af336.jsonl", "segment_line": 63}
{"step": 1, "row_indices": [367, 185, 28, 49, 23, 125, 453, 92, 458, 52, 340, 321, 202, 166, 167, 483], "learning_rate": 3.125e-06, "response_nll": 0.7275797923788414, "gradient_norm": 6.27011251449585, "supervised_tokens": 1039, "processed_tokens": 1846, "seconds": 2.1025024875998497, "peak_memory_bytes": 10175860736, "segment_file": "segment_53b2f6bb543d4a4ba2b8059d676ffa06.jsonl", "segment_line": 0}
{"step": 16, "row_indices": [240, 482, 289, 68, 67, 137, 401, 488, 138, 189, 293, 484, 511, 478, 203, 204], "learning_rate": 5e-05, "response_nll": 0.2251120987661642, "gradient_norm": 2.1874449253082275, "supervised_tokens": 1055, "processed_tokens": 1857, "seconds": 2.0818919986486435, "peak_memory_bytes": 10175860736, "segment_file": "segment_53b2f6bb543d4a4ba2b8059d676ffa06.jsonl", "segment_line": 15}
{"step": 32, "row_indices": [13, 469, 56, 142, 338, 276, 360, 361, 392, 89, 148, 187, 491, 155, 413, 424], "learning_rate": 4.9562952014676115e-05, "response_nll": 0.1554714480048156, "gradient_norm": 0.38020434975624084, "supervised_tokens": 1046, "processed_tokens": 1844, "seconds": 2.0597537718713284, "peak_memory_bytes": 10175860736, "segment_file": "segment_53b2f6bb543d4a4ba2b8059d676ffa06.jsonl", "segment_line": 31}
{"step": 48, "row_indices": [471, 442, 255, 339, 347, 80, 165, 182, 35, 137, 63, 283, 71, 486, 147, 311], "learning_rate": 4.827090915285202e-05, "response_nll": 0.12398588737539096, "gradient_norm": 0.567214846611023, "supervised_tokens": 1041, "processed_tokens": 1844, "seconds": 2.085157699882984, "peak_memory_bytes": 10175860736, "segment_file": "segment_53b2f6bb543d4a4ba2b8059d676ffa06.jsonl", "segment_line": 47}
{"step": 64, "row_indices": [454, 234, 151, 245, 93, 252, 321, 250, 487, 101, 122, 171, 229, 338, 62, 185], "learning_rate": 4.618033988749895e-05, "response_nll": 0.12214461659406287, "gradient_norm": 0.4554423987865448, "supervised_tokens": 1023, "processed_tokens": 1825, "seconds": 2.0530081056058407, "peak_memory_bytes": 10175860736, "segment_file": "segment_53b2f6bb543d4a4ba2b8059d676ffa06.jsonl", "segment_line": 63}
{"step": 80, "row_indices": [397, 117, 88, 35, 66, 491, 173, 26, 504, 309, 90, 365, 506, 364, 283, 388], "learning_rate": 4.3382612127177165e-05, "response_nll": 0.10577727488309789, "gradient_norm": 0.38553136587142944, "supervised_tokens": 1018, "processed_tokens": 1814, "seconds": 2.099165864288807, "peak_memory_bytes": 10175860736, "segment_file": "segment_6d82d94542284cb39f74d985eeba3dfe.jsonl", "segment_line": 15}
{"step": 96, "row_indices": [55, 133, 304, 75, 299, 148, 270, 177, 201, 102, 261, 61, 266, 458, 401, 44], "learning_rate": 4e-05, "response_nll": 0.0979090398446673, "gradient_norm": 0.36796441674232483, "supervised_tokens": 1038, "processed_tokens": 1838, "seconds": 2.0638918057084084, "peak_memory_bytes": 10175860736, "segment_file": "segment_6d82d94542284cb39f74d985eeba3dfe.jsonl", "segment_line": 31}
{"step": 112, "row_indices": [462, 74, 232, 257, 215, 137, 414, 368, 100, 315, 63, 413, 134, 110, 403, 9], "learning_rate": 3.6180339887498953e-05, "response_nll": 0.09883662844167172, "gradient_norm": 0.3372024893760681, "supervised_tokens": 1030, "processed_tokens": 1833, "seconds": 2.061129216104746, "peak_memory_bytes": 10175860736, "segment_file": "segment_6d82d94542284cb39f74d985eeba3dfe.jsonl", "segment_line": 47}
{"step": 128, "row_indices": [38, 208, 210, 13, 86, 506, 293, 167, 446, 51, 463, 434, 325, 345, 133, 154], "learning_rate": 3.209056926535307e-05, "response_nll": 0.09841521778179489, "gradient_norm": 0.4430643618106842, "supervised_tokens": 1048, "processed_tokens": 1853, "seconds": 2.1316738352179527, "peak_memory_bytes": 10175860736, "segment_file": "segment_6d82d94542284cb39f74d985eeba3dfe.jsonl", "segment_line": 63}
{"batch_index": 0, "budget_used": 656, "completed_records": 8, "event": "evaluation_batch_committed", "name": "C-P_midpoint", "total_records": 24}
{"batch_index": 1, "budget_used": 664, "completed_records": 16, "event": "evaluation_batch_committed", "name": "C-P_midpoint", "total_records": 24}
{"batch_index": 2, "budget_used": 672, "completed_records": 24, "event": "evaluation_batch_committed", "name": "C-P_midpoint", "total_records": 24}
{"event": "C-P_midpoint", "status": "completed", "completed_records": 24, "cumulative_generations": 672, "disk_free_gib": 4.007854461669922}
{"step": 144, "row_indices": [159, 179, 334, 272, 345, 453, 322, 152, 130, 15, 153, 139, 331, 146, 242, 250], "learning_rate": 2.7909430734646938e-05, "response_nll": 0.08978742748412198, "gradient_norm": 0.4914233684539795, "supervised_tokens": 1031, "processed_tokens": 1831, "seconds": 2.05866239964962, "peak_memory_bytes": 10175860736, "segment_file": "segment_eff9c69a03d245278e5fc3c26605e8e8.jsonl", "segment_line": 15}
{"step": 160, "row_indices": [258, 93, 262, 493, 413, 243, 405, 110, 431, 245, 144, 325, 510, 353, 214, 168], "learning_rate": 2.3819660112501055e-05, "response_nll": 0.09581223336549906, "gradient_norm": 0.44033345580101013, "supervised_tokens": 1040, "processed_tokens": 1840, "seconds": 2.0513016507029533, "peak_memory_bytes": 10175860736, "segment_file": "segment_eff9c69a03d245278e5fc3c26605e8e8.jsonl", "segment_line": 31}
{"step": 176, "row_indices": [425, 421, 41, 453, 323, 265, 462, 170, 374, 461, 468, 224, 223, 342, 379, 258], "learning_rate": 2.0000000000000005e-05, "response_nll": 0.0886425766648288, "gradient_norm": 0.4138592481613159, "supervised_tokens": 1045, "processed_tokens": 1846, "seconds": 2.091412555426359, "peak_memory_bytes": 10175860736, "segment_file": "segment_eff9c69a03d245278e5fc3c26605e8e8.jsonl", "segment_line": 47}
{"step": 192, "row_indices": [118, 40, 455, 405, 176, 449, 333, 378, 61, 359, 94, 228, 313, 12, 124, 143], "learning_rate": 1.6617387872822843e-05, "response_nll": 0.09460217029743763, "gradient_norm": 0.44254249334335327, "supervised_tokens": 1041, "processed_tokens": 1843, "seconds": 2.0738471522927284, "peak_memory_bytes": 10175860736, "segment_file": "segment_eff9c69a03d245278e5fc3c26605e8e8.jsonl", "segment_line": 63}
{"step": 208, "row_indices": [20, 206, 305, 484, 316, 162, 460, 195, 63, 478, 459, 200, 500, 295, 219, 3], "learning_rate": 1.3819660112501054e-05, "response_nll": 0.08166891129320653, "gradient_norm": 0.46007397770881653, "supervised_tokens": 1036, "processed_tokens": 1836, "seconds": 2.052184261381626, "peak_memory_bytes": 10175860736, "segment_file": "segment_63d3d982c60f461eaf40c8a6cfa77670.jsonl", "segment_line": 15}
{"step": 224, "row_indices": [227, 136, 98, 371, 66, 183, 271, 194, 216, 157, 303, 8, 42, 424, 456, 296], "learning_rate": 1.1729090847147981e-05, "response_nll": 0.0791114493995431, "gradient_norm": 0.5207297205924988, "supervised_tokens": 1069, "processed_tokens": 1877, "seconds": 2.0940048061311245, "peak_memory_bytes": 10175860736, "segment_file": "segment_63d3d982c60f461eaf40c8a6cfa77670.jsonl", "segment_line": 31}
{"step": 240, "row_indices": [403, 248, 487, 341, 58, 213, 314, 469, 238, 75, 441, 152, 456, 371, 61, 15], "learning_rate": 1.0437047985323887e-05, "response_nll": 0.06638284551849213, "gradient_norm": 0.46312206983566284, "supervised_tokens": 1009, "processed_tokens": 1806, "seconds": 2.069916881620884, "peak_memory_bytes": 10175860736, "segment_file": "segment_63d3d982c60f461eaf40c8a6cfa77670.jsonl", "segment_line": 47}
{"step": 256, "row_indices": [500, 412, 77, 387, 361, 46, 349, 343, 86, 99, 85, 111, 93, 298, 429, 392], "learning_rate": 1e-05, "response_nll": 0.07748865524618542, "gradient_norm": 0.5167646408081055, "supervised_tokens": 1028, "processed_tokens": 1826, "seconds": 2.109370280057192, "peak_memory_bytes": 10175860736, "segment_file": "segment_63d3d982c60f461eaf40c8a6cfa77670.jsonl", "segment_line": 63}
{"step": 1, "row_indices": [367, 185, 28, 49, 23, 125, 453, 92, 458, 52, 340, 321, 202, 166, 167, 483], "learning_rate": 3.125e-06, "response_nll": 0.7300286054611206, "gradient_norm": 5.558596611022949, "supervised_tokens": 1040, "processed_tokens": 1847, "seconds": 2.063802320510149, "peak_memory_bytes": 10175860736, "segment_file": "segment_ff141dc271504a95a8397e117ca87c28.jsonl", "segment_line": 0}
{"step": 16, "row_indices": [240, 482, 289, 68, 67, 137, 401, 488, 138, 189, 293, 484, 511, 478, 203, 204], "learning_rate": 5e-05, "response_nll": 0.21216498501067158, "gradient_norm": 1.7692656517028809, "supervised_tokens": 1051, "processed_tokens": 1853, "seconds": 2.062248680740595, "peak_memory_bytes": 10175860736, "segment_file": "segment_ff141dc271504a95a8397e117ca87c28.jsonl", "segment_line": 15}
{"step": 32, "row_indices": [13, 469, 56, 142, 338, 276, 360, 361, 392, 89, 148, 187, 491, 155, 413, 424], "learning_rate": 4.9562952014676115e-05, "response_nll": 0.17537267489125066, "gradient_norm": 0.5641037821769714, "supervised_tokens": 1052, "processed_tokens": 1850, "seconds": 2.0754863061010838, "peak_memory_bytes": 10175860736, "segment_file": "segment_ff141dc271504a95a8397e117ca87c28.jsonl", "segment_line": 31}
{"step": 48, "row_indices": [471, 442, 255, 339, 347, 80, 165, 182, 35, 137, 63, 283, 71, 486, 147, 311], "learning_rate": 4.827090915285202e-05, "response_nll": 0.13504421117205273, "gradient_norm": 0.7383862733840942, "supervised_tokens": 1044, "processed_tokens": 1847, "seconds": 2.089427888393402, "peak_memory_bytes": 10175860736, "segment_file": "segment_ff141dc271504a95a8397e117ca87c28.jsonl", "segment_line": 47}
{"step": 64, "row_indices": [454, 234, 151, 245, 93, 252, 321, 250, 487, 101, 122, 171, 229, 338, 62, 185], "learning_rate": 4.618033988749895e-05, "response_nll": 0.11676914540732779, "gradient_norm": 0.3626318573951721, "supervised_tokens": 1025, "processed_tokens": 1827, "seconds": 2.076885424554348, "peak_memory_bytes": 10175860736, "segment_file": "segment_ff141dc271504a95a8397e117ca87c28.jsonl", "segment_line": 63}
{"step": 80, "row_indices": [397, 117, 88, 35, 66, 491, 173, 26, 504, 309, 90, 365, 506, 364, 283, 388], "learning_rate": 4.3382612127177165e-05, "response_nll": 0.10052843624725938, "gradient_norm": 0.39328914880752563, "supervised_tokens": 1024, "processed_tokens": 1820, "seconds": 2.1084461510181427, "peak_memory_bytes": 10175860736, "segment_file": "segment_0ccab87888db4d2bb448c1202e5b2abe.jsonl", "segment_line": 15}
{"step": 96, "row_indices": [55, 133, 304, 75, 299, 148, 270, 177, 201, 102, 261, 61, 266, 458, 401, 44], "learning_rate": 4e-05, "response_nll": 0.0867736311926358, "gradient_norm": 0.4104458689689636, "supervised_tokens": 1035, "processed_tokens": 1835, "seconds": 2.051862135529518, "peak_memory_bytes": 10175860736, "segment_file": "segment_0ccab87888db4d2bb448c1202e5b2abe.jsonl", "segment_line": 31}
{"step": 112, "row_indices": [462, 74, 232, 257, 215, 137, 414, 368, 100, 315, 63, 413, 134, 110, 403, 9], "learning_rate": 3.6180339887498953e-05, "response_nll": 0.09508245702619339, "gradient_norm": 0.4998205900192261, "supervised_tokens": 1029, "processed_tokens": 1832, "seconds": 2.1130997873842716, "peak_memory_bytes": 10175860736, "segment_file": "segment_0ccab87888db4d2bb448c1202e5b2abe.jsonl", "segment_line": 47}
{"step": 128, "row_indices": [38, 208, 210, 13, 86, 506, 293, 167, 446, 51, 463, 434, 325, 345, 133, 154], "learning_rate": 3.209056926535307e-05, "response_nll": 0.08190007291677344, "gradient_norm": 0.41680437326431274, "supervised_tokens": 1048, "processed_tokens": 1853, "seconds": 2.07572577893734, "peak_memory_bytes": 10175860736, "segment_file": "segment_0ccab87888db4d2bb448c1202e5b2abe.jsonl", "segment_line": 63}
{"batch_index": 0, "budget_used": 680, "completed_records": 8, "event": "evaluation_batch_committed", "name": "B-S_midpoint", "total_records": 24}
{"batch_index": 1, "budget_used": 688, "completed_records": 16, "event": "evaluation_batch_committed", "name": "B-S_midpoint", "total_records": 24}
{"batch_index": 2, "budget_used": 696, "completed_records": 24, "event": "evaluation_batch_committed", "name": "B-S_midpoint", "total_records": 24}
{"event": "B-S_midpoint", "status": "completed", "completed_records": 24, "cumulative_generations": 696, "disk_free_gib": 3.5242271423339844}
{"step": 144, "row_indices": [159, 179, 334, 272, 345, 453, 322, 152, 130, 15, 153, 139, 331, 146, 242, 250], "learning_rate": 2.7909430734646938e-05, "response_nll": 0.07997043564161901, "gradient_norm": 0.6841801404953003, "supervised_tokens": 1028, "processed_tokens": 1828, "seconds": 2.0728887990117073, "peak_memory_bytes": 10175860736, "segment_file": "segment_7c818f60b2ef401e96bd2dc3c10d4941.jsonl", "segment_line": 15}
{"step": 160, "row_indices": [258, 93, 262, 493, 413, 243, 405, 110, 431, 245, 144, 325, 510, 353, 214, 168], "learning_rate": 2.3819660112501055e-05, "response_nll": 0.07559626275214595, "gradient_norm": 0.5753725171089172, "supervised_tokens": 1035, "processed_tokens": 1835, "seconds": 2.0914440751075745, "peak_memory_bytes": 10175860736, "segment_file": "segment_7c818f60b2ef401e96bd2dc3c10d4941.jsonl", "segment_line": 31}
{"step": 176, "row_indices": [425, 421, 41, 453, 323, 265, 462, 170, 374, 461, 468, 224, 223, 342, 379, 258], "learning_rate": 2.0000000000000005e-05, "response_nll": 0.06575905574138627, "gradient_norm": 0.8203107118606567, "supervised_tokens": 1052, "processed_tokens": 1853, "seconds": 2.0357945561408997, "peak_memory_bytes": 10175860736, "segment_file": "segment_7c818f60b2ef401e96bd2dc3c10d4941.jsonl", "segment_line": 47}
{"step": 192, "row_indices": [118, 40, 455, 405, 176, 449, 333, 378, 61, 359, 94, 228, 313, 12, 124, 143], "learning_rate": 1.6617387872822843e-05, "response_nll": 0.06621290562469835, "gradient_norm": 0.6591825485229492, "supervised_tokens": 1038, "processed_tokens": 1840, "seconds": 2.0592680536210537, "peak_memory_bytes": 10175860736, "segment_file": "segment_7c818f60b2ef401e96bd2dc3c10d4941.jsonl", "segment_line": 63}
{"step": 208, "row_indices": [20, 206, 305, 484, 316, 162, 460, 195, 63, 478, 459, 200, 500, 295, 219, 3], "learning_rate": 1.3819660112501054e-05, "response_nll": 0.05148884503878364, "gradient_norm": 0.814830482006073, "supervised_tokens": 1032, "processed_tokens": 1832, "seconds": 2.0647039860486984, "peak_memory_bytes": 10175860736, "segment_file": "segment_57233fc36b9a4905aac4cab2b0159390.jsonl", "segment_line": 15}
{"step": 224, "row_indices": [227, 136, 98, 371, 66, 183, 271, 194, 216, 157, 303, 8, 42, 424, 456, 296], "learning_rate": 1.1729090847147981e-05, "response_nll": 0.050154150035546824, "gradient_norm": 0.7663945555686951, "supervised_tokens": 1066, "processed_tokens": 1874, "seconds": 2.0510735251009464, "peak_memory_bytes": 10175860736, "segment_file": "segment_57233fc36b9a4905aac4cab2b0159390.jsonl", "segment_line": 31}
{"step": 240, "row_indices": [403, 248, 487, 341, 58, 213, 314, 469, 238, 75, 441, 152, 456, 371, 61, 15], "learning_rate": 1.0437047985323887e-05, "response_nll": 0.03819401025061811, "gradient_norm": 0.587597131729126, "supervised_tokens": 1007, "processed_tokens": 1804, "seconds": 2.046468261629343, "peak_memory_bytes": 10175860736, "segment_file": "segment_57233fc36b9a4905aac4cab2b0159390.jsonl", "segment_line": 47}
{"step": 256, "row_indices": [500, 412, 77, 387, 361, 46, 349, 343, 86, 99, 85, 111, 93, 298, 429, 392], "learning_rate": 1e-05, "response_nll": 0.04724563555220666, "gradient_norm": 0.7948166131973267, "supervised_tokens": 1027, "processed_tokens": 1825, "seconds": 2.1237627789378166, "peak_memory_bytes": 10175860736, "segment_file": "segment_57233fc36b9a4905aac4cab2b0159390.jsonl", "segment_line": 63}
{"step": 1, "row_indices": [367, 185, 28, 49, 23, 125, 453, 92, 458, 52, 340, 321, 202, 166, 167, 483], "learning_rate": 3.125e-06, "response_nll": 0.6859238049063806, "gradient_norm": 5.236355304718018, "supervised_tokens": 1039, "processed_tokens": 1846, "seconds": 2.1031577102839947, "peak_memory_bytes": 10175860736, "segment_file": "segment_af84f9bd2feb44d1abc9c19d1efe7a16.jsonl", "segment_line": 0}
{"step": 16, "row_indices": [240, 482, 289, 68, 67, 137, 401, 488, 138, 189, 293, 484, 511, 478, 203, 204], "learning_rate": 5e-05, "response_nll": 0.21664902519840765, "gradient_norm": 1.061154842376709, "supervised_tokens": 1055, "processed_tokens": 1857, "seconds": 2.0898923575878143, "peak_memory_bytes": 10175860736, "segment_file": "segment_af84f9bd2feb44d1abc9c19d1efe7a16.jsonl", "segment_line": 15}
{"step": 32, "row_indices": [13, 469, 56, 142, 338, 276, 360, 361, 392, 89, 148, 187, 491, 155, 413, 424], "learning_rate": 4.9562952014676115e-05, "response_nll": 0.1556240956140522, "gradient_norm": 0.37837204337120056, "supervised_tokens": 1046, "processed_tokens": 1844, "seconds": 2.0432728342711926, "peak_memory_bytes": 10175860736, "segment_file": "segment_af84f9bd2feb44d1abc9c19d1efe7a16.jsonl", "segment_line": 31}
{"step": 48, "row_indices": [471, 442, 255, 339, 347, 80, 165, 182, 35, 137, 63, 283, 71, 486, 147, 311], "learning_rate": 4.827090915285202e-05, "response_nll": 0.12277350668490333, "gradient_norm": 0.5382285118103027, "supervised_tokens": 1041, "processed_tokens": 1844, "seconds": 2.06553965061903, "peak_memory_bytes": 10175860736, "segment_file": "segment_af84f9bd2feb44d1abc9c19d1efe7a16.jsonl", "segment_line": 47}
{"step": 64, "row_indices": [454, 234, 151, 245, 93, 252, 321, 250, 487, 101, 122, 171, 229, 338, 62, 185], "learning_rate": 4.618033988749895e-05, "response_nll": 0.12216859176128607, "gradient_norm": 0.44386136531829834, "supervised_tokens": 1023, "processed_tokens": 1825, "seconds": 2.072348702698946, "peak_memory_bytes": 10175860736, "segment_file": "segment_af84f9bd2feb44d1abc9c19d1efe7a16.jsonl", "segment_line": 63}
{"step": 80, "row_indices": [397, 117, 88, 35, 66, 491, 173, 26, 504, 309, 90, 365, 506, 364, 283, 388], "learning_rate": 4.3382612127177165e-05, "response_nll": 0.10812177358301309, "gradient_norm": 0.486975759267807, "supervised_tokens": 1018, "processed_tokens": 1814, "seconds": 2.089868113398552, "peak_memory_bytes": 10175860736, "segment_file": "segment_f1430d360e7b473391e5123d103ed2b9.jsonl", "segment_line": 15}
{"step": 96, "row_indices": [55, 133, 304, 75, 299, 148, 270, 177, 201, 102, 261, 61, 266, 458, 401, 44], "learning_rate": 4e-05, "response_nll": 0.09958199085757452, "gradient_norm": 0.47785231471061707, "supervised_tokens": 1038, "processed_tokens": 1838, "seconds": 2.078235685825348, "peak_memory_bytes": 10175860736, "segment_file": "segment_f1430d360e7b473391e5123d103ed2b9.jsonl", "segment_line": 31}
{"step": 112, "row_indices": [462, 74, 232, 257, 215, 137, 414, 368, 100, 315, 63, 413, 134, 110, 403, 9], "learning_rate": 3.6180339887498953e-05, "response_nll": 0.09765027472116415, "gradient_norm": 0.3408719301223755, "supervised_tokens": 1030, "processed_tokens": 1833, "seconds": 2.0969913713634014, "peak_memory_bytes": 10175860736, "segment_file": "segment_f1430d360e7b473391e5123d103ed2b9.jsonl", "segment_line": 47}
{"step": 128, "row_indices": [38, 208, 210, 13, 86, 506, 293, 167, 446, 51, 463, 434, 325, 345, 133, 154], "learning_rate": 3.209056926535307e-05, "response_nll": 0.09663181723529146, "gradient_norm": 0.43411150574684143, "supervised_tokens": 1048, "processed_tokens": 1853, "seconds": 2.0766181498765945, "peak_memory_bytes": 10175860736, "segment_file": "segment_f1430d360e7b473391e5123d103ed2b9.jsonl", "segment_line": 63}
{"batch_index": 0, "budget_used": 704, "completed_records": 8, "event": "evaluation_batch_committed", "name": "B-P_midpoint", "total_records": 24}
{"batch_index": 1, "budget_used": 712, "completed_records": 16, "event": "evaluation_batch_committed", "name": "B-P_midpoint", "total_records": 24}
{"batch_index": 2, "budget_used": 720, "completed_records": 24, "event": "evaluation_batch_committed", "name": "B-P_midpoint", "total_records": 24}
{"event": "B-P_midpoint", "status": "completed", "completed_records": 24, "cumulative_generations": 720, "disk_free_gib": 3.040618896484375}
{"step": 144, "row_indices": [159, 179, 334, 272, 345, 453, 322, 152, 130, 15, 153, 139, 331, 146, 242, 250], "learning_rate": 2.7909430734646938e-05, "response_nll": 0.09043342505232092, "gradient_norm": 0.515027642250061, "supervised_tokens": 1031, "processed_tokens": 1831, "seconds": 2.175565231591463, "peak_memory_bytes": 10175860736, "segment_file": "segment_41b916c813464c7faa957a56f9ca29c2.jsonl", "segment_line": 15}
{"step": 160, "row_indices": [258, 93, 262, 493, 413, 243, 405, 110, 431, 245, 144, 325, 510, 353, 214, 168], "learning_rate": 2.3819660112501055e-05, "response_nll": 0.09745560724001665, "gradient_norm": 0.4874720871448517, "supervised_tokens": 1040, "processed_tokens": 1840, "seconds": 2.0548750907182693, "peak_memory_bytes": 10175860736, "segment_file": "segment_41b916c813464c7faa957a56f9ca29c2.jsonl", "segment_line": 31}
{"step": 176, "row_indices": [425, 421, 41, 453, 323, 265, 462, 170, 374, 461, 468, 224, 223, 342, 379, 258], "learning_rate": 2.0000000000000005e-05, "response_nll": 0.08674498015043268, "gradient_norm": 0.4109683036804199, "supervised_tokens": 1045, "processed_tokens": 1846, "seconds": 2.0570538602769375, "peak_memory_bytes": 10175860736, "segment_file": "segment_41b916c813464c7faa957a56f9ca29c2.jsonl", "segment_line": 47}
{"step": 192, "row_indices": [118, 40, 455, 405, 176, 449, 333, 378, 61, 359, 94, 228, 313, 12, 124, 143], "learning_rate": 1.6617387872822843e-05, "response_nll": 0.09333166082127523, "gradient_norm": 0.4204155504703522, "supervised_tokens": 1041, "processed_tokens": 1843, "seconds": 2.1128751672804356, "peak_memory_bytes": 10175860736, "segment_file": "segment_41b916c813464c7faa957a56f9ca29c2.jsonl", "segment_line": 63}
{"step": 208, "row_indices": [20, 206, 305, 484, 316, 162, 460, 195, 63, 478, 459, 200, 500, 295, 219, 3], "learning_rate": 1.3819660112501054e-05, "response_nll": 0.08048467815612734, "gradient_norm": 0.5186683535575867, "supervised_tokens": 1036, "processed_tokens": 1836, "seconds": 2.0416386611759663, "peak_memory_bytes": 10175860736, "segment_file": "segment_ab4f756250694b36bd32c311e7cc47e8.jsonl", "segment_line": 15}
{"step": 224, "row_indices": [227, 136, 98, 371, 66, 183, 271, 194, 216, 157, 303, 8, 42, 424, 456, 296], "learning_rate": 1.1729090847147981e-05, "response_nll": 0.07896429250126581, "gradient_norm": 0.5274954438209534, "supervised_tokens": 1069, "processed_tokens": 1877, "seconds": 2.081119466573, "peak_memory_bytes": 10175860736, "segment_file": "segment_ab4f756250694b36bd32c311e7cc47e8.jsonl", "segment_line": 31}
{"step": 240, "row_indices": [403, 248, 487, 341, 58, 213, 314, 469, 238, 75, 441, 152, 456, 371, 61, 15], "learning_rate": 1.0437047985323887e-05, "response_nll": 0.06707486926741359, "gradient_norm": 0.47660303115844727, "supervised_tokens": 1009, "processed_tokens": 1806, "seconds": 2.1087152771651745, "peak_memory_bytes": 10175860736, "segment_file": "segment_ab4f756250694b36bd32c311e7cc47e8.jsonl", "segment_line": 47}
{"step": 256, "row_indices": [500, 412, 77, 387, 361, 46, 349, 343, 86, 99, 85, 111, 93, 298, 429, 392], "learning_rate": 1e-05, "response_nll": 0.07652644146277283, "gradient_norm": 0.5224151015281677, "supervised_tokens": 1028, "processed_tokens": 1826, "seconds": 2.0565031096339226, "peak_memory_bytes": 10175860736, "segment_file": "segment_ab4f756250694b36bd32c311e7cc47e8.jsonl", "segment_line": 63}
{"batch_index": 1, "budget_used": 728, "completed_records": 16, "event": "evaluation_batch_committed", "name": "C_probes", "total_records": 384}
{"batch_index": 2, "budget_used": 736, "completed_records": 24, "event": "evaluation_batch_committed", "name": "C_probes", "total_records": 384}
{"batch_index": 3, "budget_used": 744, "completed_records": 32, "event": "evaluation_batch_committed", "name": "C_probes", "total_records": 384}
{"batch_index": 4, "budget_used": 752, "completed_records": 40, "event": "evaluation_batch_committed", "name": "C_probes", "total_records": 384}
{"batch_index": 5, "budget_used": 760, "completed_records": 48, "event": "evaluation_batch_committed", "name": "C_probes", "total_records": 384}
{"batch_index": 6, "budget_used": 768, "completed_records": 56, "event": "evaluation_batch_committed", "name": "C_probes", "total_records": 384}
{"batch_index": 7, "budget_used": 776, "completed_records": 64, "event": "evaluation_batch_committed", "name": "C_probes", "total_records": 384}
{"batch_index": 8, "budget_used": 784, "completed_records": 72, "event": "evaluation_batch_committed", "name": "C_probes", "total_records": 384}
{"batch_index": 9, "budget_used": 792, "completed_records": 80, "event": "evaluation_batch_committed", "name": "C_probes", "total_records": 384}
{"batch_index": 10, "budget_used": 800, "completed_records": 88, "event": "evaluation_batch_committed", "name": "C_probes", "total_records": 384}
{"batch_index": 11, "budget_used": 808, "completed_records": 96, "event": "evaluation_batch_committed", "name": "C_probes", "total_records": 384}
{"batch_index": 12, "budget_used": 816, "completed_records": 104, "event": "evaluation_batch_committed", "name": "C_probes", "total_records": 384}
{"batch_index": 13, "budget_used": 824, "completed_records": 112, "event": "evaluation_batch_committed", "name": "C_probes", "total_records": 384}
{"batch_index": 14, "budget_used": 832, "completed_records": 120, "event": "evaluation_batch_committed", "name": "C_probes", "total_records": 384}
{"batch_index": 15, "budget_used": 840, "completed_records": 128, "event": "evaluation_batch_committed", "name": "C_probes", "total_records": 384}
{"batch_index": 16, "budget_used": 848, "completed_records": 136, "event": "evaluation_batch_committed", "name": "C_probes", "total_records": 384}
{"batch_index": 17, "budget_used": 856, "completed_records": 144, "event": "evaluation_batch_committed", "name": "C_probes", "total_records": 384}
{"batch_index": 18, "budget_used": 864, "completed_records": 152, "event": "evaluation_batch_committed", "name": "C_probes", "total_records": 384}
{"batch_index": 19, "budget_used": 872, "completed_records": 160, "event": "evaluation_batch_committed", "name": "C_probes", "total_records": 384}
{"batch_index": 20, "budget_used": 880, "completed_records": 168, "event": "evaluation_batch_committed", "name": "C_probes", "total_records": 384}
{"batch_index": 21, "budget_used": 888, "completed_records": 176, "event": "evaluation_batch_committed", "name": "C_probes", "total_records": 384}
{"batch_index": 22, "budget_used": 896, "completed_records": 184, "event": "evaluation_batch_committed", "name": "C_probes", "total_records": 384}
{"batch_index": 23, "budget_used": 904, "completed_records": 192, "event": "evaluation_batch_committed", "name": "C_probes", "total_records": 384}
{"batch_index": 24, "budget_used": 912, "completed_records": 200, "event": "evaluation_batch_committed", "name": "C_probes", "total_records": 384}
{"batch_index": 25, "budget_used": 920, "completed_records": 208, "event": "evaluation_batch_committed", "name": "C_probes", "total_records": 384}
{"batch_index": 26, "budget_used": 928, "completed_records": 216, "event": "evaluation_batch_committed", "name": "C_probes", "total_records": 384}
{"batch_index": 27, "budget_used": 936, "completed_records": 224, "event": "evaluation_batch_committed", "name": "C_probes", "total_records": 384}
{"batch_index": 28, "budget_used": 944, "completed_records": 232, "event": "evaluation_batch_committed", "name": "C_probes", "total_records": 384}
{"batch_index": 29, "budget_used": 952, "completed_records": 240, "event": "evaluation_batch_committed", "name": "C_probes", "total_records": 384}
{"batch_index": 30, "budget_used": 960, "completed_records": 248, "event": "evaluation_batch_committed", "name": "C_probes", "total_records": 384}
{"batch_index": 31, "budget_used": 968, "completed_records": 256, "event": "evaluation_batch_committed", "name": "C_probes", "total_records": 384}
{"batch_index": 32, "budget_used": 976, "completed_records": 264, "event": "evaluation_batch_committed", "name": "C_probes", "total_records": 384}
{"batch_index": 33, "budget_used": 984, "completed_records": 272, "event": "evaluation_batch_committed", "name": "C_probes", "total_records": 384}
{"batch_index": 34, "budget_used": 992, "completed_records": 280, "event": "evaluation_batch_committed", "name": "C_probes", "total_records": 384}
{"batch_index": 35, "budget_used": 1000, "completed_records": 288, "event": "evaluation_batch_committed", "name": "C_probes", "total_records": 384}
{"batch_index": 36, "budget_used": 1008, "completed_records": 296, "event": "evaluation_batch_committed", "name": "C_probes", "total_records": 384}
{"batch_index": 37, "budget_used": 1016, "completed_records": 304, "event": "evaluation_batch_committed", "name": "C_probes", "total_records": 384}
{"batch_index": 38, "budget_used": 1024, "completed_records": 312, "event": "evaluation_batch_committed", "name": "C_probes", "total_records": 384}
{"batch_index": 39, "budget_used": 1032, "completed_records": 320, "event": "evaluation_batch_committed", "name": "C_probes", "total_records": 384}
{"batch_index": 40, "budget_used": 1040, "completed_records": 328, "event": "evaluation_batch_committed", "name": "C_probes", "total_records": 384}
{"batch_index": 41, "budget_used": 1048, "completed_records": 336, "event": "evaluation_batch_committed", "name": "C_probes", "total_records": 384}
{"batch_index": 42, "budget_used": 1056, "completed_records": 344, "event": "evaluation_batch_committed", "name": "C_probes", "total_records": 384}
{"batch_index": 43, "budget_used": 1064, "completed_records": 352, "event": "evaluation_batch_committed", "name": "C_probes", "total_records": 384}
{"batch_index": 44, "budget_used": 1072, "completed_records": 360, "event": "evaluation_batch_committed", "name": "C_probes", "total_records": 384}
{"batch_index": 45, "budget_used": 1080, "completed_records": 368, "event": "evaluation_batch_committed", "name": "C_probes", "total_records": 384}
{"batch_index": 46, "budget_used": 1088, "completed_records": 376, "event": "evaluation_batch_committed", "name": "C_probes", "total_records": 384}
{"batch_index": 47, "budget_used": 1096, "completed_records": 384, "event": "evaluation_batch_committed", "name": "C_probes", "total_records": 384}
{"event": "C_probes", "status": "completed", "completed_records": 384, "cumulative_generations": 1096, "disk_free_gib": 2.9643211364746094}
{"batch_index": 1, "budget_used": 1104, "completed_records": 16, "event": "evaluation_batch_committed", "name": "B_probes", "total_records": 384}
{"batch_index": 2, "budget_used": 1112, "completed_records": 24, "event": "evaluation_batch_committed", "name": "B_probes", "total_records": 384}
{"batch_index": 3, "budget_used": 1120, "completed_records": 32, "event": "evaluation_batch_committed", "name": "B_probes", "total_records": 384}
{"batch_index": 4, "budget_used": 1128, "completed_records": 40, "event": "evaluation_batch_committed", "name": "B_probes", "total_records": 384}
{"batch_index": 5, "budget_used": 1136, "completed_records": 48, "event": "evaluation_batch_committed", "name": "B_probes", "total_records": 384}
{"batch_index": 6, "budget_used": 1144, "completed_records": 56, "event": "evaluation_batch_committed", "name": "B_probes", "total_records": 384}
{"batch_index": 7, "budget_used": 1152, "completed_records": 64, "event": "evaluation_batch_committed", "name": "B_probes", "total_records": 384}
{"batch_index": 8, "budget_used": 1160, "completed_records": 72, "event": "evaluation_batch_committed", "name": "B_probes", "total_records": 384}
{"batch_index": 9, "budget_used": 1168, "completed_records": 80, "event": "evaluation_batch_committed", "name": "B_probes", "total_records": 384}
{"batch_index": 10, "budget_used": 1176, "completed_records": 88, "event": "evaluation_batch_committed", "name": "B_probes", "total_records": 384}
{"batch_index": 11, "budget_used": 1184, "completed_records": 96, "event": "evaluation_batch_committed", "name": "B_probes", "total_records": 384}
{"batch_index": 12, "budget_used": 1192, "completed_records": 104, "event": "evaluation_batch_committed", "name": "B_probes", "total_records": 384}
{"batch_index": 13, "budget_used": 1200, "completed_records": 112, "event": "evaluation_batch_committed", "name": "B_probes", "total_records": 384}
{"batch_index": 14, "budget_used": 1208, "completed_records": 120, "event": "evaluation_batch_committed", "name": "B_probes", "total_records": 384}
{"batch_index": 15, "budget_used": 1216, "completed_records": 128, "event": "evaluation_batch_committed", "name": "B_probes", "total_records": 384}
{"batch_index": 16, "budget_used": 1224, "completed_records": 136, "event": "evaluation_batch_committed", "name": "B_probes", "total_records": 384}
{"batch_index": 17, "budget_used": 1232, "completed_records": 144, "event": "evaluation_batch_committed", "name": "B_probes", "total_records": 384}
{"batch_index": 18, "budget_used": 1240, "completed_records": 152, "event": "evaluation_batch_committed", "name": "B_probes", "total_records": 384}
{"batch_index": 19, "budget_used": 1248, "completed_records": 160, "event": "evaluation_batch_committed", "name": "B_probes", "total_records": 384}
{"batch_index": 20, "budget_used": 1256, "completed_records": 168, "event": "evaluation_batch_committed", "name": "B_probes", "total_records": 384}
{"batch_index": 21, "budget_used": 1264, "completed_records": 176, "event": "evaluation_batch_committed", "name": "B_probes", "total_records": 384}
{"batch_index": 22, "budget_used": 1272, "completed_records": 184, "event": "evaluation_batch_committed", "name": "B_probes", "total_records": 384}
{"batch_index": 23, "budget_used": 1280, "completed_records": 192, "event": "evaluation_batch_committed", "name": "B_probes", "total_records": 384}
{"batch_index": 24, "budget_used": 1288, "completed_records": 200, "event": "evaluation_batch_committed", "name": "B_probes", "total_records": 384}
{"batch_index": 25, "budget_used": 1296, "completed_records": 208, "event": "evaluation_batch_committed", "name": "B_probes", "total_records": 384}
{"batch_index": 26, "budget_used": 1304, "completed_records": 216, "event": "evaluation_batch_committed", "name": "B_probes", "total_records": 384}
{"batch_index": 27, "budget_used": 1312, "completed_records": 224, "event": "evaluation_batch_committed", "name": "B_probes", "total_records": 384}
{"batch_index": 28, "budget_used": 1320, "completed_records": 232, "event": "evaluation_batch_committed", "name": "B_probes", "total_records": 384}
{"batch_index": 29, "budget_used": 1328, "completed_records": 240, "event": "evaluation_batch_committed", "name": "B_probes", "total_records": 384}
{"batch_index": 30, "budget_used": 1336, "completed_records": 248, "event": "evaluation_batch_committed", "name": "B_probes", "total_records": 384}
{"batch_index": 31, "budget_used": 1344, "completed_records": 256, "event": "evaluation_batch_committed", "name": "B_probes", "total_records": 384}
{"batch_index": 32, "budget_used": 1352, "completed_records": 264, "event": "evaluation_batch_committed", "name": "B_probes", "total_records": 384}
{"batch_index": 33, "budget_used": 1360, "completed_records": 272, "event": "evaluation_batch_committed", "name": "B_probes", "total_records": 384}
{"batch_index": 34, "budget_used": 1368, "completed_records": 280, "event": "evaluation_batch_committed", "name": "B_probes", "total_records": 384}
{"batch_index": 35, "budget_used": 1376, "completed_records": 288, "event": "evaluation_batch_committed", "name": "B_probes", "total_records": 384}
{"batch_index": 36, "budget_used": 1384, "completed_records": 296, "event": "evaluation_batch_committed", "name": "B_probes", "total_records": 384}
{"batch_index": 37, "budget_used": 1392, "completed_records": 304, "event": "evaluation_batch_committed", "name": "B_probes", "total_records": 384}
{"batch_index": 38, "budget_used": 1400, "completed_records": 312, "event": "evaluation_batch_committed", "name": "B_probes", "total_records": 384}
{"batch_index": 39, "budget_used": 1408, "completed_records": 320, "event": "evaluation_batch_committed", "name": "B_probes", "total_records": 384}
{"batch_index": 40, "budget_used": 1416, "completed_records": 328, "event": "evaluation_batch_committed", "name": "B_probes", "total_records": 384}
{"batch_index": 41, "budget_used": 1424, "completed_records": 336, "event": "evaluation_batch_committed", "name": "B_probes", "total_records": 384}
{"batch_index": 42, "budget_used": 1432, "completed_records": 344, "event": "evaluation_batch_committed", "name": "B_probes", "total_records": 384}
{"batch_index": 43, "budget_used": 1440, "completed_records": 352, "event": "evaluation_batch_committed", "name": "B_probes", "total_records": 384}
{"batch_index": 44, "budget_used": 1448, "completed_records": 360, "event": "evaluation_batch_committed", "name": "B_probes", "total_records": 384}
{"batch_index": 45, "budget_used": 1456, "completed_records": 368, "event": "evaluation_batch_committed", "name": "B_probes", "total_records": 384}
{"batch_index": 46, "budget_used": 1464, "completed_records": 376, "event": "evaluation_batch_committed", "name": "B_probes", "total_records": 384}
{"batch_index": 47, "budget_used": 1472, "completed_records": 384, "event": "evaluation_batch_committed", "name": "B_probes", "total_records": 384}
{"event": "B_probes", "status": "completed", "completed_records": 384, "cumulative_generations": 1472, "disk_free_gib": 2.957408905029297}
{"batch_index": 1, "budget_used": 1480, "completed_records": 16, "event": "evaluation_batch_committed", "name": "C_discovery_sampled", "total_records": 384}
{"batch_index": 2, "budget_used": 1488, "completed_records": 24, "event": "evaluation_batch_committed", "name": "C_discovery_sampled", "total_records": 384}
{"batch_index": 3, "budget_used": 1496, "completed_records": 32, "event": "evaluation_batch_committed", "name": "C_discovery_sampled", "total_records": 384}
{"batch_index": 4, "budget_used": 1504, "completed_records": 40, "event": "evaluation_batch_committed", "name": "C_discovery_sampled", "total_records": 384}
{"batch_index": 5, "budget_used": 1512, "completed_records": 48, "event": "evaluation_batch_committed", "name": "C_discovery_sampled", "total_records": 384}
{"batch_index": 6, "budget_used": 1520, "completed_records": 56, "event": "evaluation_batch_committed", "name": "C_discovery_sampled", "total_records": 384}
{"batch_index": 7, "budget_used": 1528, "completed_records": 64, "event": "evaluation_batch_committed", "name": "C_discovery_sampled", "total_records": 384}
{"batch_index": 8, "budget_used": 1536, "completed_records": 72, "event": "evaluation_batch_committed", "name": "C_discovery_sampled", "total_records": 384}
{"batch_index": 9, "budget_used": 1544, "completed_records": 80, "event": "evaluation_batch_committed", "name": "C_discovery_sampled", "total_records": 384}
{"batch_index": 10, "budget_used": 1552, "completed_records": 88, "event": "evaluation_batch_committed", "name": "C_discovery_sampled", "total_records": 384}
{"batch_index": 11, "budget_used": 1560, "completed_records": 96, "event": "evaluation_batch_committed", "name": "C_discovery_sampled", "total_records": 384}
{"batch_index": 12, "budget_used": 1568, "completed_records": 104, "event": "evaluation_batch_committed", "name": "C_discovery_sampled", "total_records": 384}
{"batch_index": 13, "budget_used": 1576, "completed_records": 112, "event": "evaluation_batch_committed", "name": "C_discovery_sampled", "total_records": 384}
{"batch_index": 14, "budget_used": 1584, "completed_records": 120, "event": "evaluation_batch_committed", "name": "C_discovery_sampled", "total_records": 384}
{"batch_index": 15, "budget_used": 1592, "completed_records": 128, "event": "evaluation_batch_committed", "name": "C_discovery_sampled", "total_records": 384}
{"batch_index": 16, "budget_used": 1600, "completed_records": 136, "event": "evaluation_batch_committed", "name": "C_discovery_sampled", "total_records": 384}
{"batch_index": 17, "budget_used": 1608, "completed_records": 144, "event": "evaluation_batch_committed", "name": "C_discovery_sampled", "total_records": 384}
{"batch_index": 18, "budget_used": 1616, "completed_records": 152, "event": "evaluation_batch_committed", "name": "C_discovery_sampled", "total_records": 384}
{"batch_index": 19, "budget_used": 1624, "completed_records": 160, "event": "evaluation_batch_committed", "name": "C_discovery_sampled", "total_records": 384}
{"batch_index": 20, "budget_used": 1632, "completed_records": 168, "event": "evaluation_batch_committed", "name": "C_discovery_sampled", "total_records": 384}
{"batch_index": 21, "budget_used": 1640, "completed_records": 176, "event": "evaluation_batch_committed", "name": "C_discovery_sampled", "total_records": 384}
{"batch_index": 22, "budget_used": 1648, "completed_records": 184, "event": "evaluation_batch_committed", "name": "C_discovery_sampled", "total_records": 384}
{"batch_index": 23, "budget_used": 1656, "completed_records": 192, "event": "evaluation_batch_committed", "name": "C_discovery_sampled", "total_records": 384}
{"batch_index": 24, "budget_used": 1664, "completed_records": 200, "event": "evaluation_batch_committed", "name": "C_discovery_sampled", "total_records": 384}
{"batch_index": 25, "budget_used": 1672, "completed_records": 208, "event": "evaluation_batch_committed", "name": "C_discovery_sampled", "total_records": 384}
{"batch_index": 26, "budget_used": 1680, "completed_records": 216, "event": "evaluation_batch_committed", "name": "C_discovery_sampled", "total_records": 384}
{"batch_index": 27, "budget_used": 1688, "completed_records": 224, "event": "evaluation_batch_committed", "name": "C_discovery_sampled", "total_records": 384}
{"batch_index": 28, "budget_used": 1696, "completed_records": 232, "event": "evaluation_batch_committed", "name": "C_discovery_sampled", "total_records": 384}
{"batch_index": 29, "budget_used": 1704, "completed_records": 240, "event": "evaluation_batch_committed", "name": "C_discovery_sampled", "total_records": 384}
{"batch_index": 30, "budget_used": 1712, "completed_records": 248, "event": "evaluation_batch_committed", "name": "C_discovery_sampled", "total_records": 384}
{"batch_index": 31, "budget_used": 1720, "completed_records": 256, "event": "evaluation_batch_committed", "name": "C_discovery_sampled", "total_records": 384}
{"batch_index": 32, "budget_used": 1728, "completed_records": 264, "event": "evaluation_batch_committed", "name": "C_discovery_sampled", "total_records": 384}
{"batch_index": 33, "budget_used": 1736, "completed_records": 272, "event": "evaluation_batch_committed", "name": "C_discovery_sampled", "total_records": 384}
{"batch_index": 34, "budget_used": 1744, "completed_records": 280, "event": "evaluation_batch_committed", "name": "C_discovery_sampled", "total_records": 384}
{"batch_index": 35, "budget_used": 1752, "completed_records": 288, "event": "evaluation_batch_committed", "name": "C_discovery_sampled", "total_records": 384}
{"batch_index": 36, "budget_used": 1760, "completed_records": 296, "event": "evaluation_batch_committed", "name": "C_discovery_sampled", "total_records": 384}
{"batch_index": 37, "budget_used": 1768, "completed_records": 304, "event": "evaluation_batch_committed", "name": "C_discovery_sampled", "total_records": 384}
{"batch_index": 38, "budget_used": 1776, "completed_records": 312, "event": "evaluation_batch_committed", "name": "C_discovery_sampled", "total_records": 384}
{"batch_index": 39, "budget_used": 1784, "completed_records": 320, "event": "evaluation_batch_committed", "name": "C_discovery_sampled", "total_records": 384}
{"batch_index": 40, "budget_used": 1792, "completed_records": 328, "event": "evaluation_batch_committed", "name": "C_discovery_sampled", "total_records": 384}
{"batch_index": 41, "budget_used": 1800, "completed_records": 336, "event": "evaluation_batch_committed", "name": "C_discovery_sampled", "total_records": 384}
{"batch_index": 42, "budget_used": 1808, "completed_records": 344, "event": "evaluation_batch_committed", "name": "C_discovery_sampled", "total_records": 384}
{"batch_index": 43, "budget_used": 1816, "completed_records": 352, "event": "evaluation_batch_committed", "name": "C_discovery_sampled", "total_records": 384}
{"batch_index": 44, "budget_used": 1824, "completed_records": 360, "event": "evaluation_batch_committed", "name": "C_discovery_sampled", "total_records": 384}
{"batch_index": 45, "budget_used": 1832, "completed_records": 368, "event": "evaluation_batch_committed", "name": "C_discovery_sampled", "total_records": 384}
{"batch_index": 46, "budget_used": 1840, "completed_records": 376, "event": "evaluation_batch_committed", "name": "C_discovery_sampled", "total_records": 384}
{"batch_index": 47, "budget_used": 1848, "completed_records": 384, "event": "evaluation_batch_committed", "name": "C_discovery_sampled", "total_records": 384}
{"event": "C_discovery_sampled", "status": "completed", "completed_records": 384, "cumulative_generations": 1848, "disk_free_gib": 2.9497222900390625}
{"batch_index": 0, "budget_used": 1856, "completed_records": 8, "event": "evaluation_batch_committed", "name": "C_discovery_greedy", "total_records": 96}
{"batch_index": 1, "budget_used": 1864, "completed_records": 16, "event": "evaluation_batch_committed", "name": "C_discovery_greedy", "total_records": 96}
{"batch_index": 2, "budget_used": 1872, "completed_records": 24, "event": "evaluation_batch_committed", "name": "C_discovery_greedy", "total_records": 96}
{"batch_index": 3, "budget_used": 1880, "completed_records": 32, "event": "evaluation_batch_committed", "name": "C_discovery_greedy", "total_records": 96}
{"batch_index": 4, "budget_used": 1888, "completed_records": 40, "event": "evaluation_batch_committed", "name": "C_discovery_greedy", "total_records": 96}
{"batch_index": 5, "budget_used": 1896, "completed_records": 48, "event": "evaluation_batch_committed", "name": "C_discovery_greedy", "total_records": 96}
{"batch_index": 6, "budget_used": 1904, "completed_records": 56, "event": "evaluation_batch_committed", "name": "C_discovery_greedy", "total_records": 96}
{"batch_index": 7, "budget_used": 1912, "completed_records": 64, "event": "evaluation_batch_committed", "name": "C_discovery_greedy", "total_records": 96}
{"batch_index": 8, "budget_used": 1920, "completed_records": 72, "event": "evaluation_batch_committed", "name": "C_discovery_greedy", "total_records": 96}
{"batch_index": 9, "budget_used": 1928, "completed_records": 80, "event": "evaluation_batch_committed", "name": "C_discovery_greedy", "total_records": 96}
{"batch_index": 10, "budget_used": 1936, "completed_records": 88, "event": "evaluation_batch_committed", "name": "C_discovery_greedy", "total_records": 96}
{"batch_index": 11, "budget_used": 1944, "completed_records": 96, "event": "evaluation_batch_committed", "name": "C_discovery_greedy", "total_records": 96}
{"event": "C_discovery_greedy", "status": "completed", "completed_records": 96, "cumulative_generations": 1944, "disk_free_gib": 2.9477081298828125}
{"batch_index": 1, "budget_used": 1952, "completed_records": 16, "event": "evaluation_batch_committed", "name": "B_discovery_sampled", "total_records": 384}
{"batch_index": 2, "budget_used": 1960, "completed_records": 24, "event": "evaluation_batch_committed", "name": "B_discovery_sampled", "total_records": 384}
{"batch_index": 3, "budget_used": 1968, "completed_records": 32, "event": "evaluation_batch_committed", "name": "B_discovery_sampled", "total_records": 384}
{"batch_index": 4, "budget_used": 1976, "completed_records": 40, "event": "evaluation_batch_committed", "name": "B_discovery_sampled", "total_records": 384}
{"batch_index": 5, "budget_used": 1984, "completed_records": 48, "event": "evaluation_batch_committed", "name": "B_discovery_sampled", "total_records": 384}
{"batch_index": 6, "budget_used": 1992, "completed_records": 56, "event": "evaluation_batch_committed", "name": "B_discovery_sampled", "total_records": 384}
{"batch_index": 7, "budget_used": 2000, "completed_records": 64, "event": "evaluation_batch_committed", "name": "B_discovery_sampled", "total_records": 384}
{"batch_index": 8, "budget_used": 2008, "completed_records": 72, "event": "evaluation_batch_committed", "name": "B_discovery_sampled", "total_records": 384}
{"batch_index": 9, "budget_used": 2016, "completed_records": 80, "event": "evaluation_batch_committed", "name": "B_discovery_sampled", "total_records": 384}
{"batch_index": 10, "budget_used": 2024, "completed_records": 88, "event": "evaluation_batch_committed", "name": "B_discovery_sampled", "total_records": 384}
{"batch_index": 11, "budget_used": 2032, "completed_records": 96, "event": "evaluation_batch_committed", "name": "B_discovery_sampled", "total_records": 384}
{"batch_index": 12, "budget_used": 2040, "completed_records": 104, "event": "evaluation_batch_committed", "name": "B_discovery_sampled", "total_records": 384}
{"batch_index": 13, "budget_used": 2048, "completed_records": 112, "event": "evaluation_batch_committed", "name": "B_discovery_sampled", "total_records": 384}
{"batch_index": 14, "budget_used": 2056, "completed_records": 120, "event": "evaluation_batch_committed", "name": "B_discovery_sampled", "total_records": 384}
{"batch_index": 15, "budget_used": 2064, "completed_records": 128, "event": "evaluation_batch_committed", "name": "B_discovery_sampled", "total_records": 384}
{"batch_index": 16, "budget_used": 2072, "completed_records": 136, "event": "evaluation_batch_committed", "name": "B_discovery_sampled", "total_records": 384}
{"batch_index": 17, "budget_used": 2080, "completed_records": 144, "event": "evaluation_batch_committed", "name": "B_discovery_sampled", "total_records": 384}
{"batch_index": 18, "budget_used": 2088, "completed_records": 152, "event": "evaluation_batch_committed", "name": "B_discovery_sampled", "total_records": 384}
{"batch_index": 19, "budget_used": 2096, "completed_records": 160, "event": "evaluation_batch_committed", "name": "B_discovery_sampled", "total_records": 384}
{"batch_index": 20, "budget_used": 2104, "completed_records": 168, "event": "evaluation_batch_committed", "name": "B_discovery_sampled", "total_records": 384}
{"batch_index": 21, "budget_used": 2112, "completed_records": 176, "event": "evaluation_batch_committed", "name": "B_discovery_sampled", "total_records": 384}
{"batch_index": 22, "budget_used": 2120, "completed_records": 184, "event": "evaluation_batch_committed", "name": "B_discovery_sampled", "total_records": 384}
{"batch_index": 23, "budget_used": 2128, "completed_records": 192, "event": "evaluation_batch_committed", "name": "B_discovery_sampled", "total_records": 384}
{"batch_index": 24, "budget_used": 2136, "completed_records": 200, "event": "evaluation_batch_committed", "name": "B_discovery_sampled", "total_records": 384}
{"batch_index": 25, "budget_used": 2144, "completed_records": 208, "event": "evaluation_batch_committed", "name": "B_discovery_sampled", "total_records": 384}
{"batch_index": 26, "budget_used": 2152, "completed_records": 216, "event": "evaluation_batch_committed", "name": "B_discovery_sampled", "total_records": 384}
{"batch_index": 27, "budget_used": 2160, "completed_records": 224, "event": "evaluation_batch_committed", "name": "B_discovery_sampled", "total_records": 384}
{"batch_index": 28, "budget_used": 2168, "completed_records": 232, "event": "evaluation_batch_committed", "name": "B_discovery_sampled", "total_records": 384}
{"batch_index": 29, "budget_used": 2176, "completed_records": 240, "event": "evaluation_batch_committed", "name": "B_discovery_sampled", "total_records": 384}
{"batch_index": 30, "budget_used": 2184, "completed_records": 248, "event": "evaluation_batch_committed", "name": "B_discovery_sampled", "total_records": 384}
{"batch_index": 31, "budget_used": 2192, "completed_records": 256, "event": "evaluation_batch_committed", "name": "B_discovery_sampled", "total_records": 384}
{"batch_index": 32, "budget_used": 2200, "completed_records": 264, "event": "evaluation_batch_committed", "name": "B_discovery_sampled", "total_records": 384}
{"batch_index": 33, "budget_used": 2208, "completed_records": 272, "event": "evaluation_batch_committed", "name": "B_discovery_sampled", "total_records": 384}
{"batch_index": 34, "budget_used": 2216, "completed_records": 280, "event": "evaluation_batch_committed", "name": "B_discovery_sampled", "total_records": 384}
{"batch_index": 35, "budget_used": 2224, "completed_records": 288, "event": "evaluation_batch_committed", "name": "B_discovery_sampled", "total_records": 384}
{"batch_index": 36, "budget_used": 2232, "completed_records": 296, "event": "evaluation_batch_committed", "name": "B_discovery_sampled", "total_records": 384}
{"batch_index": 37, "budget_used": 2240, "completed_records": 304, "event": "evaluation_batch_committed", "name": "B_discovery_sampled", "total_records": 384}
{"batch_index": 38, "budget_used": 2248, "completed_records": 312, "event": "evaluation_batch_committed", "name": "B_discovery_sampled", "total_records": 384}
{"batch_index": 39, "budget_used": 2256, "completed_records": 320, "event": "evaluation_batch_committed", "name": "B_discovery_sampled", "total_records": 384}
{"batch_index": 40, "budget_used": 2264, "completed_records": 328, "event": "evaluation_batch_committed", "name": "B_discovery_sampled", "total_records": 384}
{"batch_index": 41, "budget_used": 2272, "completed_records": 336, "event": "evaluation_batch_committed", "name": "B_discovery_sampled", "total_records": 384}
{"batch_index": 42, "budget_used": 2280, "completed_records": 344, "event": "evaluation_batch_committed", "name": "B_discovery_sampled", "total_records": 384}
{"batch_index": 43, "budget_used": 2288, "completed_records": 352, "event": "evaluation_batch_committed", "name": "B_discovery_sampled", "total_records": 384}
{"batch_index": 44, "budget_used": 2296, "completed_records": 360, "event": "evaluation_batch_committed", "name": "B_discovery_sampled", "total_records": 384}
{"batch_index": 45, "budget_used": 2304, "completed_records": 368, "event": "evaluation_batch_committed", "name": "B_discovery_sampled", "total_records": 384}
{"batch_index": 46, "budget_used": 2312, "completed_records": 376, "event": "evaluation_batch_committed", "name": "B_discovery_sampled", "total_records": 384}
{"batch_index": 47, "budget_used": 2320, "completed_records": 384, "event": "evaluation_batch_committed", "name": "B_discovery_sampled", "total_records": 384}
{"event": "B_discovery_sampled", "status": "completed", "completed_records": 384, "cumulative_generations": 2320, "disk_free_gib": 2.940013885498047}
{"batch_index": 0, "budget_used": 2328, "completed_records": 8, "event": "evaluation_batch_committed", "name": "B_discovery_greedy", "total_records": 96}
{"batch_index": 1, "budget_used": 2336, "completed_records": 16, "event": "evaluation_batch_committed", "name": "B_discovery_greedy", "total_records": 96}
{"batch_index": 2, "budget_used": 2344, "completed_records": 24, "event": "evaluation_batch_committed", "name": "B_discovery_greedy", "total_records": 96}
{"batch_index": 3, "budget_used": 2352, "completed_records": 32, "event": "evaluation_batch_committed", "name": "B_discovery_greedy", "total_records": 96}
{"batch_index": 4, "budget_used": 2360, "completed_records": 40, "event": "evaluation_batch_committed", "name": "B_discovery_greedy", "total_records": 96}
{"batch_index": 5, "budget_used": 2368, "completed_records": 48, "event": "evaluation_batch_committed", "name": "B_discovery_greedy", "total_records": 96}
{"batch_index": 6, "budget_used": 2376, "completed_records": 56, "event": "evaluation_batch_committed", "name": "B_discovery_greedy", "total_records": 96}
{"batch_index": 7, "budget_used": 2384, "completed_records": 64, "event": "evaluation_batch_committed", "name": "B_discovery_greedy", "total_records": 96}
{"batch_index": 8, "budget_used": 2392, "completed_records": 72, "event": "evaluation_batch_committed", "name": "B_discovery_greedy", "total_records": 96}
{"batch_index": 9, "budget_used": 2400, "completed_records": 80, "event": "evaluation_batch_committed", "name": "B_discovery_greedy", "total_records": 96}
{"batch_index": 10, "budget_used": 2408, "completed_records": 88, "event": "evaluation_batch_committed", "name": "B_discovery_greedy", "total_records": 96}
{"batch_index": 11, "budget_used": 2416, "completed_records": 96, "event": "evaluation_batch_committed", "name": "B_discovery_greedy", "total_records": 96}
{"event": "B_discovery_greedy", "status": "completed", "completed_records": 96, "cumulative_generations": 2416, "disk_free_gib": 2.937999725341797}
{"batch_index": 0, "budget_used": 2424, "completed_records": 8, "event": "evaluation_batch_committed", "name": "C-S_discovery_sampled", "total_records": 384}
{"batch_index": 1, "budget_used": 2432, "completed_records": 16, "event": "evaluation_batch_committed", "name": "C-S_discovery_sampled", "total_records": 384}
{"batch_index": 2, "budget_used": 2440, "completed_records": 24, "event": "evaluation_batch_committed", "name": "C-S_discovery_sampled", "total_records": 384}
{"batch_index": 3, "budget_used": 2448, "completed_records": 32, "event": "evaluation_batch_committed", "name": "C-S_discovery_sampled", "total_records": 384}
{"batch_index": 4, "budget_used": 2456, "completed_records": 40, "event": "evaluation_batch_committed", "name": "C-S_discovery_sampled", "total_records": 384}
{"batch_index": 5, "budget_used": 2464, "completed_records": 48, "event": "evaluation_batch_committed", "name": "C-S_discovery_sampled", "total_records": 384}
{"batch_index": 6, "budget_used": 2472, "completed_records": 56, "event": "evaluation_batch_committed", "name": "C-S_discovery_sampled", "total_records": 384}
{"batch_index": 7, "budget_used": 2480, "completed_records": 64, "event": "evaluation_batch_committed", "name": "C-S_discovery_sampled", "total_records": 384}
{"batch_index": 8, "budget_used": 2488, "completed_records": 72, "event": "evaluation_batch_committed", "name": "C-S_discovery_sampled", "total_records": 384}
{"batch_index": 9, "budget_used": 2496, "completed_records": 80, "event": "evaluation_batch_committed", "name": "C-S_discovery_sampled", "total_records": 384}
{"batch_index": 10, "budget_used": 2504, "completed_records": 88, "event": "evaluation_batch_committed", "name": "C-S_discovery_sampled", "total_records": 384}
{"batch_index": 11, "budget_used": 2512, "completed_records": 96, "event": "evaluation_batch_committed", "name": "C-S_discovery_sampled", "total_records": 384}
{"batch_index": 12, "budget_used": 2520, "completed_records": 104, "event": "evaluation_batch_committed", "name": "C-S_discovery_sampled", "total_records": 384}
{"batch_index": 13, "budget_used": 2528, "completed_records": 112, "event": "evaluation_batch_committed", "name": "C-S_discovery_sampled", "total_records": 384}
{"batch_index": 14, "budget_used": 2536, "completed_records": 120, "event": "evaluation_batch_committed", "name": "C-S_discovery_sampled", "total_records": 384}
{"batch_index": 15, "budget_used": 2544, "completed_records": 128, "event": "evaluation_batch_committed", "name": "C-S_discovery_sampled", "total_records": 384}
{"batch_index": 16, "budget_used": 2552, "completed_records": 136, "event": "evaluation_batch_committed", "name": "C-S_discovery_sampled", "total_records": 384}
{"batch_index": 17, "budget_used": 2560, "completed_records": 144, "event": "evaluation_batch_committed", "name": "C-S_discovery_sampled", "total_records": 384}
{"batch_index": 18, "budget_used": 2568, "completed_records": 152, "event": "evaluation_batch_committed", "name": "C-S_discovery_sampled", "total_records": 384}
{"batch_index": 19, "budget_used": 2576, "completed_records": 160, "event": "evaluation_batch_committed", "name": "C-S_discovery_sampled", "total_records": 384}
{"batch_index": 20, "budget_used": 2584, "completed_records": 168, "event": "evaluation_batch_committed", "name": "C-S_discovery_sampled", "total_records": 384}
{"batch_index": 21, "budget_used": 2592, "completed_records": 176, "event": "evaluation_batch_committed", "name": "C-S_discovery_sampled", "total_records": 384}
{"batch_index": 22, "budget_used": 2600, "completed_records": 184, "event": "evaluation_batch_committed", "name": "C-S_discovery_sampled", "total_records": 384}
{"batch_index": 23, "budget_used": 2608, "completed_records": 192, "event": "evaluation_batch_committed", "name": "C-S_discovery_sampled", "total_records": 384}
{"batch_index": 24, "budget_used": 2616, "completed_records": 200, "event": "evaluation_batch_committed", "name": "C-S_discovery_sampled", "total_records": 384}
{"batch_index": 25, "budget_used": 2624, "completed_records": 208, "event": "evaluation_batch_committed", "name": "C-S_discovery_sampled", "total_records": 384}
{"batch_index": 26, "budget_used": 2632, "completed_records": 216, "event": "evaluation_batch_committed", "name": "C-S_discovery_sampled", "total_records": 384}
{"batch_index": 27, "budget_used": 2640, "completed_records": 224, "event": "evaluation_batch_committed", "name": "C-S_discovery_sampled", "total_records": 384}
{"batch_index": 28, "budget_used": 2648, "completed_records": 232, "event": "evaluation_batch_committed", "name": "C-S_discovery_sampled", "total_records": 384}
{"batch_index": 29, "budget_used": 2656, "completed_records": 240, "event": "evaluation_batch_committed", "name": "C-S_discovery_sampled", "total_records": 384}
{"batch_index": 30, "budget_used": 2664, "completed_records": 248, "event": "evaluation_batch_committed", "name": "C-S_discovery_sampled", "total_records": 384}
{"batch_index": 31, "budget_used": 2672, "completed_records": 256, "event": "evaluation_batch_committed", "name": "C-S_discovery_sampled", "total_records": 384}
{"batch_index": 32, "budget_used": 2680, "completed_records": 264, "event": "evaluation_batch_committed", "name": "C-S_discovery_sampled", "total_records": 384}
{"batch_index": 33, "budget_used": 2688, "completed_records": 272, "event": "evaluation_batch_committed", "name": "C-S_discovery_sampled", "total_records": 384}
{"batch_index": 34, "budget_used": 2696, "completed_records": 280, "event": "evaluation_batch_committed", "name": "C-S_discovery_sampled", "total_records": 384}
{"batch_index": 35, "budget_used": 2704, "completed_records": 288, "event": "evaluation_batch_committed", "name": "C-S_discovery_sampled", "total_records": 384}
{"batch_index": 36, "budget_used": 2712, "completed_records": 296, "event": "evaluation_batch_committed", "name": "C-S_discovery_sampled", "total_records": 384}
{"batch_index": 37, "budget_used": 2720, "completed_records": 304, "event": "evaluation_batch_committed", "name": "C-S_discovery_sampled", "total_records": 384}
{"batch_index": 38, "budget_used": 2728, "completed_records": 312, "event": "evaluation_batch_committed", "name": "C-S_discovery_sampled", "total_records": 384}
{"batch_index": 39, "budget_used": 2736, "completed_records": 320, "event": "evaluation_batch_committed", "name": "C-S_discovery_sampled", "total_records": 384}
{"batch_index": 40, "budget_used": 2744, "completed_records": 328, "event": "evaluation_batch_committed", "name": "C-S_discovery_sampled", "total_records": 384}
{"batch_index": 41, "budget_used": 2752, "completed_records": 336, "event": "evaluation_batch_committed", "name": "C-S_discovery_sampled", "total_records": 384}
{"batch_index": 42, "budget_used": 2760, "completed_records": 344, "event": "evaluation_batch_committed", "name": "C-S_discovery_sampled", "total_records": 384}
{"batch_index": 43, "budget_used": 2768, "completed_records": 352, "event": "evaluation_batch_committed", "name": "C-S_discovery_sampled", "total_records": 384}
{"batch_index": 44, "budget_used": 2776, "completed_records": 360, "event": "evaluation_batch_committed", "name": "C-S_discovery_sampled", "total_records": 384}
{"batch_index": 45, "budget_used": 2784, "completed_records": 368, "event": "evaluation_batch_committed", "name": "C-S_discovery_sampled", "total_records": 384}
{"batch_index": 46, "budget_used": 2792, "completed_records": 376, "event": "evaluation_batch_committed", "name": "C-S_discovery_sampled", "total_records": 384}
{"batch_index": 47, "budget_used": 2800, "completed_records": 384, "event": "evaluation_batch_committed", "name": "C-S_discovery_sampled", "total_records": 384}
{"event": "C-S_discovery_sampled", "status": "completed", "completed_records": 384, "cumulative_generations": 2800, "disk_free_gib": 2.92926025390625}
{"batch_index": 0, "budget_used": 2808, "completed_records": 8, "event": "evaluation_batch_committed", "name": "C-S_discovery_greedy", "total_records": 96}
{"batch_index": 1, "budget_used": 2816, "completed_records": 16, "event": "evaluation_batch_committed", "name": "C-S_discovery_greedy", "total_records": 96}
{"batch_index": 2, "budget_used": 2824, "completed_records": 24, "event": "evaluation_batch_committed", "name": "C-S_discovery_greedy", "total_records": 96}
{"batch_index": 3, "budget_used": 2832, "completed_records": 32, "event": "evaluation_batch_committed", "name": "C-S_discovery_greedy", "total_records": 96}
{"batch_index": 4, "budget_used": 2840, "completed_records": 40, "event": "evaluation_batch_committed", "name": "C-S_discovery_greedy", "total_records": 96}
{"batch_index": 5, "budget_used": 2848, "completed_records": 48, "event": "evaluation_batch_committed", "name": "C-S_discovery_greedy", "total_records": 96}
{"batch_index": 6, "budget_used": 2856, "completed_records": 56, "event": "evaluation_batch_committed", "name": "C-S_discovery_greedy", "total_records": 96}
{"batch_index": 7, "budget_used": 2864, "completed_records": 64, "event": "evaluation_batch_committed", "name": "C-S_discovery_greedy", "total_records": 96}
{"batch_index": 8, "budget_used": 2872, "completed_records": 72, "event": "evaluation_batch_committed", "name": "C-S_discovery_greedy", "total_records": 96}
{"batch_index": 9, "budget_used": 2880, "completed_records": 80, "event": "evaluation_batch_committed", "name": "C-S_discovery_greedy", "total_records": 96}
{"batch_index": 10, "budget_used": 2888, "completed_records": 88, "event": "evaluation_batch_committed", "name": "C-S_discovery_greedy", "total_records": 96}
{"batch_index": 11, "budget_used": 2896, "completed_records": 96, "event": "evaluation_batch_committed", "name": "C-S_discovery_greedy", "total_records": 96}
{"event": "C-S_discovery_greedy", "status": "completed", "completed_records": 96, "cumulative_generations": 2896, "disk_free_gib": 2.92706298828125}
{"batch_index": 0, "budget_used": 2904, "completed_records": 8, "event": "evaluation_batch_committed", "name": "C-P_discovery_sampled", "total_records": 384}
{"batch_index": 1, "budget_used": 2912, "completed_records": 16, "event": "evaluation_batch_committed", "name": "C-P_discovery_sampled", "total_records": 384}
{"batch_index": 2, "budget_used": 2920, "completed_records": 24, "event": "evaluation_batch_committed", "name": "C-P_discovery_sampled", "total_records": 384}
{"batch_index": 3, "budget_used": 2928, "completed_records": 32, "event": "evaluation_batch_committed", "name": "C-P_discovery_sampled", "total_records": 384}
{"batch_index": 4, "budget_used": 2936, "completed_records": 40, "event": "evaluation_batch_committed", "name": "C-P_discovery_sampled", "total_records": 384}
{"batch_index": 5, "budget_used": 2944, "completed_records": 48, "event": "evaluation_batch_committed", "name": "C-P_discovery_sampled", "total_records": 384}
{"batch_index": 6, "budget_used": 2952, "completed_records": 56, "event": "evaluation_batch_committed", "name": "C-P_discovery_sampled", "total_records": 384}
{"batch_index": 7, "budget_used": 2960, "completed_records": 64, "event": "evaluation_batch_committed", "name": "C-P_discovery_sampled", "total_records": 384}
{"batch_index": 8, "budget_used": 2968, "completed_records": 72, "event": "evaluation_batch_committed", "name": "C-P_discovery_sampled", "total_records": 384}
{"batch_index": 9, "budget_used": 2976, "completed_records": 80, "event": "evaluation_batch_committed", "name": "C-P_discovery_sampled", "total_records": 384}
{"batch_index": 10, "budget_used": 2984, "completed_records": 88, "event": "evaluation_batch_committed", "name": "C-P_discovery_sampled", "total_records": 384}
{"batch_index": 11, "budget_used": 2992, "completed_records": 96, "event": "evaluation_batch_committed", "name": "C-P_discovery_sampled", "total_records": 384}
{"batch_index": 12, "budget_used": 3000, "completed_records": 104, "event": "evaluation_batch_committed", "name": "C-P_discovery_sampled", "total_records": 384}
{"batch_index": 13, "budget_used": 3008, "completed_records": 112, "event": "evaluation_batch_committed", "name": "C-P_discovery_sampled", "total_records": 384}
{"batch_index": 14, "budget_used": 3016, "completed_records": 120, "event": "evaluation_batch_committed", "name": "C-P_discovery_sampled", "total_records": 384}
{"batch_index": 15, "budget_used": 3024, "completed_records": 128, "event": "evaluation_batch_committed", "name": "C-P_discovery_sampled", "total_records": 384}
{"batch_index": 16, "budget_used": 3032, "completed_records": 136, "event": "evaluation_batch_committed", "name": "C-P_discovery_sampled", "total_records": 384}
{"batch_index": 17, "budget_used": 3040, "completed_records": 144, "event": "evaluation_batch_committed", "name": "C-P_discovery_sampled", "total_records": 384}
{"batch_index": 18, "budget_used": 3048, "completed_records": 152, "event": "evaluation_batch_committed", "name": "C-P_discovery_sampled", "total_records": 384}
{"batch_index": 19, "budget_used": 3056, "completed_records": 160, "event": "evaluation_batch_committed", "name": "C-P_discovery_sampled", "total_records": 384}
{"batch_index": 20, "budget_used": 3064, "completed_records": 168, "event": "evaluation_batch_committed", "name": "C-P_discovery_sampled", "total_records": 384}
{"batch_index": 21, "budget_used": 3072, "completed_records": 176, "event": "evaluation_batch_committed", "name": "C-P_discovery_sampled", "total_records": 384}
{"batch_index": 22, "budget_used": 3080, "completed_records": 184, "event": "evaluation_batch_committed", "name": "C-P_discovery_sampled", "total_records": 384}
{"batch_index": 23, "budget_used": 3088, "completed_records": 192, "event": "evaluation_batch_committed", "name": "C-P_discovery_sampled", "total_records": 384}
{"batch_index": 24, "budget_used": 3096, "completed_records": 200, "event": "evaluation_batch_committed", "name": "C-P_discovery_sampled", "total_records": 384}
{"batch_index": 25, "budget_used": 3104, "completed_records": 208, "event": "evaluation_batch_committed", "name": "C-P_discovery_sampled", "total_records": 384}
{"batch_index": 26, "budget_used": 3112, "completed_records": 216, "event": "evaluation_batch_committed", "name": "C-P_discovery_sampled", "total_records": 384}
{"batch_index": 27, "budget_used": 3120, "completed_records": 224, "event": "evaluation_batch_committed", "name": "C-P_discovery_sampled", "total_records": 384}
{"batch_index": 28, "budget_used": 3128, "completed_records": 232, "event": "evaluation_batch_committed", "name": "C-P_discovery_sampled", "total_records": 384}
{"batch_index": 29, "budget_used": 3136, "completed_records": 240, "event": "evaluation_batch_committed", "name": "C-P_discovery_sampled", "total_records": 384}
{"batch_index": 30, "budget_used": 3144, "completed_records": 248, "event": "evaluation_batch_committed", "name": "C-P_discovery_sampled", "total_records": 384}
{"batch_index": 31, "budget_used": 3152, "completed_records": 256, "event": "evaluation_batch_committed", "name": "C-P_discovery_sampled", "total_records": 384}
{"batch_index": 32, "budget_used": 3160, "completed_records": 264, "event": "evaluation_batch_committed", "name": "C-P_discovery_sampled", "total_records": 384}
{"batch_index": 33, "budget_used": 3168, "completed_records": 272, "event": "evaluation_batch_committed", "name": "C-P_discovery_sampled", "total_records": 384}
{"batch_index": 34, "budget_used": 3176, "completed_records": 280, "event": "evaluation_batch_committed", "name": "C-P_discovery_sampled", "total_records": 384}
{"batch_index": 35, "budget_used": 3184, "completed_records": 288, "event": "evaluation_batch_committed", "name": "C-P_discovery_sampled", "total_records": 384}
{"batch_index": 36, "budget_used": 3192, "completed_records": 296, "event": "evaluation_batch_committed", "name": "C-P_discovery_sampled", "total_records": 384}
{"batch_index": 37, "budget_used": 3200, "completed_records": 304, "event": "evaluation_batch_committed", "name": "C-P_discovery_sampled", "total_records": 384}
{"batch_index": 38, "budget_used": 3208, "completed_records": 312, "event": "evaluation_batch_committed", "name": "C-P_discovery_sampled", "total_records": 384}
{"batch_index": 39, "budget_used": 3216, "completed_records": 320, "event": "evaluation_batch_committed", "name": "C-P_discovery_sampled", "total_records": 384}
{"batch_index": 40, "budget_used": 3224, "completed_records": 328, "event": "evaluation_batch_committed", "name": "C-P_discovery_sampled", "total_records": 384}
{"batch_index": 41, "budget_used": 3232, "completed_records": 336, "event": "evaluation_batch_committed", "name": "C-P_discovery_sampled", "total_records": 384}
{"batch_index": 42, "budget_used": 3240, "completed_records": 344, "event": "evaluation_batch_committed", "name": "C-P_discovery_sampled", "total_records": 384}
{"batch_index": 43, "budget_used": 3248, "completed_records": 352, "event": "evaluation_batch_committed", "name": "C-P_discovery_sampled", "total_records": 384}
{"batch_index": 44, "budget_used": 3256, "completed_records": 360, "event": "evaluation_batch_committed", "name": "C-P_discovery_sampled", "total_records": 384}
{"batch_index": 45, "budget_used": 3264, "completed_records": 368, "event": "evaluation_batch_committed", "name": "C-P_discovery_sampled", "total_records": 384}
{"batch_index": 46, "budget_used": 3272, "completed_records": 376, "event": "evaluation_batch_committed", "name": "C-P_discovery_sampled", "total_records": 384}
{"batch_index": 47, "budget_used": 3280, "completed_records": 384, "event": "evaluation_batch_committed", "name": "C-P_discovery_sampled", "total_records": 384}
{"event": "C-P_discovery_sampled", "status": "completed", "completed_records": 384, "cumulative_generations": 3280, "disk_free_gib": 2.9187660217285156}
{"batch_index": 0, "budget_used": 3288, "completed_records": 8, "event": "evaluation_batch_committed", "name": "C-P_discovery_greedy", "total_records": 96}
{"batch_index": 1, "budget_used": 3296, "completed_records": 16, "event": "evaluation_batch_committed", "name": "C-P_discovery_greedy", "total_records": 96}
{"batch_index": 2, "budget_used": 3304, "completed_records": 24, "event": "evaluation_batch_committed", "name": "C-P_discovery_greedy", "total_records": 96}
{"batch_index": 3, "budget_used": 3312, "completed_records": 32, "event": "evaluation_batch_committed", "name": "C-P_discovery_greedy", "total_records": 96}
{"batch_index": 4, "budget_used": 3320, "completed_records": 40, "event": "evaluation_batch_committed", "name": "C-P_discovery_greedy", "total_records": 96}
{"batch_index": 5, "budget_used": 3328, "completed_records": 48, "event": "evaluation_batch_committed", "name": "C-P_discovery_greedy", "total_records": 96}
{"batch_index": 6, "budget_used": 3336, "completed_records": 56, "event": "evaluation_batch_committed", "name": "C-P_discovery_greedy", "total_records": 96}
{"batch_index": 7, "budget_used": 3344, "completed_records": 64, "event": "evaluation_batch_committed", "name": "C-P_discovery_greedy", "total_records": 96}
{"batch_index": 8, "budget_used": 3352, "completed_records": 72, "event": "evaluation_batch_committed", "name": "C-P_discovery_greedy", "total_records": 96}
{"batch_index": 9, "budget_used": 3360, "completed_records": 80, "event": "evaluation_batch_committed", "name": "C-P_discovery_greedy", "total_records": 96}
{"batch_index": 10, "budget_used": 3368, "completed_records": 88, "event": "evaluation_batch_committed", "name": "C-P_discovery_greedy", "total_records": 96}
{"batch_index": 11, "budget_used": 3376, "completed_records": 96, "event": "evaluation_batch_committed", "name": "C-P_discovery_greedy", "total_records": 96}
{"event": "C-P_discovery_greedy", "status": "completed", "completed_records": 96, "cumulative_generations": 3376, "disk_free_gib": 2.916656494140625}
{"batch_index": 0, "budget_used": 3384, "completed_records": 8, "event": "evaluation_batch_committed", "name": "B-S_discovery_sampled", "total_records": 384}
{"batch_index": 1, "budget_used": 3392, "completed_records": 16, "event": "evaluation_batch_committed", "name": "B-S_discovery_sampled", "total_records": 384}
{"batch_index": 2, "budget_used": 3400, "completed_records": 24, "event": "evaluation_batch_committed", "name": "B-S_discovery_sampled", "total_records": 384}
{"batch_index": 3, "budget_used": 3408, "completed_records": 32, "event": "evaluation_batch_committed", "name": "B-S_discovery_sampled", "total_records": 384}
{"batch_index": 4, "budget_used": 3416, "completed_records": 40, "event": "evaluation_batch_committed", "name": "B-S_discovery_sampled", "total_records": 384}
{"batch_index": 5, "budget_used": 3424, "completed_records": 48, "event": "evaluation_batch_committed", "name": "B-S_discovery_sampled", "total_records": 384}
{"batch_index": 6, "budget_used": 3432, "completed_records": 56, "event": "evaluation_batch_committed", "name": "B-S_discovery_sampled", "total_records": 384}
{"batch_index": 7, "budget_used": 3440, "completed_records": 64, "event": "evaluation_batch_committed", "name": "B-S_discovery_sampled", "total_records": 384}
{"batch_index": 8, "budget_used": 3448, "completed_records": 72, "event": "evaluation_batch_committed", "name": "B-S_discovery_sampled", "total_records": 384}
{"batch_index": 9, "budget_used": 3456, "completed_records": 80, "event": "evaluation_batch_committed", "name": "B-S_discovery_sampled", "total_records": 384}
{"batch_index": 10, "budget_used": 3464, "completed_records": 88, "event": "evaluation_batch_committed", "name": "B-S_discovery_sampled", "total_records": 384}
{"batch_index": 11, "budget_used": 3472, "completed_records": 96, "event": "evaluation_batch_committed", "name": "B-S_discovery_sampled", "total_records": 384}
{"batch_index": 12, "budget_used": 3480, "completed_records": 104, "event": "evaluation_batch_committed", "name": "B-S_discovery_sampled", "total_records": 384}
{"batch_index": 13, "budget_used": 3488, "completed_records": 112, "event": "evaluation_batch_committed", "name": "B-S_discovery_sampled", "total_records": 384}
{"batch_index": 14, "budget_used": 3496, "completed_records": 120, "event": "evaluation_batch_committed", "name": "B-S_discovery_sampled", "total_records": 384}
{"batch_index": 15, "budget_used": 3504, "completed_records": 128, "event": "evaluation_batch_committed", "name": "B-S_discovery_sampled", "total_records": 384}
{"batch_index": 16, "budget_used": 3512, "completed_records": 136, "event": "evaluation_batch_committed", "name": "B-S_discovery_sampled", "total_records": 384}
{"batch_index": 17, "budget_used": 3520, "completed_records": 144, "event": "evaluation_batch_committed", "name": "B-S_discovery_sampled", "total_records": 384}
{"batch_index": 18, "budget_used": 3528, "completed_records": 152, "event": "evaluation_batch_committed", "name": "B-S_discovery_sampled", "total_records": 384}
{"batch_index": 19, "budget_used": 3536, "completed_records": 160, "event": "evaluation_batch_committed", "name": "B-S_discovery_sampled", "total_records": 384}
{"batch_index": 20, "budget_used": 3544, "completed_records": 168, "event": "evaluation_batch_committed", "name": "B-S_discovery_sampled", "total_records": 384}
{"batch_index": 21, "budget_used": 3552, "completed_records": 176, "event": "evaluation_batch_committed", "name": "B-S_discovery_sampled", "total_records": 384}
{"batch_index": 22, "budget_used": 3560, "completed_records": 184, "event": "evaluation_batch_committed", "name": "B-S_discovery_sampled", "total_records": 384}
{"batch_index": 23, "budget_used": 3568, "completed_records": 192, "event": "evaluation_batch_committed", "name": "B-S_discovery_sampled", "total_records": 384}
{"batch_index": 24, "budget_used": 3576, "completed_records": 200, "event": "evaluation_batch_committed", "name": "B-S_discovery_sampled", "total_records": 384}
{"batch_index": 25, "budget_used": 3584, "completed_records": 208, "event": "evaluation_batch_committed", "name": "B-S_discovery_sampled", "total_records": 384}
{"batch_index": 26, "budget_used": 3592, "completed_records": 216, "event": "evaluation_batch_committed", "name": "B-S_discovery_sampled", "total_records": 384}
{"batch_index": 27, "budget_used": 3600, "completed_records": 224, "event": "evaluation_batch_committed", "name": "B-S_discovery_sampled", "total_records": 384}
{"batch_index": 28, "budget_used": 3608, "completed_records": 232, "event": "evaluation_batch_committed", "name": "B-S_discovery_sampled", "total_records": 384}
{"batch_index": 29, "budget_used": 3616, "completed_records": 240, "event": "evaluation_batch_committed", "name": "B-S_discovery_sampled", "total_records": 384}
{"batch_index": 30, "budget_used": 3624, "completed_records": 248, "event": "evaluation_batch_committed", "name": "B-S_discovery_sampled", "total_records": 384}
{"batch_index": 31, "budget_used": 3632, "completed_records": 256, "event": "evaluation_batch_committed", "name": "B-S_discovery_sampled", "total_records": 384}
{"batch_index": 32, "budget_used": 3640, "completed_records": 264, "event": "evaluation_batch_committed", "name": "B-S_discovery_sampled", "total_records": 384}
{"batch_index": 33, "budget_used": 3648, "completed_records": 272, "event": "evaluation_batch_committed", "name": "B-S_discovery_sampled", "total_records": 384}
{"batch_index": 34, "budget_used": 3656, "completed_records": 280, "event": "evaluation_batch_committed", "name": "B-S_discovery_sampled", "total_records": 384}
{"batch_index": 35, "budget_used": 3664, "completed_records": 288, "event": "evaluation_batch_committed", "name": "B-S_discovery_sampled", "total_records": 384}
{"batch_index": 36, "budget_used": 3672, "completed_records": 296, "event": "evaluation_batch_committed", "name": "B-S_discovery_sampled", "total_records": 384}
{"batch_index": 37, "budget_used": 3680, "completed_records": 304, "event": "evaluation_batch_committed", "name": "B-S_discovery_sampled", "total_records": 384}
{"batch_index": 38, "budget_used": 3688, "completed_records": 312, "event": "evaluation_batch_committed", "name": "B-S_discovery_sampled", "total_records": 384}
{"batch_index": 39, "budget_used": 3696, "completed_records": 320, "event": "evaluation_batch_committed", "name": "B-S_discovery_sampled", "total_records": 384}
{"batch_index": 40, "budget_used": 3704, "completed_records": 328, "event": "evaluation_batch_committed", "name": "B-S_discovery_sampled", "total_records": 384}
{"batch_index": 41, "budget_used": 3712, "completed_records": 336, "event": "evaluation_batch_committed", "name": "B-S_discovery_sampled", "total_records": 384}
{"batch_index": 42, "budget_used": 3720, "completed_records": 344, "event": "evaluation_batch_committed", "name": "B-S_discovery_sampled", "total_records": 384}
{"batch_index": 43, "budget_used": 3728, "completed_records": 352, "event": "evaluation_batch_committed", "name": "B-S_discovery_sampled", "total_records": 384}
{"batch_index": 44, "budget_used": 3736, "completed_records": 360, "event": "evaluation_batch_committed", "name": "B-S_discovery_sampled", "total_records": 384}
{"batch_index": 45, "budget_used": 3744, "completed_records": 368, "event": "evaluation_batch_committed", "name": "B-S_discovery_sampled", "total_records": 384}
{"batch_index": 46, "budget_used": 3752, "completed_records": 376, "event": "evaluation_batch_committed", "name": "B-S_discovery_sampled", "total_records": 384}
{"batch_index": 47, "budget_used": 3760, "completed_records": 384, "event": "evaluation_batch_committed", "name": "B-S_discovery_sampled", "total_records": 384}
{"event": "B-S_discovery_sampled", "status": "completed", "completed_records": 384, "cumulative_generations": 3760, "disk_free_gib": 2.9081802368164062}
{"batch_index": 0, "budget_used": 3768, "completed_records": 8, "event": "evaluation_batch_committed", "name": "B-S_discovery_greedy", "total_records": 96}
{"batch_index": 1, "budget_used": 3776, "completed_records": 16, "event": "evaluation_batch_committed", "name": "B-S_discovery_greedy", "total_records": 96}
{"batch_index": 2, "budget_used": 3784, "completed_records": 24, "event": "evaluation_batch_committed", "name": "B-S_discovery_greedy", "total_records": 96}
{"batch_index": 3, "budget_used": 3792, "completed_records": 32, "event": "evaluation_batch_committed", "name": "B-S_discovery_greedy", "total_records": 96}
{"batch_index": 4, "budget_used": 3800, "completed_records": 40, "event": "evaluation_batch_committed", "name": "B-S_discovery_greedy", "total_records": 96}
{"batch_index": 5, "budget_used": 3808, "completed_records": 48, "event": "evaluation_batch_committed", "name": "B-S_discovery_greedy", "total_records": 96}
{"batch_index": 6, "budget_used": 3816, "completed_records": 56, "event": "evaluation_batch_committed", "name": "B-S_discovery_greedy", "total_records": 96}
{"batch_index": 7, "budget_used": 3824, "completed_records": 64, "event": "evaluation_batch_committed", "name": "B-S_discovery_greedy", "total_records": 96}
{"batch_index": 8, "budget_used": 3832, "completed_records": 72, "event": "evaluation_batch_committed", "name": "B-S_discovery_greedy", "total_records": 96}
{"batch_index": 9, "budget_used": 3840, "completed_records": 80, "event": "evaluation_batch_committed", "name": "B-S_discovery_greedy", "total_records": 96}
{"batch_index": 10, "budget_used": 3848, "completed_records": 88, "event": "evaluation_batch_committed", "name": "B-S_discovery_greedy", "total_records": 96}
{"batch_index": 11, "budget_used": 3856, "completed_records": 96, "event": "evaluation_batch_committed", "name": "B-S_discovery_greedy", "total_records": 96}
{"event": "B-S_discovery_greedy", "status": "completed", "completed_records": 96, "cumulative_generations": 3856, "disk_free_gib": 2.9060020446777344}
{"batch_index": 0, "budget_used": 3864, "completed_records": 8, "event": "evaluation_batch_committed", "name": "B-P_discovery_sampled", "total_records": 384}
{"batch_index": 1, "budget_used": 3872, "completed_records": 16, "event": "evaluation_batch_committed", "name": "B-P_discovery_sampled", "total_records": 384}
{"batch_index": 2, "budget_used": 3880, "completed_records": 24, "event": "evaluation_batch_committed", "name": "B-P_discovery_sampled", "total_records": 384}
{"batch_index": 3, "budget_used": 3888, "completed_records": 32, "event": "evaluation_batch_committed", "name": "B-P_discovery_sampled", "total_records": 384}
{"batch_index": 4, "budget_used": 3896, "completed_records": 40, "event": "evaluation_batch_committed", "name": "B-P_discovery_sampled", "total_records": 384}
{"batch_index": 5, "budget_used": 3904, "completed_records": 48, "event": "evaluation_batch_committed", "name": "B-P_discovery_sampled", "total_records": 384}
{"batch_index": 6, "budget_used": 3912, "completed_records": 56, "event": "evaluation_batch_committed", "name": "B-P_discovery_sampled", "total_records": 384}
{"batch_index": 7, "budget_used": 3920, "completed_records": 64, "event": "evaluation_batch_committed", "name": "B-P_discovery_sampled", "total_records": 384}
{"batch_index": 8, "budget_used": 3928, "completed_records": 72, "event": "evaluation_batch_committed", "name": "B-P_discovery_sampled", "total_records": 384}
{"batch_index": 9, "budget_used": 3936, "completed_records": 80, "event": "evaluation_batch_committed", "name": "B-P_discovery_sampled", "total_records": 384}
{"batch_index": 10, "budget_used": 3944, "completed_records": 88, "event": "evaluation_batch_committed", "name": "B-P_discovery_sampled", "total_records": 384}
{"batch_index": 11, "budget_used": 3952, "completed_records": 96, "event": "evaluation_batch_committed", "name": "B-P_discovery_sampled", "total_records": 384}
{"batch_index": 12, "budget_used": 3960, "completed_records": 104, "event": "evaluation_batch_committed", "name": "B-P_discovery_sampled", "total_records": 384}
{"batch_index": 13, "budget_used": 3968, "completed_records": 112, "event": "evaluation_batch_committed", "name": "B-P_discovery_sampled", "total_records": 384}
{"batch_index": 14, "budget_used": 3976, "completed_records": 120, "event": "evaluation_batch_committed", "name": "B-P_discovery_sampled", "total_records": 384}
{"batch_index": 15, "budget_used": 3984, "completed_records": 128, "event": "evaluation_batch_committed", "name": "B-P_discovery_sampled", "total_records": 384}
{"batch_index": 16, "budget_used": 3992, "completed_records": 136, "event": "evaluation_batch_committed", "name": "B-P_discovery_sampled", "total_records": 384}
{"batch_index": 17, "budget_used": 4000, "completed_records": 144, "event": "evaluation_batch_committed", "name": "B-P_discovery_sampled", "total_records": 384}
{"batch_index": 18, "budget_used": 4008, "completed_records": 152, "event": "evaluation_batch_committed", "name": "B-P_discovery_sampled", "total_records": 384}
{"batch_index": 19, "budget_used": 4016, "completed_records": 160, "event": "evaluation_batch_committed", "name": "B-P_discovery_sampled", "total_records": 384}
{"batch_index": 20, "budget_used": 4024, "completed_records": 168, "event": "evaluation_batch_committed", "name": "B-P_discovery_sampled", "total_records": 384}
{"batch_index": 21, "budget_used": 4032, "completed_records": 176, "event": "evaluation_batch_committed", "name": "B-P_discovery_sampled", "total_records": 384}
{"batch_index": 22, "budget_used": 4040, "completed_records": 184, "event": "evaluation_batch_committed", "name": "B-P_discovery_sampled", "total_records": 384}
{"batch_index": 23, "budget_used": 4048, "completed_records": 192, "event": "evaluation_batch_committed", "name": "B-P_discovery_sampled", "total_records": 384}
{"batch_index": 24, "budget_used": 4056, "completed_records": 200, "event": "evaluation_batch_committed", "name": "B-P_discovery_sampled", "total_records": 384}
{"batch_index": 25, "budget_used": 4064, "completed_records": 208, "event": "evaluation_batch_committed", "name": "B-P_discovery_sampled", "total_records": 384}
{"batch_index": 26, "budget_used": 4072, "completed_records": 216, "event": "evaluation_batch_committed", "name": "B-P_discovery_sampled", "total_records": 384}
{"batch_index": 27, "budget_used": 4080, "completed_records": 224, "event": "evaluation_batch_committed", "name": "B-P_discovery_sampled", "total_records": 384}
{"batch_index": 28, "budget_used": 4088, "completed_records": 232, "event": "evaluation_batch_committed", "name": "B-P_discovery_sampled", "total_records": 384}
{"batch_index": 29, "budget_used": 4096, "completed_records": 240, "event": "evaluation_batch_committed", "name": "B-P_discovery_sampled", "total_records": 384}
{"batch_index": 30, "budget_used": 4104, "completed_records": 248, "event": "evaluation_batch_committed", "name": "B-P_discovery_sampled", "total_records": 384}
{"batch_index": 31, "budget_used": 4112, "completed_records": 256, "event": "evaluation_batch_committed", "name": "B-P_discovery_sampled", "total_records": 384}
{"batch_index": 32, "budget_used": 4120, "completed_records": 264, "event": "evaluation_batch_committed", "name": "B-P_discovery_sampled", "total_records": 384}
{"batch_index": 33, "budget_used": 4128, "completed_records": 272, "event": "evaluation_batch_committed", "name": "B-P_discovery_sampled", "total_records": 384}
{"batch_index": 34, "budget_used": 4136, "completed_records": 280, "event": "evaluation_batch_committed", "name": "B-P_discovery_sampled", "total_records": 384}
{"batch_index": 35, "budget_used": 4144, "completed_records": 288, "event": "evaluation_batch_committed", "name": "B-P_discovery_sampled", "total_records": 384}
{"batch_index": 36, "budget_used": 4152, "completed_records": 296, "event": "evaluation_batch_committed", "name": "B-P_discovery_sampled", "total_records": 384}
{"batch_index": 37, "budget_used": 4160, "completed_records": 304, "event": "evaluation_batch_committed", "name": "B-P_discovery_sampled", "total_records": 384}
{"batch_index": 38, "budget_used": 4168, "completed_records": 312, "event": "evaluation_batch_committed", "name": "B-P_discovery_sampled", "total_records": 384}
{"batch_index": 39, "budget_used": 4176, "completed_records": 320, "event": "evaluation_batch_committed", "name": "B-P_discovery_sampled", "total_records": 384}
{"batch_index": 40, "budget_used": 4184, "completed_records": 328, "event": "evaluation_batch_committed", "name": "B-P_discovery_sampled", "total_records": 384}
{"batch_index": 41, "budget_used": 4192, "completed_records": 336, "event": "evaluation_batch_committed", "name": "B-P_discovery_sampled", "total_records": 384}
{"batch_index": 42, "budget_used": 4200, "completed_records": 344, "event": "evaluation_batch_committed", "name": "B-P_discovery_sampled", "total_records": 384}
{"batch_index": 43, "budget_used": 4208, "completed_records": 352, "event": "evaluation_batch_committed", "name": "B-P_discovery_sampled", "total_records": 384}
{"batch_index": 44, "budget_used": 4216, "completed_records": 360, "event": "evaluation_batch_committed", "name": "B-P_discovery_sampled", "total_records": 384}
{"batch_index": 45, "budget_used": 4224, "completed_records": 368, "event": "evaluation_batch_committed", "name": "B-P_discovery_sampled", "total_records": 384}
{"batch_index": 46, "budget_used": 4232, "completed_records": 376, "event": "evaluation_batch_committed", "name": "B-P_discovery_sampled", "total_records": 384}
{"batch_index": 47, "budget_used": 4240, "completed_records": 384, "event": "evaluation_batch_committed", "name": "B-P_discovery_sampled", "total_records": 384}
{"event": "B-P_discovery_sampled", "status": "completed", "completed_records": 384, "cumulative_generations": 4240, "disk_free_gib": 2.897724151611328}
{"batch_index": 0, "budget_used": 4248, "completed_records": 8, "event": "evaluation_batch_committed", "name": "B-P_discovery_greedy", "total_records": 96}
{"batch_index": 1, "budget_used": 4256, "completed_records": 16, "event": "evaluation_batch_committed", "name": "B-P_discovery_greedy", "total_records": 96}
{"batch_index": 2, "budget_used": 4264, "completed_records": 24, "event": "evaluation_batch_committed", "name": "B-P_discovery_greedy", "total_records": 96}
{"batch_index": 3, "budget_used": 4272, "completed_records": 32, "event": "evaluation_batch_committed", "name": "B-P_discovery_greedy", "total_records": 96}
{"batch_index": 4, "budget_used": 4280, "completed_records": 40, "event": "evaluation_batch_committed", "name": "B-P_discovery_greedy", "total_records": 96}
{"batch_index": 5, "budget_used": 4288, "completed_records": 48, "event": "evaluation_batch_committed", "name": "B-P_discovery_greedy", "total_records": 96}
{"batch_index": 6, "budget_used": 4296, "completed_records": 56, "event": "evaluation_batch_committed", "name": "B-P_discovery_greedy", "total_records": 96}
{"batch_index": 7, "budget_used": 4304, "completed_records": 64, "event": "evaluation_batch_committed", "name": "B-P_discovery_greedy", "total_records": 96}
{"batch_index": 8, "budget_used": 4312, "completed_records": 72, "event": "evaluation_batch_committed", "name": "B-P_discovery_greedy", "total_records": 96}
{"batch_index": 9, "budget_used": 4320, "completed_records": 80, "event": "evaluation_batch_committed", "name": "B-P_discovery_greedy", "total_records": 96}
{"batch_index": 10, "budget_used": 4328, "completed_records": 88, "event": "evaluation_batch_committed", "name": "B-P_discovery_greedy", "total_records": 96}
{"batch_index": 11, "budget_used": 4336, "completed_records": 96, "event": "evaluation_batch_committed", "name": "B-P_discovery_greedy", "total_records": 96}
{"event": "B-P_discovery_greedy", "status": "completed", "completed_records": 96, "cumulative_generations": 4336, "disk_free_gib": 2.8955841064453125}
{"batch_index": 0, "budget_used": 4344, "completed_records": 8, "event": "evaluation_batch_committed", "name": "C-S_sentinel", "total_records": 96}
{"batch_index": 1, "budget_used": 4352, "completed_records": 16, "event": "evaluation_batch_committed", "name": "C-S_sentinel", "total_records": 96}
{"batch_index": 2, "budget_used": 4360, "completed_records": 24, "event": "evaluation_batch_committed", "name": "C-S_sentinel", "total_records": 96}
{"batch_index": 3, "budget_used": 4368, "completed_records": 32, "event": "evaluation_batch_committed", "name": "C-S_sentinel", "total_records": 96}
{"batch_index": 4, "budget_used": 4376, "completed_records": 40, "event": "evaluation_batch_committed", "name": "C-S_sentinel", "total_records": 96}
{"batch_index": 5, "budget_used": 4384, "completed_records": 48, "event": "evaluation_batch_committed", "name": "C-S_sentinel", "total_records": 96}
{"batch_index": 6, "budget_used": 4392, "completed_records": 56, "event": "evaluation_batch_committed", "name": "C-S_sentinel", "total_records": 96}
{"batch_index": 7, "budget_used": 4400, "completed_records": 64, "event": "evaluation_batch_committed", "name": "C-S_sentinel", "total_records": 96}
{"batch_index": 8, "budget_used": 4408, "completed_records": 72, "event": "evaluation_batch_committed", "name": "C-S_sentinel", "total_records": 96}
{"batch_index": 9, "budget_used": 4416, "completed_records": 80, "event": "evaluation_batch_committed", "name": "C-S_sentinel", "total_records": 96}
{"batch_index": 10, "budget_used": 4424, "completed_records": 88, "event": "evaluation_batch_committed", "name": "C-S_sentinel", "total_records": 96}
{"batch_index": 11, "budget_used": 4432, "completed_records": 96, "event": "evaluation_batch_committed", "name": "C-S_sentinel", "total_records": 96}
{"event": "C-S_sentinel", "status": "completed", "completed_records": 96, "cumulative_generations": 4432, "disk_free_gib": 2.8936920166015625}
{"batch_index": 0, "budget_used": 4440, "completed_records": 8, "event": "evaluation_batch_committed", "name": "C-P_sentinel", "total_records": 96}
{"batch_index": 1, "budget_used": 4448, "completed_records": 16, "event": "evaluation_batch_committed", "name": "C-P_sentinel", "total_records": 96}
{"batch_index": 2, "budget_used": 4456, "completed_records": 24, "event": "evaluation_batch_committed", "name": "C-P_sentinel", "total_records": 96}
{"batch_index": 3, "budget_used": 4464, "completed_records": 32, "event": "evaluation_batch_committed", "name": "C-P_sentinel", "total_records": 96}
{"batch_index": 4, "budget_used": 4472, "completed_records": 40, "event": "evaluation_batch_committed", "name": "C-P_sentinel", "total_records": 96}
{"batch_index": 5, "budget_used": 4480, "completed_records": 48, "event": "evaluation_batch_committed", "name": "C-P_sentinel", "total_records": 96}
{"batch_index": 6, "budget_used": 4488, "completed_records": 56, "event": "evaluation_batch_committed", "name": "C-P_sentinel", "total_records": 96}
{"batch_index": 7, "budget_used": 4496, "completed_records": 64, "event": "evaluation_batch_committed", "name": "C-P_sentinel", "total_records": 96}
{"batch_index": 8, "budget_used": 4504, "completed_records": 72, "event": "evaluation_batch_committed", "name": "C-P_sentinel", "total_records": 96}
{"batch_index": 9, "budget_used": 4512, "completed_records": 80, "event": "evaluation_batch_committed", "name": "C-P_sentinel", "total_records": 96}
{"batch_index": 10, "budget_used": 4520, "completed_records": 88, "event": "evaluation_batch_committed", "name": "C-P_sentinel", "total_records": 96}
{"batch_index": 11, "budget_used": 4528, "completed_records": 96, "event": "evaluation_batch_committed", "name": "C-P_sentinel", "total_records": 96}
{"event": "C-P_sentinel", "status": "completed", "completed_records": 96, "cumulative_generations": 4528, "disk_free_gib": 2.8918533325195312}
{"batch_index": 0, "budget_used": 4536, "completed_records": 8, "event": "evaluation_batch_committed", "name": "B-S_sentinel", "total_records": 96}
{"batch_index": 1, "budget_used": 4544, "completed_records": 16, "event": "evaluation_batch_committed", "name": "B-S_sentinel", "total_records": 96}
{"batch_index": 2, "budget_used": 4552, "completed_records": 24, "event": "evaluation_batch_committed", "name": "B-S_sentinel", "total_records": 96}
{"batch_index": 3, "budget_used": 4560, "completed_records": 32, "event": "evaluation_batch_committed", "name": "B-S_sentinel", "total_records": 96}
{"batch_index": 4, "budget_used": 4568, "completed_records": 40, "event": "evaluation_batch_committed", "name": "B-S_sentinel", "total_records": 96}
{"batch_index": 5, "budget_used": 4576, "completed_records": 48, "event": "evaluation_batch_committed", "name": "B-S_sentinel", "total_records": 96}
{"batch_index": 6, "budget_used": 4584, "completed_records": 56, "event": "evaluation_batch_committed", "name": "B-S_sentinel", "total_records": 96}
{"batch_index": 7, "budget_used": 4592, "completed_records": 64, "event": "evaluation_batch_committed", "name": "B-S_sentinel", "total_records": 96}
{"batch_index": 8, "budget_used": 4600, "completed_records": 72, "event": "evaluation_batch_committed", "name": "B-S_sentinel", "total_records": 96}
{"batch_index": 9, "budget_used": 4608, "completed_records": 80, "event": "evaluation_batch_committed", "name": "B-S_sentinel", "total_records": 96}
{"batch_index": 10, "budget_used": 4616, "completed_records": 88, "event": "evaluation_batch_committed", "name": "B-S_sentinel", "total_records": 96}
{"batch_index": 11, "budget_used": 4624, "completed_records": 96, "event": "evaluation_batch_committed", "name": "B-S_sentinel", "total_records": 96}
{"event": "B-S_sentinel", "status": "completed", "completed_records": 96, "cumulative_generations": 4624, "disk_free_gib": 2.889995574951172}
{"batch_index": 0, "budget_used": 4632, "completed_records": 8, "event": "evaluation_batch_committed", "name": "B-P_sentinel", "total_records": 96}
{"batch_index": 1, "budget_used": 4640, "completed_records": 16, "event": "evaluation_batch_committed", "name": "B-P_sentinel", "total_records": 96}
{"batch_index": 2, "budget_used": 4648, "completed_records": 24, "event": "evaluation_batch_committed", "name": "B-P_sentinel", "total_records": 96}
{"batch_index": 3, "budget_used": 4656, "completed_records": 32, "event": "evaluation_batch_committed", "name": "B-P_sentinel", "total_records": 96}
{"batch_index": 4, "budget_used": 4664, "completed_records": 40, "event": "evaluation_batch_committed", "name": "B-P_sentinel", "total_records": 96}
{"batch_index": 5, "budget_used": 4672, "completed_records": 48, "event": "evaluation_batch_committed", "name": "B-P_sentinel", "total_records": 96}
{"batch_index": 6, "budget_used": 4680, "completed_records": 56, "event": "evaluation_batch_committed", "name": "B-P_sentinel", "total_records": 96}
{"batch_index": 7, "budget_used": 4688, "completed_records": 64, "event": "evaluation_batch_committed", "name": "B-P_sentinel", "total_records": 96}
{"batch_index": 8, "budget_used": 4696, "completed_records": 72, "event": "evaluation_batch_committed", "name": "B-P_sentinel", "total_records": 96}
{"batch_index": 9, "budget_used": 4704, "completed_records": 80, "event": "evaluation_batch_committed", "name": "B-P_sentinel", "total_records": 96}
{"batch_index": 10, "budget_used": 4712, "completed_records": 88, "event": "evaluation_batch_committed", "name": "B-P_sentinel", "total_records": 96}
{"batch_index": 11, "budget_used": 4720, "completed_records": 96, "event": "evaluation_batch_committed", "name": "B-P_sentinel", "total_records": 96}
{"event": "B-P_sentinel", "status": "completed", "completed_records": 96, "cumulative_generations": 4720, "disk_free_gib": 2.888141632080078}
{"batch_index": 0, "budget_used": 4728, "completed_records": 8, "event": "evaluation_batch_committed", "name": "C-S_train_diagnostic", "total_records": 16}
{"batch_index": 1, "budget_used": 4736, "completed_records": 16, "event": "evaluation_batch_committed", "name": "C-S_train_diagnostic", "total_records": 16}
{"event": "C-S_train_diagnostic", "status": "completed", "completed_records": 16, "cumulative_generations": 4736, "disk_free_gib": 2.887786865234375}
{"batch_index": 0, "budget_used": 4744, "completed_records": 8, "event": "evaluation_batch_committed", "name": "C-P_train_diagnostic", "total_records": 16}
{"batch_index": 1, "budget_used": 4752, "completed_records": 16, "event": "evaluation_batch_committed", "name": "C-P_train_diagnostic", "total_records": 16}
{"event": "C-P_train_diagnostic", "status": "completed", "completed_records": 16, "cumulative_generations": 4752, "disk_free_gib": 2.8873863220214844}
{"batch_index": 0, "budget_used": 4760, "completed_records": 8, "event": "evaluation_batch_committed", "name": "B-S_train_diagnostic", "total_records": 16}
{"batch_index": 1, "budget_used": 4768, "completed_records": 16, "event": "evaluation_batch_committed", "name": "B-S_train_diagnostic", "total_records": 16}
{"event": "B-S_train_diagnostic", "status": "completed", "completed_records": 16, "cumulative_generations": 4768, "disk_free_gib": 2.8869857788085938}
{"batch_index": 0, "budget_used": 4776, "completed_records": 8, "event": "evaluation_batch_committed", "name": "B-P_train_diagnostic", "total_records": 16}
{"batch_index": 1, "budget_used": 4784, "completed_records": 16, "event": "evaluation_batch_committed", "name": "B-P_train_diagnostic", "total_records": 16}
{"event": "B-P_train_diagnostic", "status": "completed", "completed_records": 16, "cumulative_generations": 4784, "disk_free_gib": 2.886585235595703}
